4400
          122.0857 0.4400
          123.2714 0.4300
          123.3571 0.4700
          123.4714 0.9100
          123.5572 0.1400
          125.5214 0.1000
          125.6357 0.9100
          125.7000 0.1000
          126.9214 0.1100
          126.9929 0.8300
          127.1357 0.0900
          128.9214 0.0800
          128.9714 0.9400
          129.0643 0.0700
          130.7643 0.0500
          130.8071 0.8500
          130.9929 0.0500
          132.7286 0.0900
          132.8071 0.8700
          132.8286 0.0700
          134.6000 0.0800
          134.6929 0.8700
          134.7571 0.0800
          136.2929 0.0800
          136.4000 0.8700
          136.5429 0.0600
          139.3000 0.0900
          139.4143 0.9400
          139.5285 0.0800
          142.4786 0.0100
          142.5500 0.8300
          142.6643 0.0400
          144.9143 0.1100
          144.9714 0.9000
          145.0357 0.1000
          145.4500 0.0500
          145.5072 0.8200
          145.5643 0.0500
          146.4572 0.0700
          146.5643 0.8000
          146.6071 0.0700
          147.4214 0.0600
          147.5072 0.7900
          147.5571 0.0700
          148.9214 0.0900
          148.9572 0.8100
          149.0786 0.0800
          150.1929 0.0600
          150.2429 0.7800
          150.6143 0.0600
          151.5072 0.0000
          151.5786 0.0000
          151.6500 0.6700
          152.0072 0.0000
          152.2429 0.0000
          152.3357 0.6400
          152.6143 0.0900
          153.0857 0.0700
          153.1643 0.6200
          153.2857 0.0700
          155.9000 0.0400
          155.9429 0.8200
          156.0714 0.0400
          157.3929 0.0400
          157.4429 0.7900
          157.5143 0.0400
          158.9500 0.1100
          159.1357 0.7700
          159.5143 0.0600
          161.3643 0.0500
          161.3929 0.7400
          161.5429 0.0400
          162.4000 0.0500
          162.4643 0.7400
          162.5929 0.0500
          164.6929 0.1000
          164.7643 0.7100
          164.8643 0.0800
          167.2072 0.0800
          167.2786 0.8400
          167.3500 0.1100
          168.6643 0.0700
          168.7072 0.7800
          168.8143 0.0400
          170.8143 0.0600
          170.9357 0.7900
          171.0214 0.0600
          172.7928 0.0000
          172.9286 0.0400
          172.9571 0.1304
          173.1357 0.9500
          174.8357 0.0100
          184.1786 0.0300
          184.3000 0.1500
          184.4143 0.9100
          185.8929 0.0500
          186.6928 0.0700
          186.7928 0.8300
          186.8428 0.0700
          188.2571 0.0800
          188.3071 0.8600
          188.3929 0.0600
          189.5857 0.0500
          189.7214 0.8600
          189.9357 0.0500
          191.5214 0.0600
          191.6143 0.8900
          191.7143 0.7200
          191.7929 0.1000
          193.1714 0.0500
          193.2214 0.8800
          193.3714 0.8500
          193.4643 0.0600
          194.0000 0.0400
          194.0571 0.9200
          194.1643 0.1000
          194.4214 0.0600
          194.5000 0.8800
          194.6643 0.0400
          196.0929 0.1800
          196.1429 0.9000
          196.2857 0.1600
          198.9072 0.1100
          198.9572 0.9000
          199.0714 0.0900
          199.5643 0.0800
          199.6643 0.8800
          199.7643 0.0600
          200.8571 0.0800
          200.9643 0.8400
          201.0714 0.0800
          202.4214 0.1100
          202.4786 0.7600
          202.5714 0.1000
          203.7357 0.0600
          203.8286 0.8200
          203.8643 0.0600
          205.6857 0.0500
          205.7714 0.7600
          205.8571 0.0400
          207.7357 0.1000
          207.7929 0.9100
          207.9500 0.0700
          211.5357 0.0900
          211.6214 0.8800
          211.7214 0.0600
          213.0929 0.0500
          213.1429 0.8700
          213.3000 0.0400
          214.9072 0.0700
          215.0072 0.8700
          215.1000 0.0700
          217.8786 0.0700
          217.9643 0.9000
          218.0143 0.0400
        }
        {
          29.8368 0.5000
          29.9225 0.5000
          30.0582 0.5000
          30.1297 0.5000
          30.7566 0.5000
          44.0982 0.5000
          44.1625 0.5000
          44.2482 0.5000
          44.2982 0.5000
          49.6234 0.5000
          49.6734 0.5000
          49.7592 0.5000
          49.7877 0.5000
          50.0020 0.5000
          50.0306 0.5000
          92.1452 0.5000
          92.1952 0.5000
          92.3024 0.5000
          92.3595 0.5000
          92.6024 0.5000
          92.6381 0.5000
          92.7167 0.5000
          92.7524 0.5000
          92.9238 0.5000
          92.9452 0.5000
          93.0881 0.5000
          102.0321 0.5000
          107.9500 0.5000
          107.9714 0.5000
          108.1857 0.5000
          108.2429 0.5000
          151.5072 0.5000
          151.5786 0.5000
          151.7429 0.5000
          152.2429 0.5000
          172.7928 0.5000
          172.9571 0.5000
        }
        "eyes_updown" range 30.0 -30.0 
        {
          29.8368 0.5000
          29.9225 0.5000
          30.0582 0.2600
          30.1297 0.2600
          30.4929 0.2900
          30.5714 0.3000
          30.7066 0.5000
          30.7566 0.5000
          44.0982 0.5000
          44.1625 0.5000
          44.2482 0.2900
          44.2982 0.2900
          44.6071 0.2800
          44.6643 0.2700
          44.7286 0.3700
          44.7643 0.3700
          44.9929 0.3700
          45.0571 0.3700
          45.1593 0.5000
          45.2379 0.5000
          49.6234 0.5000
          49.6734 0.5000
          49.7592 0.2500
          49.7877 0.2500
          50.0020 0.2502
          50.0306 0.2503
          50.2092 0.5000
          50.2306 0.5000
          92.1452 0.5000
          92.1952 0.5000
          92.3024 0.2500
          92.3595 0.2500
          92.6024 0.2505
          92.6381 0.2506
          92.7167 0.1400
          92.7524 0.1150
          92.9238 0.1374
          92.9452 0.1400
          93.0381 0.5000
          93.0881 0.5000
          101.9035 0.5000
          101.9463 0.5000
          102.0321 0.8200
          102.3143 0.6900
          102.4868 0.5000
          102.5225 0.5000
          107.9500 0.5000
          107.9714 0.5000
          108.1857 0.0700
          108.2429 0.0700
          108.7000 0.1100
          108.7429 0.1200
          108.8643 0.2700
          108.9071 0.2700
          109.3143 0.2900
          109.3786 0.3000
          109.5786 0.2600
          109.6286 0.2500
          110.1143 0.2500
          110.1714 0.2500
          110.3143 0.5000
          110.3572 0.5000
          118.9656 0.5000
          119.0227 0.5000
          119.1441 0.2200
          119.1941 0.2200
          119.4071 0.2200
          119.4714 0.2100
          119.5714 0.1400
          119.6214 0.1600
          119.9143 0.1600
          119.9643 0.1500
          120.0286 0.2700
          120.0928 0.2900
          120.2643 0.3100
          120.3286 0.3100
          120.4802 0.5000
          120.5731 0.5000
          121.8357 0.5000
          121.9286 0.5000
          122.0571 -0.0000
          123.3571 0.0400
          123.5643 0.5000
          123.6071 0.5000
          144.8500 0.5000
          144.8929 0.5000
          144.9786 -0.0000
          145.0357 -0.0000
          145.3357 0.1700
          145.3857 0.1700
          145.5000 0.5000
          145.5214 0.5000
          151.5072 0.5000
          151.5786 0.5000
          151.7429 0.8100
          152.0786 0.8400
          152.2429 0.6700
          152.4429 0.5000
          152.5000 0.5000
          172.6928 0.5000
          172.7643 0.5000
          172.9000 0.8100
          173.0643 0.9100
          173.1928 0.9000
          174.9643 0.5000
          175.1214 0.5000
          184.1552 0.5000
          184.2052 0.5000
          184.3123 0.6600
          184.6051 0.8900
          184.8643 0.0800
          186.2214 0.5000
          186.3000 0.5000
        }
        "eyes_rightleft" range 30.0 -30.0 
        {
          29.8368 0.5000
          29.9225 0.5000
          30.0582 0.6200
          30.1297 0.6200
          30.5214 0.6500
          30.5643 0.6400
          30.7066 0.5000
          30.7566 0.5000
          44.0982 0.5000
          44.1625 0.5000
          44.2482 0.3400
          44.2982 0.3400
          44.6643 0.3500
          44.7143 0.3400
          44.7929 0.2800
          44.8357 0.2800
          45.0286 0.3000
          45.0857 0.3000
          45.1593 0.5000
          45.2379 0.5000
          49.6234 0.5000
          49.6734 0.5000
          49.7592 0.3400
          49.7877 0.3400
          50.0020 0.3402
          50.0306 0.3402
          50.2092 0.5000
          50.2306 0.5000
          92.1452 0.5000
          92.1952 0.5000
          92.3024 0.3700
          92.3595 0.3700
          92.6024 0.3703
          92.6381 0.3703
          92.7167 0.3100
          92.7524 0.2964
          92.9238 0.3086
          92.9452 0.3100
          93.0381 0.5000
          93.0881 0.5000
          101.9035 0.5000
          101.9463 0.5000
          102.0321 0.4000
          102.3357 0.4000
          102.4868 0.5000
          102.5225 0.5000
          107.9500 0.5000
          107.9714 0.5000
          108.1857 0.6800
          108.2429 0.6800
          108.7071 0.6900
          108.7500 0.6800
          108.8786 0.5800
          108.9500 0.6000
          109.3500 0.6200
          109.4000 0.6200
          109.5786 0.7000
          109.6214 0.7000
          110.1429 0.7000
          110.1857 0.7000
          110.3143 0.5000
          110.3572 0.5000
          118.9656 0.5000
          119.0227 0.5000
          119.1441 0.6100
          119.1941 0.6100
          119.3500 0.6100
          119.4000 0.6300
          119.5643 0.7100
          119.6286 0.7100
          119.9357 0.7300
          119.9929 0.7300
          120.2571 0.6600
          120.3071 0.6600
          120.4071 0.6600
          120.4802 0.5000
          120.5731 0.5000
          121.6214 0.5000
          121.7143 0.5000
          121.8429 0.5000
          123.5643 0.5000
          144.8500 0.5000
          144.8929 0.5000
          144.9786 0.3700
          145.0357 0.3700
          145.3357 0.4400
          145.3857 0.4400
          145.5000 0.5000
          145.5214 0.5000
          151.5072 0.5000
          151.5786 0.5000
          151.7429 0.6900
          152.2429 0.3800
          152.4429 0.5000
          152.5000 0.5000
          172.6928 0.5000
          172.7643 0.5000
          172.9000 0.4900
          173.0643 0.6100
          173.1928 0.3600
          174.9643 0.5000
          175.1214 0.5000
          184.3194 0.5000
          184.3694 0.5000
          184.4765 0.6700
          184.6051 0.6700
          185.8143 0.6600
          186.2214 0.5000
          186.3000 0.5000
        }
        "head_rightleft" range 30.0 -30.0 
        {
          102.0321 0.5000
          108.0429 0.5000
          108.1001 0.5000
          108.8286 0.6200
          110.3786 0.6900
          110.8143 0.5000
          111.2286 0.5000
        }
        "head_updown" range 15.0 -15.0 
        {
          102.0321 0.5000
          108.0429 0.5000
          108.1001 0.5000
          108.8286 0.2700
          110.3786 0.1400
          110.8143 0.5000
          111.2286 0.5000
        }
        "head_tilt" range 15.0 -15.0 
        {
          102.0321 0.5000
          108.0429 0.5000
          108.1001 0.5000
          108.8286 0.7600
          110.3786 0.9100
          110.8143 0.5000
          111.2286 0.5000
        }
        "head_forwardback" range 0.2 -0.2 
        {
          102.0321 0.5000
          108.0429 0.5000
          108.1001 0.5000
          110.3786 0.5000
          110.8143 0.5000
          111.2286 0.5000
        }
      }
    }
    event flexanimation "eyes"
    {
      time 273.948730 312.538452
      param ""
      flexanimations samples_use_time defaultcurvetype=curve_catmullrom_normalize_x_to_curve_catmullrom_normalize_x
      {
        "lid_closer" combo 
        {
          6.3929 0.0000
          6.5429 0.9000
          6.6214 0.0200
          8.5000 0.0700
          8.5429 0.8400
          8.6357 0.0500
          11.0929 0.1000
          11.1571 0.8000
          11.3571 0.0500
          12.2714 0.0800
          12.3000 0.7600
          12.4071 0.0800
          15.8071 0.0700
          15.8929 0.8900
          16.0000 0.0700
          18.1500 0.1200
          18.2571 0.8200
          18.3214 0.0700
          20.8286 0.0800
          20.9214 0.9000
          20.9771 0.1237
          20.9857 0.0400
          21.1771 0.0000
          21.3699 0.0000
          21.5429 0.8400
          21.6143 0.0300
          22.9214 0.0500
          22.9786 0.7300
          23.0786 0.0500
          25.4786 0.0600
          25.5214 0.8700
          25.6071 0.0600
          26.8857 0.1000
          26.9357 0.8600
          27.0643 0.0700
          28.5714 0.0300
          28.6286 0.8800
          28.7857 0.0700
          30.3929 0.0600
          30.5286 0.9000
          30.5857 0.0400
        }
        {
          6.3929 0.5000
          20.9771 0.5000
          21.1771 0.5000
          21.3699 0.5000
        }
        "head_rightleft" range 30.0 -30.0 
        {
          11.0797 0.5000
          11.1725 0.5000
          11.5423 0.5000
          11.9352 0.5000
          12.5834 0.5000
          12.6548 0.5000
          20.9771 0.5000
          21.1771 0.5000
          21.3699 0.5000
        }
        "head_updown" range 15.0 -15.0 
        {
          11.0797 0.5000
          11.1725 0.5000
          11.5423 0.8200
          11.9352 0.2500
          12.1929 0.2100
          12.5834 0.5000
          12.6548 0.5000
          20.9771 0.5000
          21.1771 0.5000
          21.3699 0.5000
        }
        "head_tilt" range 15.0 -15.0 
        {
          11.0797 0.5000
          11.1725 0.5000
          11.5423 0.3310
          11.9352 0.1500
          12.1929 0.2000
          12.5834 0.5000
          12.6548 0.5000
          20.9771 0.5000
          21.1771 0.5000
          21.3699 0.5000
        }
        "eyes_updown" range 30.0 -30.0 
        {
          20.7485 0.5000
          20.7985 0.5000
          20.9771 1.0000
          21.1771 1.0000
          21.3699 -0.0000
          21.6342 0.5000
          21.6842 0.5000
        }
        "eyes_rightleft" range 30.0 -30.0 
        {
          20.7485 0.5000
          20.7985 0.5000
          20.9771 0.7200
          21.1771 -0.0000
          21.3699 0.3200
          21.6342 0.5000
          21.6842 0.5000
        }
        "head_forwardback" range 0.2 -0.2 
        {
          11.0797 0.5000
          11.1725 0.5000
          11.5423 0.5000
          11.9352 0.5000
          12.5834 0.5000
          12.6548 0.5000
          20.9771 0.5000
          21.1771 0.5000
          21.3699 0.5000
        }
      }
    }
  }
  channel "Trigger"
  {
    event firetrigger "2 - open exit door"
    {
      time 282.189575 -1.000000
      param "2"
    }
    event firetrigger "3. alyx gives tea"
    {
      time 283.936676 -1.000000
      param "3"
    }
    event firetrigger "4 - eli collaspes"
    {
      time 184.235458 -1.000000
      param "4"
    }
    event firetrigger "6 - show borealis"
    {
      time 39.044640 -1.000000
      param "6"
    }
    event generic "AI_HOLSTER to "
    {
      time -0.020515 0.479487
      param "AI_HOLSTER"
    }
    event firetrigger "5 - pause, wait for player"
    {
      time 37.041668 -1.000000
      param "5"
    }
    event firetrigger "14_gman"
    {
      time 171.845245 -1.000000
      param "14"
    }
  }
  channel "temp"
  {
    event firetrigger "8 - alyx_comfort"
    {
      time 142.521988 -1.000000
      param "8"
    }
    event firetrigger "10_hitdesk"
    {
      time 189.971649 -1.000000
      param "10"
    }
    event sequence "NULL"
    {
      time 287.940765 313.044922
      param "SS_give_tea_postI_hands"
      event_ramp
      {
        0.3727 0.4488
        0.5909 0.7805
        0.8500 0.9805
        25.1042 1.0000
      }
      playoverscript
    }
    event generic "AI_BLINK to "
    {
      time 19.564102 310.000000
      param "AI_BLINK"
    }
  }
  faceposermodel "P:\dev\ValveGames\main\game\ep2\models\alyx.mdl"
}

actor "Eli"
{
  channel "audio"
  {
    event speak "whatsay"
    {
      time 184.247253 186.438629
      param "ep_02.eli_silo_whatsay"
      fixedlength
      cctype "cc_master"
      cctoken ""
    }
    event speak "eli_silo_fineinaminute01"
    {
      time 193.579102 195.100006
      param "ep_02.eli_silo_fineinaminute01"
      param2 ".15"
      fixedlength
      cctype "cc_master"
      cctoken ""
    }
    event speak "eli_silo_fineinaminute02"
    {
      time 195.387695 196.392319
      param "ep_02.eli_silo_fineinaminute02"
      fixedlength
      cctype "cc_master"
      cctoken ""
    }
    event speak "eli_silo_dofavor01"
    {
      time 202.015839 202.772659
      param "ep_02.eli_silo_dofavor01"
      param2 "0.15"
      fixedlength
      cctype "cc_master"
      cctoken ""
    }
    event speak "thankyou01"
    {
      time 215.540909 216.330383
      param "ep_02.eli_silo_thankyou01"
      param2 "0.13"
      fixedlength
      cctype "cc_master"
      cctoken ""
    }
    event speak "neverlether"
    {
      time 27.660259 29.782934
      param "ep_02.eli_silo_neverlether"
      param2 "0.8"
      fixedlength
      cctype "cc_master"
      cctoken ""
    }
    event speak "talk03"
    {
      time 226.576157 230.096161
      param "ep_02.eli_silo_talk03"
      param2 ".58"
      fixedlength
      cctype "cc_master"
      cctoken ""
    }
    event speak "talk04"
    {
      time 230.567108 233.059784
      param "ep_02.eli_silo_talk04"
      param2 "0.50"
      fixedlength
      cctype "cc_master"
      cctoken ""
    }
    event speak "talk05"
    {
      time 233.516251 235.569580
      param "ep_02.eli_silo_talk05"
      param2 "0.450"
      fixedlength
      cctype "cc_master"
      cctoken ""
    }
    event speak "talk07"
    {
      time 239.643967 241.534653
      param "ep_02.eli_silo_talk07"
      param2 "0.350"
      fixedlength
      cctype "cc_master"
      cctoken ""
    }
    event speak "talk08"
    {
      time 243.470657 246.281342
      param "ep_02.eli_silo_talk08"
      param2 "0.5"
      fixedlength
      cctype "cc_master"
      cctoken ""
    }
    event speak "talk09"
    {
      time 247.309647 249.714996
      param "ep_02.eli_silo_talk09"
      param2 "0.50"
      fixedlength
      cctype "cc_master"
      cctoken ""
    }
    event speak "talk10"
    {
      time 249.821213 250.685226
      param "ep_02.eli_silo_talk10"
      param2 "0.4"
      fixedlength
      cctype "cc_master"
      cctoken ""
    }
    event speak "talk11"
    {
      time 251.385361 253.730026
      param "ep_02.eli_silo_talk11"
      param2 "0.55"
      fixedlength
      cctype "cc_master"
      cctoken ""
    }
    event speak "talk12"
    {
      time 254.517242 255.730576
      param "ep_02.eli_silo_talk12"
      param2 "0.550"
      fixedlength
      cctype "cc_master"
      cctoken ""
    }
    event speak "talk13"
    {
      time 255.877213 257.975891
      param "ep_02.eli_silo_talk13"
      param2 "0.670"
      fixedlength
      cctype "cc_master"
      cctoken ""
    }
    event speak "talk14"
    {
      time 258.276154 260.050812
      param "ep_02.eli_silo_talk14"
      param2 "0.550"
      fixedlength
      cctype "cc_master"
      cctoken ""
    }
    event speak "talk15"
    {
      time 260.326324 262.632996
      param "ep_02.eli_silo_talk15"
      param2 "0.35"
      fixedlength
      cctype "cc_master"
      cctoken ""
    }
    event speak "talk01"
    {
      time 221.763992 224.990662
      param "ep_02.eli_silo_talk01"
      fixedlength
      cctype "cc_master"
      cctoken ""
    }
    event speak "eli_silo_dofavor02"
    {
      time 202.701691 208.065506
      param "ep_02.eli_silo_dofavor02"
      param2 "0.55"
      fixedlength
      cctype "cc_master"
      cctoken ""
    }
    event speak "eli_silo_fineinaminute03"
    {
      time 196.662048 197.973969
      param "ep_02.eli_silo_fineinaminute03"
      fixedlength
      cctype "cc_master"
      cctoken ""
    }
    event speak "fineinaminute05"
    {
      time 199.388550 200.836899
      param "ep_02.eli_silo_fineinaminute05"
      param2 "0.2"
      fixedlength
      cctype "cc_master"
      cctoken ""
    }
    event speak "fineinaminute04"
    {
      time 198.111359 199.333313
      param "ep_02.eli_silo_fineinaminute04"
      fixedlength
      cctype "cc_master"
      cctoken ""
    }
    event speak "dofavor03"
    {
      time 208.664795 211.288651
      param "ep_02.eli_silo_dofavor03"
      param2 "0.55"
      fixedlength
      cctype "cc_master"
      cctoken ""
    }
    event speak "dofavor04"
    {
      time 211.419373 213.398880
      param "ep_02.eli_silo_dofavor04"
      param2 "0.11"
      fixedlength
      cctype "cc_master"
      cctoken ""
    }
    event speak "thankyou02"
    {
      time 218.494461 219.249115
      param "ep_02.eli_silo_thankyou02"
      param2 "0.5"
      fixedlength
      cctype "cc_master"
      cctoken ""
    }
    event speak "thankyou04"
    {
      time 216.322037 218.286850
      param "ep_02.eli_silo_thankyou04"
      param2 "0.50"
      fixedlength
      cctype "cc_master"
      cctoken ""
    }
    event speak "eli_silo_fineinaminute01"
    {
      time 186.346649 187.867554
      param "ep_02.eli_silo_fineinaminute01"
      param2 ".15"
      fixedlength
      cctype "cc_master"
      cctoken ""
    }
    event speak "happeningagain01"
    {
      time 169.474167 170.498184
      param "ep_02.eli_silo_happeningagain01"
      param2 "0.4"
      fixedlength
      cctype "cc_master"
      cctoken ""
    }
    event speak "uh"
    {
      time 284.724487 285.819153
      param "ep_02.eli_silo_uh"
      param2 "0.5"
      fixedlength
      cctype "cc_master"
      cctoken ""
    }
    event speak "goodgod"
    {
      time 44.340427 46.631107
      param "ep_02.eli_silo_goodgod"
      param2 "0.750"
      fixedlength
      cctype "cc_master"
      cctoken ""
    }
    event speak "useit01"
    {
      time 86.586723 87.415405
      param "ep_02.eli_silo_useit01"
      param2 "0.85"
      fixedlength
      cctype "cc_master"
      cctoken ""
    }
    event speak "lostforever"
    {
      time 79.789703 81.509705
      param "ep_02.eli_silo_lostforever"
      param2 "0.800"
      fixedlength
      cctype "cc_master"
      cctoken ""
    }
    event speak "stillalive01"
    {
      time 113.761513 116.462852
      param "ep_02.eli_silo_stillalive01"
      param2 "0.450"
      fixedlength
      cctype "cc_master"
      cctoken ""
    }
    event speak "extracther01"
    {
      time 126.027267 127.851280
      param "ep_02.eli_silo_extracther01"
      param2 "0.80"
      fixedlength
      cctype "cc_master"
      cctoken ""
    }
    event speak "extracther02"
    {
      time 128.108551 129.571228
      param "ep_02.eli_silo_extracther02"
      param2 "0.80"
      fixedlength
      cctype "cc_master"
      cctoken ""
    }
    event speak "nocontrol01"
    {
      time 94.863541 97.332886
      param "ep_02.eli_silo_nocontrol01"
      param2 "0.85"
      fixedlength
      cctype "cc_master"
      cctoken ""
    }
    event speak "nocontrol02"
    {
      time 97.845016 100.410370
      param "ep_02.eli_silo_nocontrol02"
      param2 "0.85"
      fixedlength
      cctype "cc_master"
      cctoken ""
    }
    event speak "stillalive02"
    {
      time 117.522217 119.490219
      param "ep_02.eli_silo_stillalive02"
      param2 "0.350"
      fixedlength
      cctype "cc_master"
      cctoken ""
    }
    event speak "stillalive03"
    {
      time 119.861313 122.055984
      param "ep_02.eli_silo_stillalive03"
      param2 "0.600"
      fixedlength
      cctype "cc_master"
      cctoken ""
    }
    event speak "happeningagain02"
    {
      time 171.175980 174.994659
      param "ep_02.eli_silo_happeningagain02"
      param2 "0.35"
      fixedlength
      cctype "cc_master"
      cctoken ""
    }
    event speak "ohalyx"
    {
      time 277.888702 279.002045
      param "ep_02.eli_silo_ohalyx"
      param2 "0.62"
      fixedlength
      cctype "cc_master"
      cctoken ""
    }
    event speak "happeningagain03"
    {
      time 175.378006 177.242020
      param "ep_02.eli_silo_happeningagain03"
      param2 "0.4"
      fixedlength
      cctype "cc_master"
      cctoken ""
    }
    event speak "talk19"
    {
      time 274.673126 277.417145
      param "ep_02.eli_silo_talk19"
      param2 "0.45"
      fixedlength
      cctype "cc_master"
      cctoken ""
    }
    event speak "useit02"
    {
      time 87.660805 89.860802
      param "ep_02.eli_silo_useit02"
      param2 "0.85"
      fixedlength
      cctype "cc_master"
      cctoken ""
    }
    event speak "stillalive04"
    {
      time 122.379822 124.406487
      param "ep_02.eli_silo_stillalive04"
      param2 "0.700"
      fixedlength
      cctype "cc_master"
      cctoken ""
    }
    event speak "talk02"
    {
      time 225.356583 226.183243
      param "ep_02.eli_silo_talk02"
      param2 "0.300"
      fixedlength
      cctype "cc_master"
      cctoken ""
    }
    event speak "talk16"
    {
      time 263.122620 269.066620
      param "ep_02.eli_silo_talk16"
      param2 "0.52"
      fixedlength
      cctype "cc_master"
      cctoken ""
    }
    event speak "talk17"
    {
      time 269.659698 270.931702
      param "ep_02.eli_silo_talk17"
      param2 "0.500"
      fixedlength
      cctype "cc_master"
      cctoken ""
    }
    event speak "talk18"
    {
      time 270.881897 274.188568
      param "ep_02.eli_silo_talk18"
      param2 "0.4"
      fixedlength
      cctype "cc_master"
      cctoken ""
    }
    event speak "itsallrighthoney"
    {
      time 299.020782 300.134125
      param "ep_02.eli_silo_itsallrighthoney"
      param2 "0.350"
      fixedlength
      cctype "cc_master"
      cctoken ""
    }
    event speak "talk06"
    {
      time 236.458771 238.844116
      param "ep_02.eli_silo_talk06"
      param2 "0.350"
      fixedlength
      cctype "cc_master"
      cctoken ""
    }
    event speak "welltalklater"
    {
      time 306.500458 310.057800
      param "ep_02.eli_silo_welltalklater"
      param2 ".45"
      fixedlength
      cctype "cc_master"
      cctoken ""
    }
  }
  channel "look at"
  {
    event lookat "alyx"
    {
      time 195.325897 216.715729
      param "alyx"
      event_ramp
      {
        0.5933 0.6847
        1.0118 0.9404
        1.7133 1.0000
        2.8533 1.0000
        19.9916 0.9932
        20.5649 0.9390
        20.9947 0.7796
        21.1782 0.5763
      }
    }
    event lookat "!player"
    {
      time 225.071350 233.746170
      param "!player"
      event_ramp
      {
        0.3867 0.1568
        0.6133 0.2788
        0.9882 0.3419
        1.5133 0.3605
        7.4157 0.3561
        7.6557 0.3463
        7.7981 0.3395
        8.2171 0.2603
        8.4381 0.1397
      }
    }
    event lookat "alyx"
    {
      time 277.065613 285.098328
      param "alyx"
      event_ramp
      {
        0.3933 0.3305
        0.6933 0.7161
        1.1000 0.9366
        1.6000 0.9951
        6.5153 0.9966
        6.8153 0.9525
        7.3747 0.6521
        7.8887 0.1186
      }
    }
    event lookat "!player"
    {
      time 244.173172 246.467361
      param "!player"
      event_ramp
      {
        0.2600 0.1017
        0.6000 0.3525
        0.7333 0.4373
        1.3840 0.5009
        1.8365 0.4440
        2.0690 0.2915
      }
    }
    event lookat "mark_look_mossmanmonitor_1"
    {
      time 0.351027 28.789137
      param "mark_look_mossmanmonitor_1"
      event_ramp
      {
        0.9882 1.0000
        27.0910 1.0000
        27.5063 0.9220
        27.8679 0.5707
        28.2833 0.0780
      }
    }
    event lookat "alyx"
    {
      time 183.586731 186.249954
      param "alyx"
      event_ramp
      {
        0.1129 0.0858
        0.3187 0.6263
        0.6000 0.8923
        0.8378 0.9173
        1.7500 0.9128
        1.9750 0.8410
        2.1794 0.5973
        2.3096 0.2403
        2.4500 0.0718
        2.5796 0.0564
        2.6632 0.0000
      }
    }
    event lookat "magnusson"
    {
      time 287.080292 298.662079
      param "magnusson"
      event_ramp
      {
        0.4889 0.2585
        0.7889 0.5512
        1.1778 0.8012
        1.8444 0.9707
        2.4667 1.0000
        9.8630 1.0000
        10.4963 0.9317
        11.0372 0.6526
        11.3074 0.2488
      }
    }
    event lookat "mark_famphoto"
    {
      time 171.867813 175.295349
      param "mark_famphoto"
      event_ramp
      {
        0.3625 0.2488
        0.6090 0.4099
        0.9875 0.4872
        1.9795 0.4951
        2.6901 0.4732
        2.9958 0.3936
        3.1625 0.2585
      }
    }
    event lookat "kleiner"
    {
      time 33.968182 38.298729
      param "kleiner"
      event_ramp
      {
        0.1792 0.1756
        0.5190 0.6698
        0.9269 0.9328
        1.3133 0.9902
        3.3042 1.0000
        3.5875 1.0000
        3.8084 0.9317
        3.9782 0.7422
        4.1250 0.4049
        4.2417 0.1220
      }
    }
    event lookat "kleiner"
    {
      time 79.074409 95.251465
      param "kleiner"
      event_ramp
      {
        0.0850 0.0554
        0.2422 0.2051
        0.3826 0.3034
        0.5779 0.3409
        0.8565 0.3555
        1.0045 0.3559
        15.2894 0.4009
        15.4131 0.4005
        15.6068 0.3574
        15.8560 0.2562
        15.9774 0.1575
      }
    }
    event lookat "!player"
    {
      time 268.745789 278.041443
      param "!player"
      event_ramp
      {
        0.3444 0.1032
        0.7660 0.3573
        1.1755 0.4678
        1.6134 0.4878
        2.4333 0.4878
        4.7000 0.5179
        5.4417 0.5179
        7.8313 0.4732
        8.2202 0.4780
        8.5881 0.4337
        8.8379 0.3169
        9.1148 0.0776
      }
    }
    event lookat "mark_famphoto"
    {
      time 255.116150 256.643799
      param "mark_famphoto"
      event_ramp
      {
        0.2708 0.1026
        0.4000 0.1026
        0.6417 0.1026
        0.8401 0.1026
        0.8564 0.1026
        1.0699 0.1026
        1.2356 0.1026
        1.3773 0.1026
      }
    }
    event lookat "!player"
    {
      time 215.686386 218.854401
      param "!player"
      event_ramp
      {
        0.5933 0.6847
        1.0118 0.9404
        1.4200 1.0000
        1.6097 1.0000
        2.0965 1.0000
        2.6026 0.9085
        2.7729 0.7796
        2.9564 0.4916
      }
    }
    event lookat "alyx"
    {
      time 218.239761 219.922653
      param "alyx"
      event_ramp
      {
        0.4227 0.4923
        0.5933 0.7565
        0.7636 0.8667
        1.1150 0.8974
        1.2878 0.7796
        1.4394 0.4916
      }
    }
    event lookat "!self"
    {
      time 219.403763 225.699173
      param "!self"
      event_ramp
      {
        0.3867 0.5763
        0.6133 0.8203
        0.9882 0.9517
        1.5133 0.9898
        5.4187 0.9932
        5.8377 0.8847
        6.0587 0.6373
      }
    }
    event lookat "!player"
    {
      time 236.490723 242.111069
      param "!player"
      event_ramp
      {
        0.2867 0.1812
        0.5066 0.3202
        0.7267 0.4121
        0.9149 0.4516
        1.2067 0.4755
        4.3580 0.4897
        4.7436 0.4785
        4.9342 0.4463
        5.1626 0.3627
        5.3836 0.1593
      }
    }
    event lookat "!self"
    {
      time 233.150772 237.286026
      param "!self"
      event_ramp
      {
        0.3867 0.5763
        0.6133 0.8203
        0.9882 0.9517
        1.5133 0.9898
        3.2584 0.9932
        3.6774 0.8847
        3.8984 0.6373
      }
    }
    event lookat "!self"
    {
      time 58.439232 63.790611
      param "!self"
      event_ramp
      {
        0.1953 0.4488
        0.3256 0.6976
        0.5190 0.9025
        0.7488 0.9756
        1.0419 1.0000
        4.8151 1.0000
        4.9990 0.9081
        5.1500 0.6488
        5.2291 0.4146
      }
    }
    event lookat "mark_look_mossmanmonitor_5"
    {
      time 116.425987 119.250343
      param "mark_look_mossmanmonitor_5"
      event_ramp
      {
        0.2444 0.2393
        0.5222 0.5837
        0.7000 0.7149
        1.0993 0.7967
        1.8481 0.7967
        2.3108 0.6677
        2.6330 0.3073
      }
    }
    event lookat "kleiner"
    {
      time 111.566360 117.290756
      param "kleiner"
      event_ramp
      {
        0.1907 0.2393
        0.4480 0.6562
        0.7372 0.9020
        1.1089 1.0000
        4.6815 0.9951
        5.0311 0.8983
        5.4247 0.4720
        5.6220 0.1287
      }
    }
    event lookat "alyx"
    {
      time 119.585220 122.634048
      param "alyx"
      event_ramp
      {
        0.6762 0.9331
        2.3298 0.9610
      }
    }
    event lookat "!self"
    {
      time 123.234253 126.552368
      param "!self"
      event_ramp
      {
        0.4667 0.5610
        0.6222 0.7854
        0.8333 0.9366
        0.9882 1.0000
        2.3863 1.0000
        2.5991 0.9415
        2.7546 0.8098
        2.9546 0.4878
      }
    }
    event lookat "mark_look_mossmanmonitor_2"
    {
      time 118.585083 120.269188
      param "mark_look_mossmanmonitor_2"
      event_ramp
      {
        0.2389 0.2336
        0.4318 0.5357
        0.5227 0.6036
        0.7182 0.6351
        1.0127 0.6333
        1.1944 0.5683
        1.4677 0.2284
      }
    }
    event lookat "!self"
    {
      time 241.685196 244.665741
      param "!self"
      event_ramp
      {
        0.3867 0.5763
        0.6133 0.8203
        0.9882 0.9517
        1.5133 0.9898
        2.1039 0.9932
        2.5229 0.8847
        2.7439 0.6373
      }
    }
    event lookat "!self"
    {
      time 255.868301 268.415222
      param "!self"
      event_ramp
      {
        0.3867 0.5763
        0.6133 0.8203
        0.9882 0.9517
        1.5133 0.9898
        11.2534 0.9932
        11.5063 0.9659
        11.7474 0.8506
        12.0767 0.4373
      }
    }
    event lookat "!self"
    {
      time 248.067017 254.503311
      param "!self"
      event_ramp
      {
        0.3867 0.5763
        0.6133 0.8203
        0.9882 0.9517
        5.0364 0.9898
        5.5596 0.9932
        5.9786 0.8847
        6.1996 0.6373
      }
    }
    event lookat "!player"
    {
      time 121.679657 124.217392
      param "!player"
      event_ramp
      {
        0.6762 0.9331
        1.8187 0.9610
      }
    }
    event lookat "mark_look_mossmanmonitor_5"
    {
      time 37.584312 40.678226
      param "mark_look_mossmanmonitor_5"
      event_ramp
      {
        0.1981 0.3805
        0.3673 0.6878
        0.5692 0.9024
        0.8359 1.0000
        2.3289 1.0000
        2.6400 0.9073
        2.7812 0.6927
        2.9678 0.2049
      }
    }
    event lookat "mark_look_mossmanmonitor_1"
    {
      time 41.468418 44.127083
      param "mark_look_mossmanmonitor_1"
      event_ramp
      {
        0.0861 0.0976
        0.2624 0.5268
        0.4474 0.8683
        0.7541 1.0000
        2.0408 1.0000
        2.1903 0.9317
        2.3093 0.7122
        2.4172 0.3951
        2.5795 0.0829
      }
    }
    event lookat "mark_look_mossmanmonitor_4"
    {
      time 39.923843 42.017357
      param "mark_look_mossmanmonitor_4"
      event_ramp
      {
        0.1615 0.4244
        0.2955 0.7512
        0.4221 0.9122
        0.7757 1.0000
        1.4076 1.0000
        1.6279 0.8829
        1.8910 0.3073
        1.9944 0.0878
      }
    }
    event lookat "mark_look_mossmanmonitor_2"
    {
      time 43.556419 45.879101
      param "mark_look_mossmanmonitor_2"
      event_ramp
      {
        0.2010 0.4244
        0.3234 0.7512
        0.4547 0.9122
        0.9882 1.0000
        1.5802 1.0000
        1.7992 0.8682
        1.9999 0.4683
        2.1585 0.1463
      }
    }
    event lookat "self"
    {
      time 46.693325 50.715412
      param "!self"
      event_ramp
      {
        0.1260 0.0830
        0.3070 0.2586
        0.4255 0.3951
        0.5340 0.4780
        0.7000 0.5122
        3.2619 0.4927
        3.3718 0.4780
        3.5838 0.3512
        3.7985 0.1317
        3.8835 0.0536
      }
    }
    event lookat "!self"
    {
      time 45.376152 47.180649
      param "!self"
      event_ramp
      {
        0.0861 0.0830
        0.3374 0.5268
        0.5099 0.8683
        0.8125 1.0000
        1.1461 1.0000
        1.2956 0.9317
        1.4542 0.7122
        1.5744 0.3951
        1.7254 0.0829
      }
    }
    event lookat "!self"
    {
      time 65.265617 79.805481
      param "!self"
      event_ramp
      {
        0.1953 0.4488
        0.3256 0.6976
        0.5190 0.9025
        0.7488 0.9756
        1.0419 1.0000
        14.0035 1.0000
        14.1874 0.9081
        14.3384 0.6488
        14.4175 0.4146
      }
    }
    event lookat "mark_look_mossmanmonitor_5"
    {
      time 50.034599 52.791805
      param "mark_look_mossmanmonitor_5"
      event_ramp
      {
        0.2010 0.1903
        0.4653 0.7171
        0.6338 0.9122
        0.8673 1.0000
        2.1069 1.0000
        2.3189 0.8536
        2.4919 0.4683
        2.6186 0.1463
      }
    }
    event lookat "kleiner"
    {
      time 125.657181 128.543167
      param "kleiner"
      event_ramp
      {
        0.1907 0.4195
        0.3116 0.7463
        0.5190 0.9561
        0.6953 1.0000
        2.3022 0.9951
        2.5336 0.8983
        2.7045 0.4585
        2.7836 0.2098
      }
    }
    event lookat "!player"
    {
      time 128.029861 130.109818
      param "!player"
      event_ramp
      {
        0.1907 0.2451
        0.3116 0.5412
        0.5190 0.8382
        1.0203 1.0000
        1.1795 0.9951
        1.6359 0.7701
        1.7735 0.4585
        1.8693 0.1688
      }
    }
    event lookat "!self"
    {
      time 129.596542 131.920090
      param "!self"
      event_ramp
      {
        0.2240 0.1887
        0.4033 0.3668
        0.6107 0.5048
        0.7870 0.5487
        1.6481 0.5438
        1.8879 0.4470
        2.0671 0.2482
        2.1962 0.0816
      }
    }
    event lookat "!self"
    {
      time 132.559479 136.751785
      param "!self"
      event_ramp
      {
        0.1907 0.4195
        0.3116 0.7463
        0.5190 0.9561
        0.6953 1.0000
        3.6084 0.9951
        3.8398 0.8983
        4.0107 0.4585
        4.0898 0.2098
      }
    }
    event lookat "kleiner"
    {
      time 141.555328 143.151947
      param "kleiner"
      event_ramp
      {
        0.1907 0.4195
        0.3116 0.7463
        0.5190 0.9561
        0.6953 1.0000
        1.0128 0.9951
        1.2442 0.8983
        1.4151 0.4585
        1.4942 0.2098
      }
    }
    event lookat "kleiner"
    {
      time 94.449409 103.638367
      param "kleiner"
      event_ramp
      {
        0.5190 0.0488
        8.8366 0.0349
      }
    }
    event lookat "mark_BMphoto"
    {
      time 55.935249 59.136490
      param "!self"
      event_ramp
      {
        0.1721 0.2146
        0.4140 0.7024
        0.6762 0.9331
        0.9535 0.9756
        2.2388 0.9951
        2.4821 0.9171
        2.6760 0.7268
        2.9620 0.2146
        3.1202 0.0293
      }
    }
    event lookat "!self"
    {
      time 28.044987 30.459063
      param "!self"
      event_ramp
      {
        0.1953 0.4488
        0.3256 0.6976
        0.5190 0.9025
        0.7488 0.9756
        1.0419 1.0000
        1.5450 1.0000
        1.7299 0.9712
        2.0354 0.7389
        2.2145 0.3831
      }
    }
    event lookat "!player"
    {
      time 131.428497 133.126495
      param "!player"
      event_ramp
      {
        0.2834 0.1646
        0.4778 0.3192
        0.6762 0.3908
        0.9790 0.4187
        1.2436 0.3497
        1.3992 0.2084
      }
    }
    event lookat "!self"
    {
      time 160.603333 164.602036
      param "!self"
      event_ramp
      {
        0.3867 0.5763
        0.6133 0.8203
        0.9882 0.9517
        1.5133 0.9898
        3.1219 0.9932
        3.5409 0.8847
        3.7619 0.6373
      }
    }
    event lookat "!self"
    {
      time 174.508423 177.875168
      param "!self"
      event_ramp
      {
        0.3867 0.5763
        0.6133 0.8203
        0.9882 0.9517
        1.5133 0.9898
        2.4900 0.9932
        2.9090 0.8847
        3.1300 0.6373
      }
    }
    event lookat "mark_look_mossmanmonitor_3"
    {
      time 158.559448 161.289871
      param "mark_look_mossmanmonitor_3"
      event_ramp
      {
        0.1907 0.4195
        0.3116 0.7463
        0.5190 0.9561
        0.6953 1.0000
        1.6965 0.9951
        2.0643 0.8938
        2.3806 0.4585
        2.5734 0.1603
      }
    }
    event lookat "speaker_kleiner_1"
    {
      time 150.158157 154.066132
      param "speaker_kleiner_1"
      event_ramp
      {
        0.9882 1.0000
        2.9761 1.0000
      }
    }
    event lookat "alyx"
    {
      time 142.606812 150.803772
      param "alyx"
      event_ramp
      {
        1.0545 0.0045
        1.2387 0.0404
        1.4083 0.0585
        1.6625 0.0732
        1.8792 0.0683
        7.8481 0.0780
        7.9273 0.0780
        8.0361 0.0586
      }
    }
    event lookat "!self"
    {
      time 185.550095 190.449249
      param "!self"
      event_ramp
      {
        0.3731 0.3250
        0.6633 0.7485
        0.9109 0.9261
        1.3860 0.9898
        3.8091 1.0000
        4.1270 0.9214
        4.4414 0.5309
        4.7852 0.0886
      }
    }
    event lookat "mark_look_mossmanmonitor_3"
    {
      time 181.517792 183.450821
      param "mark_look_mossmanmonitor_3"
      event_ramp
      {
        0.1907 0.0718
        0.3116 0.0718
        0.5190 0.0718
        0.6953 0.0718
        1.3491 0.0718
        1.5805 0.0718
        1.7514 0.0718
        1.8305 0.0718
      }
    }
    event lookat "!self"
    {
      time 52.111851 56.478111
      param "!self"
      event_ramp
      {
        0.1953 0.4488
        0.3256 0.6976
        0.5190 0.9025
        0.7488 0.9756
        1.0419 1.0000
        3.8299 1.0000
        4.0138 0.9081
        4.1648 0.6488
        4.2439 0.4146
      }
    }
    event lookat "mark_BMphoto"
    {
      time 63.039417 66.240654
      param "!self"
      event_ramp
      {
        0.1721 0.2146
        0.4140 0.7024
        0.6762 0.9331
        0.9535 0.9756
        2.2388 0.9951
        2.4821 0.9171
        2.6760 0.7268
        2.9620 0.2146
        3.1202 0.0293
      }
    }
    event lookat "alyx"
    {
      time 297.617340 301.450043
      param "alyx"
      event_ramp
      {
        0.3933 0.4915
        0.6933 0.8576
        1.1000 1.0000
        2.3153 0.9966
        2.6153 0.9525
        3.1747 0.6521
        3.6887 0.1186
      }
    }
    event lookat "magnusson"
    {
      time 300.054382 306.862091
      param "magnusson"
      event_ramp
      {
        1.1000 0.9671
        6.2631 0.9843
      }
    }
    event lookat "!player"
    {
      time 284.562103 286.693146
      param "!player"
      event_ramp
      {
        0.3444 0.1032
        0.7660 0.3573
        1.1755 0.4678
        1.2377 0.4683
        1.4235 0.4337
        1.6733 0.3169
        1.9502 0.0776
      }
    }
    event lookat "alyx"
    {
      time 285.728760 288.348694
      param "alyx"
      event_ramp
      {
        0.3444 0.1032
        0.7660 0.3573
        1.1755 0.4678
        1.7266 0.4683
        1.9124 0.4337
        2.1622 0.3169
        2.4391 0.0776
      }
    }
    event lookat "!player"
    {
      time 305.884003 311.350037
      param "!player"
      event_ramp
      {
        0.3933 0.3305
        0.6933 0.7161
        1.1000 0.9366
        1.6000 0.9951
        3.9486 0.9966
        4.4042 0.9281
        4.8080 0.7058
        5.2776 0.1186
      }
    }
    event lookat "alyx"
    {
      time 310.117340 312.883392
      param "alyx"
      event_ramp
      {
        0.3933 0.3305
        0.6933 0.7161
        1.1000 0.9366
        1.5486 0.9525
        1.6000 0.9951
        1.6988 0.9966
        2.1080 0.6521
        2.6220 0.1186
      }
    }
    event lookat "mark_look_mossmanmonitor_1"
    {
      time 155.185364 159.094940
      param "mark_look_mossmanmonitor_1"
      event_ramp
      {
        0.1907 0.4195
        0.3116 0.7463
        0.5190 0.9561
        0.6953 1.0000
        3.3257 0.9951
        3.5571 0.8983
        3.7280 0.4585
        3.8071 0.2098
      }
    }
    event lookat "mark_look_mossmanmonitor_2"
    {
      time 153.054810 155.568115
      param "mark_look_mossmanmonitor_2"
      event_ramp
      {
        0.1907 0.4195
        0.3116 0.7463
        0.5190 0.9561
        0.6953 1.0000
        1.9295 0.9951
        2.1609 0.8983
        2.3318 0.4585
        2.4109 0.2098
      }
    }
    event lookat "alyx"
    {
      time 180.549683 182.163406
      param "alyx"
      event_ramp
      {
        0.2017 0.1012
        0.4189 0.3358
        0.5667 0.4615
        0.7714 0.5319
        0.9113 0.5325
        0.9968 0.4667
        1.1425 0.3479
        1.3457 0.1428
      }
    }
    event lookat "!self"
    {
      time 103.064621 112.313080
      param "!self"
      event_ramp
      {
        0.4667 0.5610
        0.6222 0.7854
        0.8333 0.9366
        1.1993 1.0000
        8.0277 1.0000
        8.5294 0.9415
        8.6849 0.8098
        8.8849 0.4878
      }
    }
    event lookat "mark_look_mossmanmonitor_1"
    {
      time 29.873180 32.293747
      param "mark_look_mossmanmonitor_1"
      event_ramp
      {
        0.0861 0.0976
        0.2624 0.5268
        0.4474 0.8683
        0.7541 1.0000
        1.8027 1.0000
        1.9522 0.9317
        2.0712 0.7122
        2.1791 0.3951
        2.3414 0.0829
      }
    }
    event lookat "!self"
    {
      time 31.521177 34.792393
      param "!self"
      event_ramp
      {
        0.1953 0.4488
        0.3256 0.6976
        0.5190 0.9025
        0.7488 0.9756
        1.0419 1.0000
        2.4022 1.0000
        2.5871 0.9712
        2.8927 0.7389
        3.0718 0.3831
      }
    }
    event lookat "mark_famphoto"
    {
      time 245.929108 248.781525
      param "mark_famphoto"
      event_ramp
      {
        0.2708 0.1994
        0.6500 0.5736
        1.2084 0.9073
        1.7132 0.9890
        2.1813 0.9902
        2.3948 0.8772
        2.5605 0.6341
        2.7022 0.2634
      }
    }
    event lookat "!player"
    {
      time 253.791229 255.689590
      param "!player"
      event_ramp
      {
        0.2600 0.2098
        0.5227 0.5210
        0.6651 0.6497
        0.8636 0.7292
        0.9882 0.7526
        1.1954 0.7247
        1.3498 0.6564
        1.4864 0.5354
        1.6732 0.2300
      }
    }
    event lookat "kleiner"
    {
      time 136.228760 137.527985
      param "kleiner"
      event_ramp
      {
        0.1907 0.0615
        0.3116 0.0872
        0.4690 0.1026
        0.7154 0.1026
        0.8595 0.1026
        0.9801 0.1026
        1.1177 0.0718
        1.1968 0.0308
      }
    }
    event lookat "!self"
    {
      time 168.624176 172.727020
      param "!self"
      event_ramp
      {
        0.3867 0.5763
        0.6133 0.8203
        0.9882 0.9517
        1.5133 0.9898
        3.2261 0.9932
        3.6451 0.8847
        3.8661 0.6373
      }
    }
    event lookat "mark_look_mossmanmonitor_2"
    {
      time 163.825638 169.380615
      param "mark_look_mossmanmonitor_2"
      event_ramp
      {
        0.1907 0.3323
        0.3934 0.7463
        0.6508 0.9561
        0.8271 1.0000
        4.7439 0.9951
        4.9753 0.8983
        5.2553 0.4585
        5.4526 0.1483
      }
    }
    event lookat "mark_famphoto"
    {
      time 177.076157 179.462021
      param "mark_famphoto"
      event_ramp
      {
        0.3625 0.2488
        0.6090 0.4099
        0.9875 0.4872
        1.2042 0.4878
        1.2192 0.4630
        1.6878 0.4643
        1.7166 0.4732
        1.9541 0.4244
        2.1208 0.2585
      }
    }
    event lookat "!self"
    {
      time 178.737579 181.187653
      param "!self"
      event_ramp
      {
        0.3867 0.5763
        0.6133 0.8203
        0.9882 0.9517
        1.5133 0.9898
        1.5733 0.9932
        1.9923 0.8847
        2.2133 0.6373
      }
    }
    event lookat "!self"
    {
      time 137.678528 141.992874
      param "!self"
      event_ramp
      {
        0.1907 0.4195
        0.3116 0.7463
        0.5190 0.9561
        0.6953 1.0000
        3.4895 0.9951
        3.8482 0.8573
        4.0418 0.4585
        4.2118 0.1226
      }
    }
    event lookat "alyx"
    {
      time 189.633011 193.104111
      param "alyx"
      event_ramp
      {
        0.0986 0.0718
        0.4356 0.0718
        0.6714 0.0718
        2.6403 0.0718
        2.9249 0.0718
        3.3296 0.0718
        3.4711 0.0000
      }
    }
    event lookat "!self"
    {
      time 192.487579 195.041824
      param "!self"
      event_ramp
      {
        0.3867 0.5763
        0.6133 0.8203
        0.9882 0.9517
        1.3947 0.9642
        1.6775 0.9470
        1.8723 0.8821
        2.0828 0.6950
        2.3584 0.2322
      }
    }
    event lookat "alyx"
    {
      time 194.445511 196.291611
      param "alyx"
      event_ramp
      {
        0.0986 0.0718
        0.4356 0.0718
        0.6714 0.0718
        1.0153 0.0718
        1.2999 0.0718
        1.7046 0.0718
        1.8461 0.0000
      }
    }
    event lookat "!player"
    {
      time 137.136841 138.188400
      param "!player"
      event_ramp
      {
        0.1907 0.0718
        0.3116 0.1026
        0.6992 0.1026
        0.8701 0.0872
        0.9492 0.0667
      }
    }
    event lookat "mark_famphoto"
    {
      time 267.419830 269.550049
      param "mark_famphoto"
      event_ramp
      {
        0.2708 0.1026
        0.4000 0.1026
        0.6417 0.1026
        1.3215 0.1026
        1.4589 0.1026
        1.6724 0.1026
        1.8381 0.1026
        1.9798 0.1026
      }
    }
    event lookat "alyx"
    {
      time 183.100967 184.137772
      param "alyx"
      event_ramp
      {
        0.2017 0.1320
        0.4189 0.3358
        0.6073 0.3479
        0.8188 0.1428
      }
    }
  }
  channel "move to"
  {
    event moveto "mark_Eli_collapse"
    {
      time 169.115906 178.600113
      param "mark_Eli_collapse"
      resumecondition
    }
    event moveto "mark_eli_alyx_comfort"
    {
      time 0.028770 3.316468
      param "mark_eli_alyx_comfort"
    }
    event moveto "mark_SS_eli_sitdwn"
    {
      time 277.803772 279.053589
      param "mark_SS_eli_sitdwn"
    }
    event moveto "Moveto mark_eli_closer_monitor"
    {
      time 43.000004 45.200005
      param "mark_eli_closer_monitor"
      param3 "!player"
      distancetotarget 39.00
      forceshortmovement
    }
    event moveto "Moveto mark_eli_move_away"
    {
      time 53.764881 64.003769
      param "mark_eli_move_away"
      resumecondition
      forceshortmovement
    }
    event moveto "mark_Eli_confront_eli"
    {
      time 81.917862 86.284523
      param "mark_Eli_confront_eli"
      distancetotarget 42.00
    }
    event moveto "mark_Eli_confront_eli"
    {
      time 86.950012 89.050003
      param "mark_Eli_confront_eli"
      forceshortmovement
    }
    event moveto "mark_eli_alyx_comfort"
    {
      time 128.055969 130.455963
      param "mark_eli_alyx_comfort"
      forceshortmovement
    }
    event moveto "mark_eli_closer_monitor"
    {
      time 118.004097 119.814346
      param "mark_eli_closer_monitor"
      distancetotarget 49.00
    }
    event moveto "Moveto mark_alyx_enter_1"
    {
      time 27.658337 29.858337
      param "mark_alyx_enter_1"
      forceshortmovement
    }
    event moveto "Moveto mark_eli_closer_monitor"
    {
      time 38.269447 40.469448
      param "mark_eli_closer_monitor"
      distancetotarget 75.00
      forceshortmovement
    }
    event moveto "mark_Eli_pickup_pic"
    {
      time 246.474091 248.301483
      param "mark_Eli_pickup_pic"
      param2 "walk_all_moderate"
    }
    event moveto "!player"
    {
      time 270.581482 272.033905
      param "!player"
      param2 "walk_all_moderate"
      distancetotarget 40.00
    }
    event moveto "mark_eli_Kleiner_comfort_Eli"
    {
      time 156.332764 158.732758
      param "mark_eli_Kleiner_comfort_Eli"
      param3 "!player"
      distancetotarget 28.00
      forceshortmovement
    }
    event moveto "kleiner"
    {
      time 113.289810 114.664162
      param "kleiner"
      distancetotarget 42.00
      forceshortmovement
    }
    event moveto "mark_eli_move_away_3"
    {
      time 104.935112 107.335106
      param "mark_eli_move_away_3"
      param2 "walk_all_moderate"
      param3 "!player"
      distancetotarget 10.00
      forceshortmovement
    }
    event moveto "mark_eli_alyx_comfort"
    {
      time 139.460739 142.675552
      param "mark_eli_alyx_comfort"
      resumecondition
      forceshortmovement
    }
    event sequence "null"
    {
      time 254.561707 270.828369
      param "SS_eli_pickup_pic"
      fixedlength
    }
    event sequence "null"
    {
      time 241.636078 245.302750
      param "SS_eli_collapse_getup"
      fixedlength
    }
  }
  channel "face to"
  {
    event face "mark_famphoto"
    {
      time 171.392487 178.726791
      param "mark_famphoto"
      event_ramp
      {
        1.0000 0.7326
        3.7690 0.7688
        7.3343 0.7382
      }
    }
    event face "mark_eli_Kleiner_comfort_Eli"
    {
      time 178.764694 181.026718
      param "mark_eli_Kleiner_comfort_Eli"
      event_ramp
      {
        0.3342 0.1709
        0.8538 0.7346
        1.2034 0.9433
        1.5234 0.9965
        2.2620 0.9965
      }
    }
    event face "!player"
    {
      time 119.628227 121.938347
      param "!player"
      event_ramp
      {
        0.2063 0.1415
        0.4435 0.3451
        0.6758 0.5568
        0.9453 0.7037
        1.3105 0.8035
        2.3030 0.8084
        2.3101 0.8084
      }
    }
    event face "mark_look_mossmanmonitor_1"
    {
      time 116.376945 118.968811
      param "mark_look_mossmanmonitor_1"
      event_ramp
      {
        0.1977 0.1853
        0.5312 0.6146
        0.9041 0.9012
        1.3359 1.0000
        2.5919 1.0000
      }
    }
    event face "mark_look_mossmanmonitor_1"
    {
      time 0.275578 27.152361
      param "mark_look_mossmanmonitor_1"
      event_ramp
      {
        0.1977 0.2439
        0.3721 0.6146
        0.5905 0.9282
        0.9372 1.0000
        1.1767 1.0000
        26.1285 1.0000
        26.8768 1.0000
      }
    }
    event face "kleiner"
    {
      time 88.050575 95.132904
      param "kleiner"
      event_ramp
      {
        0.1977 0.2439
        0.3721 0.6146
        0.5905 0.8941
        0.9512 0.9902
        6.3341 1.0000
        7.0824 1.0000
      }
    }
    event face "kleiner"
    {
      time 38.579941 43.138462
      param "kleiner"
      event_ramp
      {
        0.2810 0.1763
        0.7395 0.6146
        1.3507 0.9087
        2.3244 1.0000
        3.8103 1.0000
        4.5586 1.0000
      }
    }
    event face "mark_face_eli_move_away"
    {
      time 53.208488 62.141972
      param "mark_face_eli_move_away"
      event_ramp
      {
        0.2116 0.3561
        0.3767 0.7171
        0.5905 0.9380
        0.8047 1.0000
        8.9334 1.0000
      }
    }
    event face "kleiner"
    {
      time 79.046608 85.323380
      param "kleiner"
      event_ramp
      {
        0.2592 0.1317
        0.6336 0.5414
        1.0828 0.8502
        1.5127 0.9658
        2.2154 1.0000
        5.5285 1.0000
        6.2768 1.0000
      }
    }
    event face "mark_look_mossmanmonitor_5"
    {
      time 141.081985 142.697647
      param "mark_look_mossmanmonitor_5"
      event_ramp
      {
        0.1977 0.1003
        0.5576 0.5479
        0.9648 0.8679
        1.5044 0.9949
        1.6157 1.0000
      }
    }
    event face "mark_famphoto"
    {
      time 246.594193 249.462357
      param "mark_famphoto"
      event_ramp
      {
        0.3467 0.2246
        0.8288 0.7229
        1.2450 0.9323
        1.5062 0.9795
        2.4817 1.0000
        2.8682 0.9965
      }
    }
    event face "mark_look_mossmanmonitor_5"
    {
      time 154.397217 162.901764
      param "mark_look_mossmanmonitor_5"
      event_ramp
      {
        0.1977 0.2439
        0.4326 0.6146
        0.7231 0.9038
        7.9516 1.0000
        8.5046 1.0000
      }
    }
    event face "alyx"
    {
      time 277.588531 279.297516
      param "alyx"
      event_ramp
      {
        0.5575 0.6246
        0.8164 0.9012
        1.1756 1.0000
        1.4145 0.9965
        1.7090 0.9965
      }
    }
    event face "alyx"
    {
      time 104.312019 106.325119
      param "alyx"
      event_ramp
      {
        0.1977 0.0733
        0.7076 0.3419
        1.3956 0.5562
        1.8909 0.5946
        2.0065 0.5901
        2.0131 0.5946
      }
    }
    event face "kleiner"
    {
      time 111.855331 114.622269
      param "kleiner"
      event_ramp
      {
        0.1977 0.1317
        0.3721 0.2926
        0.5905 0.5294
        1.0275 0.7195
        1.6583 0.7692
        2.7401 0.7780
        2.7669 0.7780
      }
    }
    event face "kleiner"
    {
      time 126.201897 127.750885
      param "kleiner"
      event_ramp
      {
        0.1977 0.1317
        0.3721 0.2926
        0.5905 0.4258
        0.9512 0.4537
        1.5222 0.4537
        1.5490 0.4537
      }
    }
    event sequence "null"
    {
      time 142.714279 151.047607
      param "SS_alyx_comfort"
      fixedlength
    }
    event sequence "null"
    {
      time 283.970459 288.303802
      param "give_tea"
      fixedlength
    }
    event sequence "null"
    {
      time 288.324677 312.876740
      param "give_tea_PostI"
    }
    event face "!player"
    {
      time 269.242371 271.454895
      param "!player"
      event_ramp
      {
        0.6967 0.4554
        1.2152 0.8050
        1.5148 0.9476
        1.8348 1.0000
        2.2126 0.9965
      }
    }
  }
  channel "postures"
  {
    event gesture "E_P_lean_console"
    {
      time 65.424995 80.705147
      param "E_P_lean_console"
      absolutetags playback_time
      {
        "apex" 0.063521
        "loop" 0.131720
        "end" 0.806856
      }
      absolutetags shifted_time
      {
        "apex" 0.118644
        "loop" 0.381356
        "end" 0.593220
      }
      sequenceduration 3.966667
    }
    event gesture "E_P_lean_console"
    {
      time 247.912613 255.448761
      param "E_P_lean_console"
      absolutetags playback_time
      {
        "apex" 0.062449
        "loop" 0.200728
        "end" 0.675899
      }
      absolutetags shifted_time
      {
        "apex" 0.118644
        "loop" 0.381356
        "end" 0.593220
      }
      sequenceduration 3.966667
    }
    event sequence "null"
    {
      time 196.955368 241.647308
      param "SS_eli_collapse_postI"
    }
    event sequence "null"
    {
      time 94.500008 103.166672
      param "SS_eli_confront"
      fixedlength
    }
    event gesture "E_bg_arcbk_chindwn_pod"
    {
      time 101.300003 103.433334
      param "E_bg_arcbk_chindwn_pod"
      absolutetags playback_time
      {
        "apex" 0.079365
        "extreme" 0.253968
        "loop" 0.428571
        "end" 0.634921
      }
      absolutetags shifted_time
      {
        "apex" 0.079365
        "extreme" 0.253968
        "loop" 0.428571
        "end" 0.634921
      }
      sequenceduration 2.133333
    }
    event gesture "E_bg_arcfwd_nod_pod"
    {
      time 120.833336 123.133339
      param "E_bg_arcfwd_nod_pod"
      absolutetags playback_time
      {
        "apex" 0.197368
        "extreme" 0.338235
        "loop" 0.558824
        "end" 0.691176
      }
      absolutetags shifted_time
      {
        "apex" 0.147059
        "extreme" 0.338235
        "loop" 0.558824
        "end" 0.691176
      }
      sequenceduration 2.300000
    }
    event sequence "null"
    {
      time 184.270248 196.936920
      param "SS_eli_collapse"
      fixedlength
    }
    event gesture "E_bg_dwn_chindwn"
    {
      time 178.229187 181.304184
      param "E_bg_dwn_chindwn"
      absolutetags playback_time
      {
        "apex" 0.153930
        "extreme" 0.340845
        "loop" 0.472784
        "end" 0.714286
      }
      absolutetags shifted_time
      {
        "apex" 0.200000
        "extreme" 0.442857
        "loop" 0.614286
        "end" 0.685714
      }
      sequenceduration 2.366667
    }
  }
  channel "gestures"
  {
    event gesture "E_bg_hshake"
    {
      time 248.262070 252.110184
      param "E_bg_hshake"
      absolutetags playback_time
      {
        "apex" 0.276028
        "extreme" 0.534509
        "loop" 0.765161
        "end" 0.852716
      }
      absolutetags shifted_time
      {
        "apex" 0.161290
        "extreme" 0.397849
        "loop" 0.591398
        "end" 0.698925
      }
      sequenceduration 3.133333
    }
    event gesture "E_g_finpnt_arcdwn"
    {
      time 78.413086 82.373802
      param "E_g_finpnt_arcdwn"
      absolutetags playback_time
      {
        "h1" 0.115720
        "apex" 0.196724
        "h3" 0.309287
        "h2" 0.436579
        "accent" 0.554131
        "loop" 0.708118
        "end" 0.799289
      }
      absolutetags shifted_time
      {
        "h1" 0.049019
        "apex" 0.113636
        "h3" 0.136562
        "h2" 0.158382
        "accent" 0.431818
        "loop" 0.568182
        "end" 0.681818
      }
      sequenceduration 2.966667
    }
    event gesture "E_g_shrug"
    {
      time 85.377380 88.403564
      param "E_g_shrug"
      absolutetags playback_time
      {
        "apex" 0.430130
        "accent" 0.571889
        "loop" 0.698448
        "end" 0.785467
      }
      absolutetags shifted_time
      {
        "apex" 0.161290
        "accent" 0.419355
        "loop" 0.580645
        "end" 0.698925
      }
      sequenceduration 3.133333
    }
    event gesture "E_g_rt_fist"
    {
      time 27.375000 30.563892
      param "E_g_rt_fist"
      event_ramp
      {
        0.7769 0.8098
        1.2077 0.7366
        1.3154 0.7610
        3.1889 0.0000
      }
      absolutetags playback_time
      {
        "apex" 0.137275
        "accent" 0.390705
        "loop" 0.617522
        "end" 0.817565
      }
      absolutetags shifted_time
      {
        "apex" 0.132653
        "accent" 0.377551
        "loop" 0.612245
        "end" 0.714286
      }
      sequenceduration 3.300000
    }
    event gesture "E_g_rt_hd_onforehead"
    {
      time 30.975197 37.876389
      param "E_g_rt_hd_onforehead"
      event_ramp
      {
        0.6364 0.2613
        1.3727 0.9910
        4.5682 0.9820
      }
      absolutetags playback_time
      {
        "in" 0.196505
        "loop" 0.355107
        "end" 0.421687
        "out" 0.539157
        "h1" 0.792507
      }
      absolutetags shifted_time
      {
        "in" 0.222222
        "loop" 0.592593
        "end" 0.694444
        "out" 0.833333
        "h1" 0.867631
      }
      sequenceduration 3.633333
    }
    event gesture "E_g_rt_hd_onforehead"
    {
      time 165.494781 173.276276
      param "E_g_rt_hd_onforehead"
      event_ramp
      {
        1.9091 0.9775
        6.8537 1.0000
        7.4315 0.1512
      }
      absolutetags playback_time
      {
        "h1" 0.161886
        "in" 0.397491
        "loop" 0.528437
        "end" 0.792708
        "out" 0.895083
      }
      absolutetags shifted_time
      {
        "h1" 0.091504
        "in" 0.222222
        "loop" 0.592593
        "end" 0.694444
        "out" 0.833333
      }
      sequenceduration 3.633333
    }
    event gesture "E_g_rt_fist"
    {
      time 172.105911 176.350357
      param "E_g_rt_fist"
      event_ramp
      {
        0.3611 0.5561
        0.5278 0.8390
        0.7500 1.0000
        4.2444 1.0000
      }
      absolutetags playback_time
      {
        "apex" 0.045157
        "h1" 0.154123
        "h2" 0.452552
        "accent" 0.516054
        "loop" 0.640394
        "end" 0.777861
      }
      absolutetags shifted_time
      {
        "apex" 0.132653
        "h1" 0.270015
        "h2" 0.288427
        "accent" 0.377551
        "loop" 0.612245
        "end" 0.714286
      }
      sequenceduration 3.300000
    }
    event gesture "E_g_shrug"
    {
      time 174.365158 177.498489
      param "E_g_shrug"
      event_ramp
      {
        0.0000 0.4439
        0.1792 0.6439
        1.1333 0.8585
        1.8250 0.5707
        2.5792 0.0732
      }
      absolutetags playback_time
      {
        "apex" 0.193333
        "accent" 0.419355
        "loop" 0.580645
        "end" 0.698925
      }
      absolutetags shifted_time
      {
        "apex" 0.161290
        "accent" 0.419355
        "loop" 0.580645
        "end" 0.698925
      }
      sequenceduration 3.133333
    }
    event gesture "E_g_fist_on_chin"
    {
      time 57.229168 65.133331
      param "E_g_fist_on_chin"
      absolutetags playback_time
      {
        "in" 0.157026
        "loop" 0.268421
        "end" 0.760526
        "out" 0.826316
      }
      absolutetags shifted_time
      {
        "in" 0.204082
        "loop" 0.408163
        "end" 0.510204
        "out" 0.663265
      }
      sequenceduration 3.300000
    }
    event gesture "E_g_rt_pushdown_rt"
    {
      time 202.657745 206.332748
      param "E_g_rt_pushdown_rt"
      absolutetags playback_time
      {
        "apex" 0.119117
        "accent" 0.219908
        "loop" 0.549771
        "end" 0.641400
      }
      absolutetags shifted_time
      {
        "apex" 0.132653
        "accent" 0.244898
        "loop" 0.612245
        "end" 0.714286
      }
      sequenceduration 3.300000
    }
    event gesture "E_g_2hd_up_pushout_rt"
    {
      time 208.591736 212.958405
      param "E_g_2hd_up_pushout_rt"
      event_ramp
      {
        0.0000 0.9902
        1.0286 1.0000
        2.2500 0.8878
        2.9214 0.9805
        4.3667 0.3366
      }
      absolutetags playback_time
      {
        "apex" 0.236642
        "h2" 0.320611
        "h1" 0.419847
        "accent" 0.506465
        "loop" 0.706964
        "end" 0.784079
      }
      absolutetags shifted_time
      {
        "apex" 0.091837
        "h2" 0.160700
        "h1" 0.211480
        "accent" 0.346939
        "loop" 0.612245
        "end" 0.714286
      }
      sequenceduration 3.300000
    }
    event gesture "E_g_rt_pushdown_rt"
    {
      time 215.549408 219.549408
      param "E_g_rt_pushdown_rt"
      absolutetags playback_time
      {
        "apex" 0.284438
        "accent" 0.377040
        "loop" 0.680102
        "end" 0.764286
      }
      absolutetags shifted_time
      {
        "apex" 0.132653
        "accent" 0.244898
        "loop" 0.612245
        "end" 0.714286
      }
      sequenceduration 3.300000
    }
    event gesture "E_g_rt_hd_onforehead_rt"
    {
      time 220.945923 228.051483
      param "E_g_rt_hd_onforehead_rt"
      event_ramp
      {
        2.1591 0.9897
        4.3909 0.9897
        5.3864 0.7333
        6.7045 0.0103
      }
      absolutetags playback_time
      {
        "apex" 0.250457
        "accent" 0.335680
        "loop" 0.415828
        "end" 0.576667
        "h1" 0.696638
        "h2" 0.847341
      }
      absolutetags shifted_time
      {
        "apex" 0.222222
        "accent" 0.388889
        "loop" 0.592593
        "end" 0.694444
        "h1" 0.820128
        "h2" 0.849802
      }
      sequenceduration 3.633333
    }
    event gesture "E_g_finpnt_arcdwn_rt"
    {
      time 229.036209 234.718140
      param "E_g_finpnt_arcdwn_rt"
      event_ramp
      {
        0.8250 0.0000
        1.3875 0.4638
        1.6909 0.8205
        1.9125 0.9902
        4.3111 0.9756
        4.8111 1.0000
        5.6820 0.9610
      }
      absolutetags playback_time
      {
        "apex" 0.191176
        "accent" 0.362745
        "loop" 0.462878
        "end" 0.678161
      }
      absolutetags shifted_time
      {
        "apex" 0.113636
        "accent" 0.431818
        "loop" 0.568182
        "end" 0.681818
      }
      sequenceduration 2.966667
    }
    event gesture "E_g_finpnt_arcdwn_rt"
    {
      time 236.793152 240.551483
      param "E_g_finpnt_arcdwn_rt"
      event_ramp
      {
        0.4818 0.3949
        0.8250 0.8488
        1.1091 0.9333
        1.4682 0.8923
        1.9636 0.8308
        2.3875 0.8012
        2.8875 0.8154
        3.7583 0.8482
      }
      absolutetags playback_time
      {
        "apex" 0.111111
        "h1" 0.212860
        "accent" 0.385205
        "loop" 0.492845
        "end" 0.752778
      }
      absolutetags shifted_time
      {
        "apex" 0.113636
        "h1" 0.135485
        "accent" 0.431818
        "loop" 0.568182
        "end" 0.681818
      }
      sequenceduration 2.966667
    }
    event gesture "E_g_rt_fist_rt"
    {
      time 239.605667 243.134842
      param "E_g_rt_fist_rt"
      event_ramp
      {
        0.0000 0.9846
        1.2864 0.9487
        2.1246 0.2308
        2.4201 0.0000
      }
      absolutetags playback_time
      {
        "apex" 0.188975
        "accent" 0.417971
        "loop" 0.637424
        "end" 0.732839
      }
      absolutetags shifted_time
      {
        "apex" 0.132653
        "accent" 0.377551
        "loop" 0.612245
        "end" 0.714286
      }
      sequenceduration 3.300000
    }
    event gesture "E_g_rt_hd_onforehead_rt"
    {
      time 232.730652 238.447311
      param "E_g_rt_hd_onforehead_rt"
      absolutetags playback_time
      {
        "apex" 0.316165
        "accent" 0.422093
        "loop" 0.551561
        "end" 0.625455
      }
      absolutetags shifted_time
      {
        "apex" 0.222222
        "accent" 0.388889
        "loop" 0.592593
        "end" 0.694444
      }
      sequenceduration 3.633333
    }
    event gesture "E_g_shrug"
    {
      time 271.118195 275.218201
      param "E_g_shrug"
      absolutetags playback_time
      {
        "h1" 0.219512
        "apex" 0.359036
        "accent" 0.556256
        "loop" 0.679518
        "end" 0.769910
      }
      absolutetags shifted_time
      {
        "h1" 0.125910
        "apex" 0.161290
        "accent" 0.419355
        "loop" 0.580645
        "end" 0.698925
      }
      sequenceduration 3.133333
    }
    event gesture "E_g_fist_grab2"
    {
      time 275.626495 278.593170
      param "E_g_fist_grab2"
      event_ramp
      {
        0.9625 0.9854
        2.1042 1.0000
        2.4250 0.7659
      }
      absolutetags playback_time
      {
        "h1" 0.183988
        "apex" 0.375000
        "accent" 0.444444
        "end" 0.726111
        "loop" 0.736111
      }
      absolutetags shifted_time
      {
        "h1" 0.299006
        "apex" 0.338235
        "accent" 0.455882
        "end" 0.867647
        "loop" 0.867647
      }
      sequenceduration 2.300000
    }
    event gesture "E_g_rt_fist"
    {
      time 273.543182 277.301514
      param "E_g_rt_fist"
      event_ramp
      {
        0.4250 0.1171
        0.7167 0.4829
        1.1833 0.8976
        2.0292 1.0000
        3.7583 1.0000
      }
      absolutetags playback_time
      {
        "apex" 0.238429
        "accent" 0.472527
        "loop" 0.659533
        "end" 0.749130
      }
      absolutetags shifted_time
      {
        "apex" 0.132653
        "accent" 0.377551
        "loop" 0.612245
        "end" 0.714286
      }
      sequenceduration 3.300000
    }
    event gesture "E_g_2hd_up_pushout_rt"
    {
      time 269.168182 273.534851
      param "E_g_2hd_up_pushout_rt"
      absolutetags playback_time
      {
        "apex" 0.069403
        "accent" 0.262189
        "loop" 0.462687
        "end" 0.564885
      }
      absolutetags shifted_time
      {
        "apex" 0.091837
        "accent" 0.346939
        "loop" 0.612245
        "end" 0.714286
      }
      sequenceduration 3.300000
    }
    event gesture "E_g_fist_grab2"
    {
      time 87.591667 95.925003
      param "E_g_fist_grab2"
      event_ramp
      {
        0.0000 0.9865
        1.4227 1.0000
        1.6000 0.9324
        1.7818 0.9730
        1.9227 0.9910
        3.5091 0.9955
        6.5682 1.0000
      }
      absolutetags playback_time
      {
        "apex" 0.168571
        "accent" 0.194286
        "loop" 0.295000
        "end" 0.725000
      }
      absolutetags shifted_time
      {
        "apex" 0.338235
        "accent" 0.455882
        "loop" 0.867647
        "end" 0.867647
      }
      sequenceduration 2.300000
    }
    event gesture "E_g_rt_hd_onforehead"
    {
      time 102.666664 113.113762
      param "E_g_rt_hd_onforehead"
      event_ramp
      {
        0.6393 0.7366
        1.0821 0.9659
        1.4964 1.0000
        10.4470 1.0000
      }
      absolutetags playback_time
      {
        "in" 0.111465
        "loop" 0.191083
        "end" 0.403135
        "h2" 0.413135
        "h3" 0.423135
        "h1" 0.433135
        "out" 0.913274
      }
      absolutetags shifted_time
      {
        "in" 0.222222
        "loop" 0.592593
        "end" 0.694444
        "h2" 0.752422
        "h3" 0.758462
        "h1" 0.770108
        "out" 0.833333
      }
      sequenceduration 3.633333
    }
    event gesture "E_g_2hd_up_pushout_rt"
    {
      time 113.430153 118.822746
      param "E_g_2hd_up_pushout_rt"
      event_ramp
      {
        0.0000 1.0000
        1.0111 1.0000
        2.0091 1.0000
        2.1773 0.9744
        2.3273 0.8462
        3.2288 0.8821
        3.7652 0.8564
        3.9108 0.8154
        5.3926 0.0000
      }
      absolutetags playback_time
      {
        "h3" 0.070312
        "h2" 0.117259
        "apex" 0.240299
        "h1" 0.372424
        "accent" 0.425937
        "loop" 0.626724
        "end" 0.689169
      }
      absolutetags shifted_time
      {
        "h3" 0.056211
        "h2" 0.062471
        "apex" 0.091837
        "h1" 0.164126
        "accent" 0.346939
        "loop" 0.612245
        "end" 0.714286
      }
      sequenceduration 3.300000
    }
    event gesture "E_g_rt_fist"
    {
      time 119.585716 123.589424
      param "E_g_rt_fist"
      event_ramp
      {
        0.4944 0.5171
        0.8222 0.9415
        1.5500 1.0000
        2.7444 0.9902
      }
      absolutetags playback_time
      {
        "apex" 0.100948
        "h1" 0.191489
        "h4" 0.202303
        "h3" 0.212303
        "h2" 0.417322
        "accent" 0.477682
        "loop" 0.603607
        "end" 0.764504
      }
      absolutetags shifted_time
      {
        "apex" 0.132653
        "h1" 0.262586
        "h4" 0.299125
        "h3" 0.302093
        "h2" 0.305906
        "accent" 0.377551
        "loop" 0.612245
        "end" 0.714286
      }
      sequenceduration 3.300000
    }
    event gesture "E_g_fist_on_chin"
    {
      time 123.379242 126.869492
      param "E_g_fist_on_chin"
      absolutetags playback_time
      {
        "in" 0.191304
        "loop" 0.378261
        "end" 0.622947
        "out" 0.761023
      }
      absolutetags shifted_time
      {
        "in" 0.204082
        "loop" 0.408163
        "end" 0.510204
        "out" 0.663265
      }
      sequenceduration 3.300000
    }
    event gesture "E_g_finpnt_arcdwn"
    {
      time 125.992035 129.440186
      param "E_g_finpnt_arcdwn"
      absolutetags playback_time
      {
        "apex" 0.131713
        "h1" 0.315508
        "accent" 0.395722
        "loop" 0.628479
        "end" 0.726248
      }
      absolutetags shifted_time
      {
        "apex" 0.113636
        "h1" 0.262936
        "accent" 0.431818
        "loop" 0.568182
        "end" 0.681818
      }
      sequenceduration 2.966667
    }
    event gesture "E_g_fist_grab"
    {
      time 127.584656 129.884659
      param "E_g_fist_grab"
      event_ramp
      {
        0.5778 0.3317
        1.0222 0.9805
        1.4000 0.9756
        1.8889 0.0000
      }
      absolutetags playback_time
      {
        "apex" 0.308824
        "accent" 0.455882
        "loop" 0.564516
        "end" 0.604839
      }
      absolutetags shifted_time
      {
        "apex" 0.308824
        "accent" 0.455882
        "loop" 0.867647
        "end" 0.867647
      }
      sequenceduration 2.300000
    }
    event gesture "E_g_fist_on_chin"
    {
      time 159.954041 168.592010
      param "E_g_fist_on_chin"
      event_ramp
      {
        0.0000 1.0000
        6.1674 0.9955
        7.8492 0.7477
        8.3219 0.2658
      }
      absolutetags playback_time
      {
        "in" 0.157092
        "loop" 0.254549
        "end" 0.274041
        "out" 0.598465
        "h1" 0.722806
      }
      absolutetags shifted_time
      {
        "in" 0.204082
        "loop" 0.408163
        "end" 0.510204
        "out" 0.663265
        "h1" 0.713503
      }
      sequenceduration 3.300000
    }
    event gesture "E_g_shrug"
    {
      time 40.750000 44.466667
      param "E_g_shrug"
      event_ramp
      {
        0.0107 0.4000
        1.1536 0.4341
        1.9786 0.2146
        3.7167 0.2146
      }
      absolutetags playback_time
      {
        "apex" 0.135976
        "accent" 0.353537
        "loop" 0.489513
        "end" 0.589228
      }
      absolutetags shifted_time
      {
        "apex" 0.161290
        "accent" 0.419355
        "loop" 0.580645
        "end" 0.698925
      }
      sequenceduration 3.133333
    }
    event gesture "E_g_rt_fist"
    {
      time 80.166672 87.425011
      param "E_g_rt_fist"
      event_ramp
      {
        0.3571 0.5341
        0.7045 0.9189
        0.8357 0.9756
        1.0091 0.8784
        1.2409 0.9685
        1.3909 1.0000
        2.1000 0.9234
        3.6909 0.8694
        7.2583 0.6441
      }
      absolutetags playback_time
      {
        "apex" 0.072368
        "accent" 0.141447
        "loop" 0.393168
        "end" 0.742857
      }
      absolutetags shifted_time
      {
        "apex" 0.132653
        "accent" 0.377551
        "loop" 0.612245
        "end" 0.714286
      }
      sequenceduration 3.300000
    }
    event gesture "E_g_fist_on_chin"
    {
      time 46.452381 52.347618
      param "E_g_fist_on_chin"
      absolutetags playback_time
      {
        "in" 0.134145
        "loop" 0.276944
        "end" 0.544170
        "out" 0.716599
      }
      absolutetags shifted_time
      {
        "in" 0.204082
        "loop" 0.408163
        "end" 0.510204
        "out" 0.663265
      }
      sequenceduration 3.300000
    }
    event gesture "E_g_fist_on_chin"
    {
      time 137.277786 142.808563
      param "E_g_fist_on_chin"
      absolutetags playback_time
      {
        "in" 0.091326
        "loop" 0.243536
        "end" 0.754678
        "out" 0.865796
      }
      absolutetags shifted_time
      {
        "in" 0.204082
        "loop" 0.408163
        "end" 0.510204
        "out" 0.663265
      }
      sequenceduration 3.300000
    }
    event gesture "E_g_rt_fist"
    {
      time 43.066669 47.733334
      param "E_g_rt_fist"
      event_ramp
      {
        0.0000 1.0000
        1.1091 1.0000
        2.5000 0.9897
        2.5955 0.9385
        2.6818 0.8256
        2.7364 0.7282
        2.8227 0.6718
        3.1364 0.7333
        3.5409 0.6513
        4.0045 0.2308
      }
      absolutetags playback_time
      {
        "apex" 0.130357
        "h2" 0.218750
        "h1" 0.321429
        "h3" 0.514286
        "accent" 0.575540
        "loop" 0.725802
        "end" 0.797959
      }
      absolutetags shifted_time
      {
        "apex" 0.132653
        "h2" 0.244771
        "h1" 0.271203
        "h3" 0.282460
        "accent" 0.377551
        "loop" 0.612245
        "end" 0.714286
      }
      sequenceduration 3.300000
    }
    event gesture "E_g_2hd_palmsup"
    {
      time 116.766670 120.400002
      param "E_g_2hd_palmsup"
      event_ramp
      {
        0.7591 0.2205
        1.4227 1.0000
        2.2121 1.0000
        2.6667 0.9692
      }
      absolutetags playback_time
      {
        "apex" 0.415450
        "h1" 0.472477
        "accent" 0.554629
        "loop" 0.740200
        "end" 0.832986
      }
      absolutetags shifted_time
      {
        "apex" 0.284091
        "h1" 0.300023
        "accent" 0.454545
        "loop" 0.681818
        "end" 0.795455
      }
      sequenceduration 2.966667
    }
    event gesture "E_g_rt_fist"
    {
      time 253.885422 257.185455
      param "E_g_rt_fist"
      event_ramp
      {
        0.2500 0.9744
        1.4303 0.9641
        1.6174 0.1282
        2.3114 0.0000
      }
      absolutetags playback_time
      {
        "apex" 0.132653
        "accent" 0.377551
        "loop" 0.612245
        "end" 0.714286
      }
      absolutetags shifted_time
      {
        "apex" 0.132653
        "accent" 0.377551
        "loop" 0.612245
        "end" 0.714286
      }
      sequenceduration 3.300000
    }
    event gesture "E_bg_arcfwd_nod_pod"
    {
      time 254.229172 256.529205
      param "E_bg_arcfwd_nod_pod"
      event_ramp
      {
        0.0000 0.9590
        1.0038 0.9590
        1.3758 0.0974
      }
      absolutetags playback_time
      {
        "apex" 0.147059
        "extreme" 0.338235
        "loop" 0.558824
        "end" 0.691176
      }
      absolutetags shifted_time
      {
        "apex" 0.147059
        "extreme" 0.338235
        "loop" 0.558824
        "end" 0.691176
      }
      sequenceduration 2.300000
    }
    event gesture "E_g_rthd_palmup"
    {
      time 225.552078 229.091660
      param "E_g_rthd_palmup"
      event_ramp
      {
        0.5636 0.1231
        1.1591 0.9128
        1.5773 1.0000
        2.0273 0.9949
        2.2455 0.9590
        2.6500 0.8000
        2.8955 0.6000
        3.5396 0.0000
      }
      absolutetags playback_time
      {
        "apex" 0.238108
        "accent" 0.380972
        "loop" 0.571458
        "end" 0.832353
      }
      absolutetags shifted_time
      {
        "apex" 0.284091
        "accent" 0.454545
        "loop" 0.681818
        "end" 0.795455
      }
      sequenceduration 2.966667
    }
    event gesture "E_g_rthd_cutdwn"
    {
      time 228.114578 231.081238
      param "E_g_rthd_cutdwn"
      event_ramp
      {
        0.2955 0.0667
        0.6000 0.6718
        0.9273 0.9128
        1.6318 1.0000
        2.3500 0.6564
      }
      absolutetags playback_time
      {
        "h1" 0.189474
        "apex" 0.284091
        "accent" 0.431579
        "loop" 0.681818
        "end" 0.795455
      }
      absolutetags shifted_time
      {
        "h1" 0.211668
        "apex" 0.284091
        "accent" 0.454545
        "loop" 0.681818
        "end" 0.795455
      }
      sequenceduration 2.966667
    }
    event gesture "E_bg_smdwn_chindwn"
    {
      time 245.010422 247.377090
      param "E_bg_smdwn_chindwn"
      absolutetags playback_time
      {
        "apex" 0.200000
        "extreme" 0.385965
        "loop" 0.565789
        "end" 0.685714
      }
      absolutetags shifted_time
      {
        "apex" 0.200000
        "extreme" 0.442857
        "loop" 0.614286
        "end" 0.685714
      }
      sequenceduration 2.366667
    }
    event gesture "E_bg_arcbk_str_pod"
    {
      time 289.980896 292.347565
      param "E_bg_arcbk_str_pod"
      absolutetags playback_time
      {
        "apex" 0.128571
        "extreme" 0.228571
        "loop" 0.428571
        "end" 0.571429
      }
      absolutetags shifted_time
      {
        "apex" 0.128571
        "extreme" 0.228571
        "loop" 0.428571
        "end" 0.571429
      }
      sequenceduration 2.366667
    }
  }
  channel "body"
  {
    event gesture "E_bg_arcfwd_chinout"
    {
      time 67.667053 71.605148
      param "E_bg_arcfwd_chinout"
      absolutetags playback_time
      {
        "apex" 0.085853
        "extreme" 0.197461
        "loop" 0.317654
        "end" 0.783479
      }
      absolutetags shifted_time
      {
        "apex" 0.142857
        "extreme" 0.328571
        "loop" 0.528571
        "end" 0.671429
      }
      sequenceduration 2.366667
    }
    event gesture "E_bg_arcfwd_chinout"
    {
      time 27.680557 31.513889
      param "E_bg_arcfwd_chinout"
      event_ramp
      {
        0.0000 0.5073
        0.6625 0.6146
      }
      absolutetags playback_time
      {
        "apex" 0.088199
        "extreme" 0.202857
        "loop" 0.326335
        "end" 0.678261
      }
      absolutetags shifted_time
      {
        "apex" 0.142857
        "extreme" 0.328571
        "loop" 0.528571
        "end" 0.671429
      }
      sequenceduration 2.366667
    }
    event gesture "E_bg_dwn_chindwn"
    {
      time 173.698486 178.787369
      param "E_bg_dwn_chindwn"
      event_ramp
      {
        0.0000 0.4098
        2.2625 0.6878
        5.0889 0.3659
      }
      absolutetags playback_time
      {
        "apex" 0.158514
        "extreme" 0.271460
        "loop" 0.691900
        "end" 0.834673
      }
      absolutetags shifted_time
      {
        "apex" 0.200000
        "extreme" 0.442857
        "loop" 0.614286
        "end" 0.685714
      }
      sequenceduration 2.366667
    }
    event gesture "E_bg_dwn_chindwn"
    {
      time 159.568863 162.410049
      param "E_bg_dwn_chindwn"
      event_ramp
      {
        0.0000 0.4146
        0.9878 0.6586
        1.8163 0.5128
        2.7299 0.0000
      }
      absolutetags playback_time
      {
        "apex" 0.166597
        "extreme" 0.368895
        "loop" 0.586243
        "end" 0.651382
      }
      absolutetags shifted_time
      {
        "apex" 0.200000
        "extreme" 0.442857
        "loop" 0.614286
        "end" 0.685714
      }
      sequenceduration 2.366667
    }
    event gesture "E_bg_arcbk_straight"
    {
      time 157.124420 160.491089
      param "E_bg_arcbk_straight"
      absolutetags playback_time
      {
        "apex" 0.216667
        "extreme" 0.457708
        "loop" 0.598303
        "end" 0.698727
      }
      absolutetags shifted_time
      {
        "apex" 0.128571
        "extreme" 0.228571
        "loop" 0.428571
        "end" 0.571429
      }
      sequenceduration 2.366667
    }
    event gesture "E_bg_arcfwd_nod_pod"
    {
      time 206.282745 209.082748
      param "E_bg_arcfwd_nod_pod"
      absolutetags playback_time
      {
        "apex" 0.299370
        "extreme" 0.456407
        "loop" 0.637605
        "end" 0.746323
      }
      absolutetags shifted_time
      {
        "apex" 0.147059
        "extreme" 0.338235
        "loop" 0.558824
        "end" 0.691176
      }
      sequenceduration 2.300000
    }
    event gesture "E_bg_chinout_pod"
    {
      time 210.366074 212.732742
      param "E_bg_chinout_pod"
      event_ramp
      {
        0.0000 0.4293
        0.9750 0.6341
        2.3667 0.2293
      }
      absolutetags playback_time
      {
        "apex" 0.142857
        "extreme" 0.328571
        "loop" 0.528571
        "end" 0.671429
      }
      absolutetags shifted_time
      {
        "apex" 0.142857
        "extreme" 0.328571
        "loop" 0.528571
        "end" 0.671429
      }
      sequenceduration 2.366667
    }
    event gesture "E_bg_hshake_couch"
    {
      time 215.866074 218.999405
      param "E_bg_hshake_couch"
      absolutetags playback_time
      {
        "apex" 0.161290
        "extreme" 0.397849
        "loop" 0.591398
        "end" 0.698925
      }
      absolutetags shifted_time
      {
        "apex" 0.161290
        "extreme" 0.397849
        "loop" 0.591398
        "end" 0.698925
      }
      sequenceduration 3.133333
    }
    event gesture "E_bg_arcfwd_nod_pod"
    {
      time 218.178558 220.478561
      param "E_bg_arcfwd_nod_pod"
      absolutetags playback_time
      {
        "apex" 0.147059
        "extreme" 0.338235
        "loop" 0.558824
        "end" 0.691176
      }
      absolutetags shifted_time
      {
        "apex" 0.147059
        "extreme" 0.338235
        "loop" 0.558824
        "end" 0.691176
      }
      sequenceduration 2.300000
    }
    event gesture "E_bg_arcfwd_nod_pod"
    {
      time 225.063995 227.363998
      param "E_bg_arcfwd_nod_pod"
      absolutetags playback_time
      {
        "apex" 0.147059
        "extreme" 0.338235
        "loop" 0.558824
        "end" 0.691176
      }
      absolutetags shifted_time
      {
        "apex" 0.147059
        "extreme" 0.338235
        "loop" 0.558824
        "end" 0.691176
      }
      sequenceduration 2.300000
    }
    event gesture "E_bg_hshake_couch"
    {
      time 233.084824 237.009827
      param "E_bg_hshake_couch"
      event_ramp
      {
        0.0000 1.0000
        2.2545 0.9846
        3.1727 0.2308
      }
      absolutetags playback_time
      {
        "apex" 0.128758
        "extreme" 0.317603
        "loop" 0.472113
        "end" 0.755319
      }
      absolutetags shifted_time
      {
        "apex" 0.161290
        "extreme" 0.397849
        "loop" 0.591398
        "end" 0.698925
      }
      sequenceduration 3.133333
    }
    event gesture "E_bg_smdwn_chindwn"
    {
      time 252.070908 254.437576
      param "E_bg_smdwn_chindwn"
      absolutetags playback_time
      {
        "apex" 0.200000
        "extreme" 0.442857
        "loop" 0.614286
        "end" 0.685714
      }
      absolutetags shifted_time
      {
        "apex" 0.200000
        "extreme" 0.442857
        "loop" 0.614286
        "end" 0.685714
      }
      sequenceduration 2.366667
    }
    event gesture "E_bg_arcbk_straight"
    {
      time 250.820938 253.187607
      param "E_bg_arcbk_straight"
      absolutetags playback_time
      {
        "apex" 0.128571
        "extreme" 0.228571
        "loop" 0.428571
        "end" 0.571429
      }
      absolutetags shifted_time
      {
        "apex" 0.128571
        "extreme" 0.228571
        "loop" 0.428571
        "end" 0.571429
      }
      sequenceduration 2.366667
    }
    event gesture "E_bg_arcfwd_chinout"
    {
      time 272.334839 274.701508
      param "E_bg_arcfwd_chinout"
      absolutetags playback_time
      {
        "apex" 0.142857
        "extreme" 0.328571
        "loop" 0.528571
        "end" 0.671429
      }
      absolutetags shifted_time
      {
        "apex" 0.142857
        "extreme" 0.328571
        "loop" 0.528571
        "end" 0.671429
      }
      sequenceduration 2.366667
    }
    event gesture "E_bg_arcbk_straight"
    {
      time 274.201538 276.568207
      param "E_bg_arcbk_straight"
      absolutetags playback_time
      {
        "apex" 0.128571
        "extreme" 0.228571
        "loop" 0.428571
        "end" 0.571429
      }
      absolutetags shifted_time
      {
        "apex" 0.128571
        "extreme" 0.228571
        "loop" 0.428571
        "end" 0.571429
      }
      sequenceduration 2.366667
    }
    event gesture "E_bg_chinout_pod"
    {
      time 276.201569 278.568237
      param "E_bg_chinout_pod"
      absolutetags playback_time
      {
        "apex" 0.142857
        "extreme" 0.328571
        "loop" 0.528571
        "end" 0.671429
      }
      absolutetags shifted_time
      {
        "apex" 0.142857
        "extreme" 0.328571
        "loop" 0.528571
        "end" 0.671429
      }
      sequenceduration 2.366667
    }
    event gesture "E_bg_arcbk_straight"
    {
      time 277.668213 280.768219
      param "E_bg_arcbk_straight"
      absolutetags playback_time
      {
        "apex" 0.098156
        "extreme" 0.174500
        "loop" 0.327188
        "end" 0.645161
      }
      absolutetags shifted_time
      {
        "apex" 0.128571
        "extreme" 0.228571
        "loop" 0.428571
        "end" 0.571429
      }
      sequenceduration 2.366667
    }
    event gesture "E_bg_hshake_pod"
    {
      time 298.353271 301.486603
      param "E_bg_hshake_pod"
      absolutetags playback_time
      {
        "apex" 0.161290
        "extreme" 0.397849
        "loop" 0.698925
        "end" 0.806452
      }
      absolutetags shifted_time
      {
        "apex" 0.161290
        "extreme" 0.397849
        "loop" 0.698925
        "end" 0.806452
      }
      sequenceduration 3.133333
    }
    event gesture "E_bg_arcfwd_nod_pod"
    {
      time 307.853271 311.553253
      param "E_bg_arcfwd_nod_pod"
      absolutetags playback_time
      {
        "apex" 0.091415
        "extreme" 0.210254
        "loop" 0.347377
        "end" 0.645455
      }
      absolutetags shifted_time
      {
        "apex" 0.147059
        "extreme" 0.338235
        "loop" 0.558824
        "end" 0.691176
      }
      sequenceduration 2.300000
    }
    event gesture "E_bg_arcfwd_chinout"
    {
      time 86.233330 88.599998
      param "E_bg_arcfwd_chinout"
      absolutetags playback_time
      {
        "apex" 0.142857
        "extreme" 0.328571
        "loop" 0.528571
        "end" 0.671429
      }
      absolutetags shifted_time
      {
        "apex" 0.142857
        "extreme" 0.328571
        "loop" 0.528571
        "end" 0.671429
      }
      sequenceduration 2.366667
    }
    event gesture "E_bg_arcbk_chindwn"
    {
      time 87.933334 94.299995
      param "E_bg_arcbk_chindwn"
      event_ramp
      {
        0.0000 0.9820
        1.0864 0.9775
        1.8227 0.8514
        3.1318 0.6216
        4.2864 0.5856
        6.3667 0.5180
      }
      absolutetags playback_time
      {
        "apex" 0.026593
        "extreme" 0.085099
        "loop" 0.143605
        "end" 0.722846
      }
      absolutetags shifted_time
      {
        "apex" 0.079365
        "extreme" 0.253968
        "loop" 0.428571
        "end" 0.634921
      }
      sequenceduration 2.133333
    }
    event gesture "E_bg_arcfwd_chinout"
    {
      time 114.919052 117.285721
      param "E_bg_arcfwd_chinout"
      absolutetags playback_time
      {
        "apex" 0.142857
        "extreme" 0.328571
        "loop" 0.528571
        "end" 0.671429
      }
      absolutetags shifted_time
      {
        "apex" 0.142857
        "extreme" 0.328571
        "loop" 0.528571
        "end" 0.671429
      }
      sequenceduration 2.366667
    }
    event gesture "E_bg_smdwn_chindwn"
    {
      time 117.030159 120.248680
      param "E_bg_smdwn_chindwn"
      absolutetags playback_time
      {
        "apex" 0.147066
        "extreme" 0.325645
        "loop" 0.451701
        "end" 0.786127
      }
      absolutetags shifted_time
      {
        "apex" 0.200000
        "extreme" 0.442857
        "loop" 0.614286
        "end" 0.685714
      }
      sequenceduration 2.366667
    }
    event gesture "E_bg_arcbk_straight"
    {
      time 122.084633 123.648270
      param "E_bg_arcbk_straight"
      absolutetags playback_time
      {
        "apex" 0.194601
        "extreme" 0.345957
        "loop" 0.648671
        "end" 0.747410
      }
      absolutetags shifted_time
      {
        "apex" 0.128571
        "extreme" 0.228571
        "loop" 0.428571
        "end" 0.571429
      }
      sequenceduration 2.366667
    }
    event gesture "E_bg_arcfwd_nod_pod"
    {
      time 127.695755 129.958725
      param "E_bg_arcfwd_nod_pod"
      absolutetags playback_time
      {
        "apex" 0.149465
        "extreme" 0.343770
        "loop" 0.567969
        "end" 0.702487
      }
      absolutetags shifted_time
      {
        "apex" 0.147059
        "extreme" 0.338235
        "loop" 0.558824
        "end" 0.691176
      }
      sequenceduration 2.300000
    }
    event gesture "E_bg_arcbk_straight"
    {
      time 130.066116 138.092712
      param "E_bg_arcbk_straight"
      absolutetags playback_time
      {
        "apex" 0.049445
        "extreme" 0.078930
        "loop" 0.137901
        "end" 0.843396
      }
      absolutetags shifted_time
      {
        "apex" 0.128571
        "extreme" 0.228571
        "loop" 0.428571
        "end" 0.571429
      }
      sequenceduration 2.366667
    }
    event gesture "E_bg_smdwn_chindwn"
    {
      time 153.071030 155.745392
      param "E_bg_smdwn_chindwn"
      absolutetags playback_time
      {
        "apex" 0.292042
        "extreme" 0.506958
        "loop" 0.658664
        "end" 0.721874
      }
      absolutetags shifted_time
      {
        "apex" 0.200000
        "extreme" 0.442857
        "loop" 0.614286
        "end" 0.685714
      }
      sequenceduration 2.366667
    }
    event gesture "E_bg_arcbk_straight"
    {
      time 150.120712 154.228119
      param "E_bg_arcbk_straight"
      absolutetags playback_time
      {
        "apex" 0.074082
        "extreme" 0.131702
        "loop" 0.246941
        "end" 0.814480
      }
      absolutetags shifted_time
      {
        "apex" 0.128571
        "extreme" 0.228571
        "loop" 0.428571
        "end" 0.571429
      }
      sequenceduration 2.366667
    }
    event gesture "E_bg_hshake_pod"
    {
      time 168.657745 171.791077
      param "E_bg_hshake_pod"
      absolutetags playback_time
      {
        "apex" 0.161290
        "extreme" 0.397849
        "loop" 0.698925
        "end" 0.806452
      }
      absolutetags shifted_time
      {
        "apex" 0.161290
        "extreme" 0.397849
        "loop" 0.698925
        "end" 0.806452
      }
      sequenceduration 3.133333
    }
    event gesture "E_bg_arcbk_straight"
    {
      time 19.439154 23.472488
      param "E_bg_arcbk_straight"
      absolutetags playback_time
      {
        "apex" 0.128571
        "extreme" 0.228571
        "loop" 0.428571
        "end" 0.571429
      }
      absolutetags shifted_time
      {
        "apex" 0.128571
        "extreme" 0.228571
        "loop" 0.428571
        "end" 0.571429
      }
      sequenceduration 2.366667
    }
    event gesture "E_bg_smdwn_chindwn"
    {
      time 21.957674 27.231749
      param "E_bg_smdwn_chindwn"
      absolutetags playback_time
      {
        "apex" 0.200000
        "extreme" 0.419014
        "loop" 0.614286
        "end" 0.685714
      }
      absolutetags shifted_time
      {
        "apex" 0.200000
        "extreme" 0.442857
        "loop" 0.614286
        "end" 0.685714
      }
      sequenceduration 2.366667
    }
    event gesture "E_bg_arcbk_str_pod"
    {
      time 40.791672 43.158337
      param "E_bg_arcbk_str_pod"
      absolutetags playback_time
      {
        "apex" 0.128571
        "extreme" 0.228571
        "loop" 0.428571
        "end" 0.571429
      }
      absolutetags shifted_time
      {
        "apex" 0.128571
        "extreme" 0.228571
        "loop" 0.428571
        "end" 0.571429
      }
      sequenceduration 2.366667
    }
    event gesture "E_bg_smdwn_chindwn"
    {
      time 50.625000 54.033333
      param "E_bg_smdwn_chindwn"
      absolutetags playback_time
      {
        "apex" 0.444499
        "extreme" 0.613133
        "loop" 0.732169
        "end" 0.781768
      }
      absolutetags shifted_time
      {
        "apex" 0.200000
        "extreme" 0.442857
        "loop" 0.614286
        "end" 0.685714
      }
      sequenceduration 2.366667
    }
    event gesture "E_bg_arcfwd_nod_pod"
    {
      time 196.857758 199.157761
      param "E_bg_arcfwd_nod_pod"
      absolutetags playback_time
      {
        "apex" 0.147059
        "extreme" 0.338235
        "loop" 0.558824
        "end" 0.691176
      }
      absolutetags shifted_time
      {
        "apex" 0.147059
        "extreme" 0.338235
        "loop" 0.558824
        "end" 0.691176
      }
      sequenceduration 2.300000
    }
    event gesture "E_bg_chinout_pod"
    {
      time 198.057739 200.424408
      param "E_bg_chinout_pod"
      absolutetags playback_time
      {
        "apex" 0.142857
        "extreme" 0.328571
        "loop" 0.528571
        "end" 0.671429
      }
      absolutetags shifted_time
      {
        "apex" 0.142857
        "extreme" 0.328571
        "loop" 0.528571
        "end" 0.671429
      }
      sequenceduration 2.366667
    }
    event gesture "E_bg_smdwn_chindwn"
    {
      time 200.057755 202.424423
      param "E_bg_smdwn_chindwn"
      event_ramp
      {
        0.0000 0.4000
        0.7643 0.5317
        2.3667 0.3073
      }
      absolutetags playback_time
      {
        "apex" 0.200000
        "extreme" 0.442857
        "loop" 0.614286
        "end" 0.685714
      }
      absolutetags shifted_time
      {
        "apex" 0.200000
        "extreme" 0.442857
        "loop" 0.614286
        "end" 0.685714
      }
      sequenceduration 2.366667
    }
    event gesture "E_bg_smdwn_chindwn"
    {
      time 211.678574 214.345245
      param "E_bg_smdwn_chindwn"
      event_ramp
      {
        0.0000 0.4000
        0.7643 0.5317
        2.6667 0.3073
      }
      absolutetags playback_time
      {
        "apex" 0.177500
        "extreme" 0.393035
        "loop" 0.545178
        "end" 0.608571
      }
      absolutetags shifted_time
      {
        "apex" 0.200000
        "extreme" 0.442857
        "loop" 0.614286
        "end" 0.685714
      }
      sequenceduration 2.366667
    }
    event gesture "E_bg_arcbk_str_pod"
    {
      time 79.880959 82.247627
      param "E_bg_arcbk_str_pod"
      event_ramp
      {
        0.0000 0.9910
        0.9636 0.9820
        1.7136 0.2568
      }
      absolutetags playback_time
      {
        "apex" 0.128571
        "extreme" 0.228571
        "loop" 0.428571
        "end" 0.571429
      }
      absolutetags shifted_time
      {
        "apex" 0.128571
        "extreme" 0.228571
        "loop" 0.428571
        "end" 0.571429
      }
      sequenceduration 2.366667
    }
    event gesture "E_bg_smdwn_chindwn"
    {
      time 44.866669 47.233330
      param "E_bg_smdwn_chindwn"
      absolutetags playback_time
      {
        "apex" 0.200000
        "extreme" 0.442857
        "loop" 0.614286
        "end" 0.685714
      }
      absolutetags shifted_time
      {
        "apex" 0.200000
        "extreme" 0.442857
        "loop" 0.614286
        "end" 0.685714
      }
      sequenceduration 2.366667
    }
    event gesture "E_bg_arcbk_straight"
    {
      time 43.933331 46.299995
      param "E_bg_arcbk_straight"
      absolutetags playback_time
      {
        "apex" 0.128571
        "extreme" 0.228571
        "loop" 0.428571
        "end" 0.571429
      }
      absolutetags shifted_time
      {
        "apex" 0.128571
        "extreme" 0.228571
        "loop" 0.428571
        "end" 0.571429
      }
      sequenceduration 2.366667
    }
    event gesture "E_bg_arcfwd_chinout"
    {
      time 120.733330 123.099998
      param "E_bg_arcfwd_chinout"
      absolutetags playback_time
      {
        "apex" 0.198718
        "extreme" 0.328571
        "loop" 0.528571
        "end" 0.671429
      }
      absolutetags shifted_time
      {
        "apex" 0.142857
        "extreme" 0.328571
        "loop" 0.528571
        "end" 0.671429
      }
      sequenceduration 2.366667
    }
    event gesture "E_bg_hshake_pod"
    {
      time 178.125015 181.258347
      param "E_bg_hshake_pod"
      absolutetags playback_time
      {
        "apex" 0.161290
        "extreme" 0.397849
        "loop" 0.698925
        "end" 0.806452
      }
      absolutetags shifted_time
      {
        "apex" 0.161290
        "extreme" 0.397849
        "loop" 0.698925
        "end" 0.806452
      }
      sequenceduration 3.133333
    }
    event gesture "E_bg_arcbk_straight"
    {
      time 183.208344 185.575012
      param "E_bg_arcbk_straight"
      absolutetags playback_time
      {
        "apex" 0.128571
        "extreme" 0.228571
        "loop" 0.428571
        "end" 0.571429
      }
      absolutetags shifted_time
      {
        "apex" 0.128571
        "extreme" 0.228571
        "loop" 0.428571
        "end" 0.571429
      }
      sequenceduration 2.366667
    }
    event gesture "E_hg_onenod"
    {
      time 228.343750 230.747925
      param "E_hg_onenod"
      absolutetags playback_time
      {
        "apex" 0.262006
        "extreme" 0.504111
        "loop" 0.740341
        "end" 0.821654
      }
      absolutetags shifted_time
      {
        "apex" 0.147059
        "extreme" 0.455882
        "loop" 0.647059
        "end" 0.676471
      }
      sequenceduration 2.300000
    }
    event gesture "E_bg_arcfwd_nod_pod"
    {
      time 231.666672 233.966675
      param "E_bg_arcfwd_nod_pod"
      absolutetags playback_time
      {
        "apex" 0.147059
        "extreme" 0.338235
        "loop" 0.558824
        "end" 0.691176
      }
      absolutetags shifted_time
      {
        "apex" 0.147059
        "extreme" 0.338235
        "loop" 0.558824
        "end" 0.691176
      }
      sequenceduration 2.300000
    }
    event gesture "E_bg_arcfwd_nod_pod"
    {
      time 226.885422 229.185425
      param "E_bg_arcfwd_nod_pod"
      event_ramp
      {
        0.0000 0.3590
        0.6818 0.5795
        1.3591 0.2615
      }
      absolutetags playback_time
      {
        "apex" 0.147059
        "extreme" 0.338235
        "loop" 0.558824
        "end" 0.691176
      }
      absolutetags shifted_time
      {
        "apex" 0.147059
        "extreme" 0.338235
        "loop" 0.558824
        "end" 0.691176
      }
      sequenceduration 2.300000
    }
  }
  channel "head"
  {
    event gesture "E_bg_hshake"
    {
      time 74.972610 78.105942
      param "E_bg_hshake"
      absolutetags playback_time
      {
        "apex" 0.161290
        "extreme" 0.397849
        "loop" 0.591398
        "end" 0.698925
      }
      absolutetags shifted_time
      {
        "apex" 0.161290
        "extreme" 0.397849
        "loop" 0.591398
        "end" 0.698925
      }
      sequenceduration 3.133333
    }
    event gesture "E_bg_hshake"
    {
      time 26.868057 30.801388
      param "E_bg_hshake"
      absolutetags playback_time
      {
        "apex" 0.128485
        "extreme" 0.316931
        "loop" 0.471114
        "end" 0.771186
      }
      absolutetags shifted_time
      {
        "apex" 0.161290
        "extreme" 0.397849
        "loop" 0.591398
        "end" 0.698925
      }
      sequenceduration 3.133333
    }
    event gesture "E_bg_arcfwd_chinout"
    {
      time 29.877779 35.277779
      param "E_bg_arcfwd_chinout"
      absolutetags playback_time
      {
        "apex" 0.111111
        "extreme" 0.248941
        "loop" 0.336596
        "end" 0.691653
      }
      absolutetags shifted_time
      {
        "apex" 0.142857
        "extreme" 0.328571
        "loop" 0.528571
        "end" 0.671429
      }
      sequenceduration 2.366667
    }
    event gesture "E_bg_hshake"
    {
      time 174.457733 177.591064
      param "E_bg_hshake"
      absolutetags playback_time
      {
        "apex" 0.161290
        "extreme" 0.397849
        "loop" 0.591398
        "end" 0.698925
      }
      absolutetags shifted_time
      {
        "apex" 0.161290
        "extreme" 0.397849
        "loop" 0.591398
        "end" 0.698925
      }
      sequenceduration 3.133333
    }
    event gesture "E_bg_arcfwd_nod_pod"
    {
      time 44.433338 47.500004
      param "E_bg_arcfwd_nod_pod"
      absolutetags playback_time
      {
        "apex" 0.110294
        "extreme" 0.483516
        "loop" 0.615385
        "end" 0.725275
      }
      absolutetags shifted_time
      {
        "apex" 0.147059
        "extreme" 0.338235
        "loop" 0.558824
        "end" 0.691176
      }
      sequenceduration 2.300000
    }
    event gesture "E_bg_hshake"
    {
      time 52.601395 57.968056
      param "E_bg_hshake"
      absolutetags playback_time
      {
        "apex" 0.094169
        "extreme" 0.232285
        "loop" 0.345288
        "end" 0.819876
      }
      absolutetags shifted_time
      {
        "apex" 0.161290
        "extreme" 0.397849
        "loop" 0.591398
        "end" 0.698925
      }
      sequenceduration 3.133333
    }
    event gesture "E_bg_hshake_couch"
    {
      time 221.668152 224.801483
      param "E_bg_hshake_couch"
      absolutetags playback_time
      {
        "apex" 0.161290
        "extreme" 0.397849
        "loop" 0.591398
        "end" 0.698925
      }
      absolutetags shifted_time
      {
        "apex" 0.161290
        "extreme" 0.397849
        "loop" 0.591398
        "end" 0.698925
      }
      sequenceduration 3.133333
    }
    event gesture "E_bg_hshake"
    {
      time 271.234894 274.368225
      param "E_bg_hshake"
      absolutetags playback_time
      {
        "apex" 0.161290
        "extreme" 0.397849
        "loop" 0.591398
        "end" 0.698925
      }
      absolutetags shifted_time
      {
        "apex" 0.161290
        "extreme" 0.397849
        "loop" 0.591398
        "end" 0.698925
      }
      sequenceduration 3.133333
    }
    event gesture "E_bg_arcfwd_nod_pod"
    {
      time 269.434906 271.734894
      param "E_bg_arcfwd_nod_pod"
      absolutetags playback_time
      {
        "apex" 0.147059
        "extreme" 0.338235
        "loop" 0.558824
        "end" 0.691176
      }
      absolutetags shifted_time
      {
        "apex" 0.147059
        "extreme" 0.338235
        "loop" 0.558824
        "end" 0.691176
      }
      sequenceduration 2.300000
    }
    event gesture "E_bg_arcfwd_nod_pod"
    {
      time 88.433334 90.733337
      param "E_bg_arcfwd_nod_pod"
      absolutetags playback_time
      {
        "apex" 0.147059
        "extreme" 0.338235
        "loop" 0.558824
        "end" 0.691176
      }
      absolutetags shifted_time
      {
        "apex" 0.147059
        "extreme" 0.338235
        "loop" 0.558824
        "end" 0.691176
      }
      sequenceduration 2.300000
    }
    event gesture "E_bg_smdwn_chindwn"
    {
      time 136.880936 143.117996
      param "E_bg_smdwn_chindwn"
      event_ramp
      {
        0.0000 0.7128
        5.3909 0.5026
      }
      absolutetags playback_time
      {
        "apex" 0.130481
        "extreme" 0.265347
        "loop" 0.332432
        "end" 0.771513
      }
      absolutetags shifted_time
      {
        "apex" 0.200000
        "extreme" 0.442857
        "loop" 0.614286
        "end" 0.685714
      }
      sequenceduration 2.366667
    }
    event gesture "E_bg_hshake_pod"
    {
      time 94.000008 97.133339
      param "E_bg_hshake_pod"
      absolutetags playback_time
      {
        "apex" 0.161290
        "extreme" 0.397849
        "loop" 0.698925
        "end" 0.806452
      }
      absolutetags shifted_time
      {
        "apex" 0.161290
        "extreme" 0.397849
        "loop" 0.698925
        "end" 0.806452
      }
      sequenceduration 3.133333
    }
    event gesture "E_bg_arcfwd_nod_pod"
    {
      time 80.523804 82.823807
      param "E_bg_arcfwd_nod_pod"
      absolutetags playback_time
      {
        "apex" 0.147059
        "extreme" 0.338235
        "loop" 0.558824
        "end" 0.691176
      }
      absolutetags shifted_time
      {
        "apex" 0.147059
        "extreme" 0.338235
        "loop" 0.558824
        "end" 0.691176
      }
      sequenceduration 2.300000
    }
    event gesture "E_bg_hshake_pod"
    {
      time 121.259262 124.392593
      param "E_bg_hshake_pod"
      event_ramp
      {
        0.0000 0.9897
        1.6364 0.9795
        2.4773 0.0615
      }
      absolutetags playback_time
      {
        "apex" 0.161290
        "extreme" 0.397849
        "loop" 0.698925
        "end" 0.806452
      }
      absolutetags shifted_time
      {
        "apex" 0.161290
        "extreme" 0.397849
        "loop" 0.698925
        "end" 0.806452
      }
      sequenceduration 3.133333
    }
    event gesture "E_hg_roll"
    {
      time 102.900002 105.033333
      param "E_hg_roll"
      absolutetags playback_time
      {
        "apex" 0.179487
        "extreme" 0.512821
        "loop" 0.705128
        "end" 0.769231
      }
      absolutetags shifted_time
      {
        "apex" 0.179487
        "extreme" 0.512821
        "loop" 0.705128
        "end" 0.769231
      }
      sequenceduration 2.633333
    }
    event gesture "E_bg_arcfwd_nod_pod"
    {
      time 122.924255 125.224258
      param "E_bg_arcfwd_nod_pod"
      absolutetags playback_time
      {
        "apex" 0.147059
        "extreme" 0.338235
        "loop" 0.558824
        "end" 0.691176
      }
      absolutetags shifted_time
      {
        "apex" 0.147059
        "extreme" 0.338235
        "loop" 0.558824
        "end" 0.691176
      }
      sequenceduration 2.300000
    }
    event gesture "E_bg_hshake_couch"
    {
      time 125.409096 128.542435
      param "E_bg_hshake_couch"
      absolutetags playback_time
      {
        "apex" 0.161290
        "extreme" 0.397849
        "loop" 0.591398
        "end" 0.698925
      }
      absolutetags shifted_time
      {
        "apex" 0.161290
        "extreme" 0.397849
        "loop" 0.591398
        "end" 0.698925
      }
      sequenceduration 3.133333
    }
    event gesture "E_bg_arcfwd_chinout"
    {
      time 126.621223 128.987885
      param "E_bg_arcfwd_chinout"
      absolutetags playback_time
      {
        "apex" 0.142857
        "extreme" 0.328571
        "loop" 0.528571
        "end" 0.671429
      }
      absolutetags shifted_time
      {
        "apex" 0.142857
        "extreme" 0.328571
        "loop" 0.528571
        "end" 0.671429
      }
      sequenceduration 2.366667
    }
    event gesture "E_hg_onenod"
    {
      time 202.937500 205.237503
      param "E_hg_onenod"
      absolutetags playback_time
      {
        "apex" 0.147059
        "extreme" 0.455882
        "loop" 0.647059
        "end" 0.676471
      }
      absolutetags shifted_time
      {
        "apex" 0.147059
        "extreme" 0.455882
        "loop" 0.647059
        "end" 0.676471
      }
      sequenceduration 2.300000
    }
    event gesture "E_bg_arcbk_chindwn_pod"
    {
      time 204.729156 206.862488
      param "E_bg_arcbk_chindwn_pod"
      absolutetags playback_time
      {
        "apex" 0.079365
        "extreme" 0.253968
        "loop" 0.428571
        "end" 0.634921
      }
      absolutetags shifted_time
      {
        "apex" 0.079365
        "extreme" 0.253968
        "loop" 0.428571
        "end" 0.634921
      }
      sequenceduration 2.133333
    }
    event gesture "E_hg_onenod"
    {
      time 274.291687 276.591675
      param "E_hg_onenod"
      absolutetags playback_time
      {
        "apex" 0.147059
        "extreme" 0.455882
        "loop" 0.647059
        "end" 0.676471
      }
      absolutetags shifted_time
      {
        "apex" 0.147059
        "extreme" 0.455882
        "loop" 0.647059
        "end" 0.676471
      }
      sequenceduration 2.300000
    }
    event gesture "E_hg_roll"
    {
      time 295.324646 297.957977
      param "E_hg_roll"
      absolutetags playback_time
      {
        "apex" 0.179487
        "extreme" 0.512821
        "loop" 0.705128
        "end" 0.769231
      }
      absolutetags shifted_time
      {
        "apex" 0.179487
        "extreme" 0.512821
        "loop" 0.705128
        "end" 0.769231
      }
      sequenceduration 2.633333
    }
    event gesture "E_hg_leftup"
    {
      time 306.376740 308.510071
      param "E_hg_leftup"
      absolutetags playback_time
      {
        "apex" 0.272787
        "extreme" 0.384440
        "loop" 0.480143
        "end" 0.720378
      }
      absolutetags shifted_time
      {
        "apex" 0.145833
        "extreme" 0.291667
        "loop" 0.416667
        "end" 0.500000
      }
      sequenceduration 1.633333
    }
  }
  channel "facial"
  {
    event flexanimation "Facial Animation"
    {
      time 0.181250 310.181305
      param ""
      flexanimations samples_use_time defaultcurvetype=curve_catmullrom_normalize_x_to_curve_catmullrom_normalize_x
      {
        "lid_raiser" combo 
        {
          3.2917 0.0000
          3.4600 0.0000
          18.7642 0.0000
          18.8383 0.0000
          20.3442 0.3100
          22.9642 0.3434
          23.5242 0.0000
          23.9842 0.0000
          24.5842 0.0000
          26.1908 0.0000
          26.8375 0.0000
          27.7175 0.0000
          27.8975 0.0000
          28.1775 0.0000
          28.4442 0.0000
          29.5642 0.0000
          30.6180 0.0000
          30.9872 0.0000
          31.3180 0.0000
          31.7385 0.0000
          32.0308 0.0000
          34.0615 0.0000
          34.7923 0.2000
          36.3000 0.2157
          37.7077 0.0000
          38.1308 0.0000
          40.7231 0.0000
          40.8000 0.0000
          41.0538 0.6600
          41.3615 0.6400
          41.8769 0.6335
          42.1846 1.0000
          44.2077 1.0000
          44.6692 1.0000
          45.4077 1.0000
          45.6769 1.0000
          46.1308 0.4900
          46.4769 0.0000
          46.6615 0.0000
          47.3923 0.0000
          47.9538 0.0000
          50.0771 0.0000
          50.1925 0.0000
          50.6848 0.0000
          51.7771 0.0000
          51.8617 0.0000
          52.2848 0.0000
          52.6079 0.0000
          53.0079 0.0000
          58.1231 0.0000
          58.8692 0.0000
          63.2154 0.0000
          63.4154 0.0000
          63.7231 0.0000
          64.6231 0.0000
          65.3846 0.0000
          65.7615 0.0000
          66.8154 0.0000
          67.4385 0.0000
          68.0462 0.0000
          68.6385 0.0000
          73.3923 0.0000
          75.0846 0.0000
          75.5692 0.0000
          76.6385 0.0000
          77.1231 0.0000
          78.0308 0.0000
          79.2538 0.0000
          79.9603 0.0000
          80.8372 0.0000
          80.9756 0.0000
          81.1680 0.4800
          81.5449 0.3900
          86.3910 0.3300
          86.8295 0.6100
          87.3372 0.6418
          88.3141 0.7500
          88.8526 0.7500
          89.2154 0.0000
          89.7692 0.0000
          91.2077 0.0000
          93.9846 0.0000
          94.1000 0.0000
          94.5077 0.2800
          94.9923 0.3300
          95.4154 0.1500
          96.4077 0.1500
          96.6308 0.7500
          97.0385 0.7500
          97.6539 0.3600
          98.1231 0.3600
          99.3385 0.3112
          99.6462 0.3600
          99.8308 1.0000
          100.3769 0.6400
          100.6077 0.6222
          100.9667 0.3000
          101.3417 0.2842
          101.4375 0.2888
          101.5250 0.3100
          101.9583 0.0000
          102.2792 0.0000
          102.3958 0.0000
          102.7750 0.0000
          102.9750 0.0000
          103.1583 0.0000
          103.6833 0.0000
          104.0042 0.0000
          105.6000 0.0000
          105.6500 0.0000
          108.4000 0.0000
          108.4208 0.0000
          109.2208 0.0000
          111.3917 0.0000
          111.4625 0.0000
          111.6958 0.0000
          111.9458 0.2600
          113.0375 0.2848
          113.1000 0.2838
          113.8500 0.2775
          113.8500 0.2775
          114.0083 0.5000
          114.3542 0.3815
          114.5292 0.5600
          114.8792 0.3500
          115.5000 0.1768
          115.7000 0.0000
          115.9292 0.0076
          116.2417 0.4600
          116.3083 0.5012
          117.0458 0.4695
          117.1417 0.4630
          117.5458 0.4489
          117.6792 0.4464
          117.9583 0.0000
          118.0875 0.0000
          119.4167 0.0000
          119.4833 0.0000
          119.7250 0.4100
          121.0417 0.4911
          121.3500 0.6600
          121.5625 0.4800
          121.8833 0.2300
          121.9625 0.2044
          122.5667 0.2140
          122.6250 0.2154
          123.0042 0.2195
          123.1083 0.2200
          123.3000 0.5500
          123.7583 0.9420
          125.5458 1.0000
          125.9833 0.3800
          126.0667 0.3682
          126.9208 0.3680
          126.9750 0.3682
          127.2083 0.6000
          127.3833 0.6000
          127.5667 0.1300
          128.0917 0.0000
          128.2125 0.0000
          128.2125 0.0000
          128.7958 0.0000
          129.1625 0.0000
          129.3500 0.0000
          129.7458 0.0000
          129.7875 0.0000
          129.9458 0.2900
          130.1833 0.2976
          130.3667 0.3004
          130.5333 0.3015
          130.9000 0.3025
          131.1750 0.3026
          131.6917 0.3022
          132.1792 0.3014
          132.4208 0.0000
          132.6625 0.0000
          132.9625 0.0000
          133.1000 0.0000
          135.7458 0.0000
          135.7750 0.0000
          136.3542 0.0000
          136.7565 0.0000
          137.3982 0.0000
          137.7732 0.0000
          140.5232 0.0000
          140.8149 0.0000
          141.8065 0.0000
          142.3387 0.0000
          142.5346 0.0000
          143.0096 0.0000
          143.2221 0.3800
          143.8137 0.2300
          144.8018 0.1055
          145.1893 0.0000
          145.5977 0.0000
          146.2435 0.0000
          146.6601 0.0000
          147.6893 0.0000
          149.1321 0.0000
          149.7101 0.1500
          149.8530 0.1500
          150.2196 0.0000
          150.5196 0.0323
          153.0964 0.0323
          154.0922 0.0323
          159.0083 0.0323
          159.7167 0.0323
          160.3583 0.0323
          162.5208 0.0323
          163.1333 0.0323
          163.6833 0.0323
          163.7375 0.0323
          164.0625 0.0323
          167.9041 0.0323
          167.9250 0.0323
          168.4333 0.0323
          168.8291 0.0323
          169.8500 0.0323
          170.0708 0.0323
          172.1583 0.0323
          172.6250 0.2400
          173.8541 0.2400
          173.9250 0.2400
          174.3458 0.0000
          174.8625 0.0000
          177.0708 0.0000
          177.0958 0.0000
          177.7720 0.0000
          178.6386 0.0000
          178.8095 0.0000
          179.0345 0.0000
          179.8345 0.0000
          180.3845 0.0000
          180.8928 0.0000
          181.3053 0.0000
          181.4982 0.0000
          181.8553 0.0000
          183.2732 0.0000
          183.3148 0.0000
          183.4625 0.0000
          183.6292 0.8500
          183.8292 0.5700
          184.3048 0.5700
          184.5190 0.5700
          184.7649 0.5700
          184.9607 0.5645
          185.5732 0.5645
          185.8232 0.5645
          186.0565 0.5645
          186.2941 0.0000
          187.1691 0.0000
          187.3690 0.0000
          187.4762 0.0000
          187.6137 0.0000
          187.7387 0.0000
          187.9429 0.0000
          188.8137 0.0000
          189.2512 0.0000
          189.6125 0.0000
          189.8292 0.0000
          190.1375 0.0000
          191.1375 0.0000
          192.9583 0.0000
          193.3667 0.0000
          193.6792 0.0000
          193.9333 0.0000
          194.3125 0.0000
          195.0000 0.0000
          195.3250 0.0000
          195.6375 0.0000
          196.2042 0.0000
          196.9619 0.0000
          197.2953 0.0000
          197.5703 0.0000
          198.2744 0.0000
          198.4619 0.0000
          198.9577 0.0000
          199.2036 0.0000
          199.3619 0.0000
          199.5286 0.0000
          199.6619 0.0000
          199.9119 0.0000
          200.2286 0.0000
          200.2917 0.0000
          200.5875 0.0000
          200.7542 0.0000
          201.2250 0.0000
          201.5125 0.0000
          202.0958 0.0000
          202.6083 0.0000
          202.9583 0.0000
          203.3500 0.0000
          204.1125 0.0000
          204.3167 0.1900
          204.7542 0.1900
          204.8750 0.1900
          205.1250 0.1900
          205.6833 0.1900
          205.9292 0.1900
          207.0000 0.1900
          207.2125 0.1900
          207.4500 0.1900
          207.6084 0.0000
          208.0833 0.0000
          208.7083 0.0000
          208.9042 0.1900
          209.3833 0.0000
          209.5333 0.1600
          209.9833 0.1600
          210.4958 0.1600
          210.6833 0.0000
          210.9875 0.0000
          211.2417 0.0000
          212.0375 0.0000
          212.7583 0.0000
          213.7500 0.0000
          215.1083 0.0000
          215.5875 0.0000
          215.9917 0.0000
          216.4292 0.0000
          217.3292 0.0000
          217.5750 0.0000
          217.6917 0.0000
          218.1292 0.0000
          218.5500 0.0000
          218.7667 0.0000
          219.0083 0.0000
          219.1125 0.0000
          219.3459 0.0000
          219.9816 0.0000
          220.8744 0.0000
          224.2444 0.0000
          224.2444 0.0000
          224.6024 0.0000
          225.0000 0.1100
          225.4556 0.0000
          226.1555 0.0032
          226.2000 0.0032
          226.4889 0.0032
          227.8111 0.0032
          227.9889 0.0032
          228.2667 0.0032
          228.5444 0.0032
          228.8222 0.0032
          229.2778 0.0032
          230.0444 0.0032
          230.3667 0.4000
          230.5667 0.4544
          231.4889 0.4544
          231.6444 0.4544
          231.8555 0.5900
          232.0889 0.1300
          233.0222 0.0643
          233.3889 0.0643
          233.5778 0.0643
          234.4889 0.0643
          235.9889 0.0637
          236.2667 0.0635
          236.5444 0.3600
          237.1556 0.4600
          237.4778 0.0000
          237.8450 0.0000
          238.5778 0.0000
          239.4307 0.0000
          239.7349 0.6064
          240.3445 0.6000
          240.7277 0.1970
          241.1802 0.0000
          241.5230 0.0649
          241.8587 0.0000
          243.6778 0.0000
          244.5000 0.2300
          244.7889 0.2084
          245.0778 0.3000
          245.4445 0.0000
          245.7111 0.0000
          246.0667 0.0000
          246.6889 0.0000
          247.0111 0.1500
          248.0556 0.3838
          248.3222 0.0000
          248.6889 0.0000
          248.8333 0.0000
          249.3333 0.0000
          249.6556 0.0000
          250.5889 0.0000
          250.9445 0.0000
          251.9111 0.0000
          252.3445 0.0000
          252.8445 0.0000
          253.4445 0.0000
          254.1333 0.0000
          254.5000 0.0000
          255.1889 0.0000
          255.7111 0.0000
          256.6667 0.0000
          257.0555 0.0000
          257.7889 0.0000
          258.0444 0.4600
          258.8222 0.4800
          259.0555 0.0000
          259.3889 0.0000
          259.9222 0.0000
          260.2222 0.0000
          260.5666 0.0000
          261.1888 0.0000
          261.5222 0.0000
          262.1555 0.0000
          262.8889 0.0000
          263.4333 0.0000
          263.7777 0.0000
          264.0111 0.2600
          265.3222 0.6400
          265.6555 0.0000
          265.9444 0.0000
          266.1333 0.0000
          266.7667 0.0000
          267.3445 0.0000
          268.7333 0.0000
          269.2889 0.0000
          269.6222 0.7600
          270.1444 0.2300
          271.3333 0.2900
          271.7000 0.0000
          272.1778 0.0000
          272.5111 0.0000
          272.6667 0.0000
          273.0982 0.0000
          273.4268 0.0000
          274.1833 0.0000
          274.5722 0.4000
          274.9499 0.4895
          275.3254 0.6586
          275.4579 0.0000
          276.4500 0.0000
          276.7055 0.0000
          277.4167 0.5400
          277.7389 0.2900
          279.7389 0.0000
          282.1056 0.0000
          282.9612 0.1100
          284.4500 0.0000
          285.2278 0.0000
          285.6834 0.3400
          286.7945 0.0000
          288.3389 0.0000
          288.9500 0.0000
          289.3778 0.3459
          290.1556 0.1400
          290.9778 0.3459
          293.1889 0.0000
          294.2334 0.0000
          294.4889 0.0000
          294.8556 0.5400
          295.3667 0.5400
          295.7556 0.0000
          297.8778 0.0000
          298.3223 0.0000
          299.4889 0.0000
          299.9889 0.0000
          300.5556 0.0000
          301.1889 0.0000
          304.2556 0.0000
          305.3556 0.0000
          305.9223 0.0000
          307.3112 0.0000
          307.7556 0.0000
        }
        {
          3.2917 0.5000
          3.4600 0.5000
          18.7642 0.5000
          18.8383 0.5000
          20.3442 0.5000
          22.9642 0.5000
          23.5242 0.5000
          23.9842 0.5000
          24.5842 0.5000
          26.1908 0.5000
          26.8375 0.5000
          27.7175 0.5000
          27.8975 0.5000
          28.1775 0.5000
          28.4442 0.5000
          29.5642 0.5000
          30.6180 0.5000
          30.9872 0.5000
          31.3180 0.5000
          31.7385 0.5000
          32.0308 0.5000
          34.0615 0.5000
          34.7923 0.5000
          36.3000 0.5000
          37.7077 0.5000
          38.1308 0.5000
          40.7231 0.5000
          40.8000 0.5000
          41.0538 0.5000
          41.3615 0.5000
          41.8769 0.5000
          42.1846 0.5000
          44.2077 0.5000
          44.6692 0.5000
          45.4077 0.5000
          45.6769 0.5000
          46.1308 0.5000
          46.4769 0.5000
          46.6615 0.5000
          47.3923 0.5000
          47.9538 0.5000
          50.0771 0.5000
          50.1925 0.5000
          50.6848 0.5000
          51.7771 0.5000
          51.8617 0.5000
          52.2848 0.5000
          52.6079 0.5000
          53.0079 0.5000
          58.1231 0.5000
          58.8692 0.5000
          63.2154 0.5000
          63.4154 0.5000
          63.7231 0.5000
          64.6231 0.5000
          65.3846 0.5000
          65.7615 0.5000
          66.8154 0.5000
          67.4385 0.5000
          68.0462 0.5000
          68.6385 0.5000
          73.3923 0.5000
          75.0846 0.5000
          75.5692 0.5000
          76.6385 0.5000
          77.1231 0.5000
          78.0308 0.5000
          79.2538 0.5000
          79.9603 0.5000
          80.8372 0.5000
          80.9756 0.5000
          81.1680 0.5000
          81.5449 0.5000
          86.3910 0.5000
          86.8295 0.5000
          87.3372 0.5000
          88.3141 0.5000
          88.8526 0.5000
          89.2154 0.5000
          89.7692 0.5000
          91.2077 0.5000
          93.9846 0.5000
          94.1000 0.5000
          94.5077 0.5000
          94.9923 0.5000
          95.4154 0.5000
          96.4077 0.5000
          96.6308 0.5000
          97.0385 0.5000
          97.6539 0.5000
          98.1231 0.5000
          99.3385 0.5000
          99.6462 0.5000
          99.8308 0.5000
          100.3769 0.5000
          100.6077 0.5000
          100.9667 0.5000
          101.3417 0.5000
          101.4375 0.5000
          101.5250 0.5000
          101.9583 0.5000
          102.2792 0.5000
          102.3958 0.5000
          102.7750 0.5000
          102.9750 0.5000
          103.1583 0.5000
          103.6833 0.5000
          104.0042 0.5000
          105.6000 0.5000
          105.6500 0.5000
          108.4000 0.5000
          108.4208 0.5000
          109.2208 0.5000
          111.3917 0.5000
          111.4625 0.5000
          111.6958 0.5000
          111.9458 0.5000
          113.0375 0.5000
          113.1000 0.5000
          113.8500 0.5000
          113.8500 0.5000
          114.0083 0.5000
          114.3542 0.5000
          114.5292 0.5000
          114.8792 0.5000
          115.5000 0.5000
          115.7000 0.5000
          115.9292 0.5000
          116.2417 0.5000
          116.3083 0.5000
          117.0458 0.5000
          117.1417 0.5000
          117.5458 0.5000
          117.6792 0.5000
          117.9583 0.5000
          118.0875 0.5000
          119.4167 0.5000
          119.4833 0.5000
          119.7250 0.5000
          121.0417 0.5000
          121.3500 0.5000
          121.5625 0.5000
          121.8833 0.5000
          121.9625 0.5000
          122.5667 0.5000
          122.6250 0.5000
          123.0042 0.5000
          123.1083 0.5000
          123.3000 0.5000
          123.7583 0.5000
          125.5458 0.5000
          125.9833 0.5000
          126.0667 0.5000
          126.9208 0.5000
          126.9750 0.5000
          127.2083 0.5000
          127.3833 0.5000
          127.5667 0.5000
          128.0917 0.5000
          128.2125 0.5000
          128.2125 0.5000
          128.7958 0.5000
          129.1625 0.5000
          129.3500 0.5000
          129.7458 0.5000
          129.7875 0.5000
          129.9458 0.5000
          130.1833 0.5000
          130.3667 0.5000
          130.5333 0.5000
          130.9000 0.5000
          131.1750 0.5000
          131.6917 0.5000
          132.1792 0.5000
          132.4208 0.5000
          132.6625 0.5000
          132.9625 0.5000
          133.1000 0.5000
          135.7458 0.5000
          135.7750 0.5000
          136.3542 0.5000
          136.7565 0.5000
          137.3982 0.5000
          137.7732 0.5000
          140.5232 0.5000
          140.8149 0.5000
          141.8065 0.5000
          142.3387 0.5000
          142.5346 0.5000
          143.0096 0.5000
          143.2221 0.5000
          143.8137 0.5000
          144.8018 0.5000
          145.1893 0.5000
          145.5977 0.5000
          146.2435 0.5000
          146.6601 0.5000
          147.6893 0.5000
          149.1321 0.5000
          149.7101 0.5000
          149.8530 0.5000
          150.2196 0.5000
          150.5196 0.5000
          153.0964 0.5000
          154.0922 0.5000
          159.0083 0.5000
          159.7167 0.5000
          160.3583 0.5000
          162.5208 0.5000
          163.1333 0.5000
          163.6833 0.5000
          163.7375 0.5000
          164.0625 0.5000
          167.9041 0.5000
          167.9250 0.5000
          168.4333 0.5000
          168.8291 0.5000
          169.8500 0.5000
          170.0708 0.5000
          172.1583 0.5000
          172.6250 0.5000
          173.8541 0.5000
          173.9250 0.5000
          174.3458 0.5000
          174.8625 0.5000
          177.0708 0.5000
          177.0958 0.5000
          177.7720 0.5000
          178.6386 0.5000
          178.8095 0.5000
          179.0345 0.5000
          179.8345 0.5000
          180.3845 0.5000
          180.8928 0.5000
          181.3053 0.5000
          181.4982 0.5000
          181.8553 0.5000
          183.2732 0.5000
          183.3148 0.5000
          183.4625 0.5000
          183.6292 0.5000
          183.8292 0.5000
          184.3048 0.5000
          184.5190 0.5000
          184.7649 0.5000
          184.9607 0.5000
          185.5732 0.5000
          185.8232 0.5000
          186.0565 0.5000
          186.2941 0.5000
          187.1691 0.5000
          187.3690 0.5000
          187.4762 0.5000
          187.6137 0.5000
          187.7387 0.5000
          187.9429 0.5000
          188.8137 0.5000
          189.2512 0.5000
          189.6125 0.5000
          189.8292 0.5000
          190.1375 0.5000
          191.1375 0.5000
          192.9583 0.5000
          193.3667 0.5000
          193.6792 0.5000
          193.9333 0.5000
          194.3125 0.5000
          195.0000 0.5000
          195.3250 0.5000
          195.6375 0.5000
          196.2042 0.5000
          196.9619 0.5000
          197.2953 0.5000
          197.5703 0.5000
          198.2744 0.5000
          198.4619 0.5000
          198.9577 0.5000
          199.2036 0.5000
          199.3619 0.5000
          199.5286 0.5000
          199.6619 0.5000
          199.9119 0.5000
          200.2286 0.5000
          200.2917 0.5000
          200.5875 0.5000
          200.7542 0.5000
          201.2250 0.5000
          201.5125 0.5000
          202.0958 0.5000
          202.6083 0.5000
          202.9583 0.5000
          203.3500 0.5000
          204.1125 0.5000
          204.3167 0.5000
          204.7542 0.5000
          204.8750 0.5000
          205.1250 0.5000
          205.6833 0.5000
          205.9292 0.5000
          207.0000 0.5000
          207.2125 0.5000
          207.4500 0.5000
          207.6084 0.5000
          208.0833 0.5000
          208.7083 0.5000
          208.9042 0.5000
          209.3833 0.5000
          209.5333 0.5000
          209.9833 0.5000
          210.4958 0.5000
          210.6833 0.5000
          210.9875 0.5000
          211.2417 0.5000
          212.0375 0.5000
          212.7583 0.5000
          213.7500 0.5000
          215.1083 0.5000
          215.5875 0.5000
          215.9917 0.5000
          216.4292 0.5000
          217.3292 0.5000
          217.5750 0.5000
          217.6917 0.5000
          218.1292 0.5000
          218.5500 0.5000
          218.7667 0.5000
          219.0083 0.5000
          219.1125 0.5000
          219.3459 0.5000
          219.9816 0.5000
          220.8744 0.5000
          224.2444 0.5000
          224.2444 0.5000
          224.6024 0.5000
          225.0000 0.5000
          225.4556 0.5000
          226.1555 0.5000
          226.2000 0.5000
          226.4889 0.5000
          227.8111 0.5000
          227.9889 0.5000
          228.2667 0.5000
          228.5444 0.5000
          228.8222 0.5000
          229.2778 0.5000
          230.0444 0.5000
          230.3667 0.5000
          230.5667 0.5000
          231.4889 0.5000
          231.6444 0.5000
          231.8555 0.5000
          232.0889 0.5000
          233.0222 0.5000
          233.3889 0.5000
          233.5778 0.5000
          234.4889 0.5000
          235.9889 0.5000
          236.2667 0.5000
          236.5444 0.5000
          237.1556 0.5000
          237.4778 0.5000
          237.8450 0.5000
          238.5778 0.5000
          239.4307 0.5000
          239.7349 0.5000
          240.3445 0.5000
          240.7277 0.5000
          241.1802 0.5000
          241.5230 0.5000
          241.8587 0.5000
          243.6778 0.5000
          244.5000 0.5000
          244.7889 0.5000
          245.0778 0.5000
          245.4445 0.5000
          245.7111 0.5000
          246.0667 0.5000
          246.6889 0.5000
          247.0111 0.5000
          248.0556 0.5000
          248.3222 0.5000
          248.6889 0.5000
          248.8333 0.5000
          249.3333 0.5000
          249.6556 0.5000
          250.5889 0.5000
          250.9445 0.5000
          251.9111 0.5000
          252.3445 0.5000
          252.8445 0.5000
          253.4445 0.5000
          254.1333 0.5000
          254.5000 0.5000
          255.1889 0.5000
          255.7111 0.5000
          256.6667 0.5000
          257.0555 0.5000
          257.7889 0.5000
          258.0444 0.5000
          258.8222 0.5000
          259.0555 0.5000
          259.3889 0.5000
          259.9222 0.5000
          260.2222 0.5000
          260.5666 0.5000
          261.1888 0.5000
          261.5222 0.5000
          262.1555 0.5000
          262.8889 0.5000
          263.4333 0.5000
          263.7777 0.5000
          264.0111 0.5000
          265.3222 0.5000
          265.6555 0.5000
          265.9444 0.5000
          266.1333 0.5000
          266.7667 0.5000
          267.3445 0.5000
          268.7333 0.5000
          269.2889 0.5000
          269.6222 0.5000
          270.1444 0.5000
          271.3333 0.5000
          271.7000 0.5000
          272.1778 0.5000
          272.5111 0.5000
          272.6667 0.5000
          273.0982 0.5000
          273.4268 0.5000
          274.1833 0.5000
          274.5722 0.5000
          274.9499 0.5000
          275.3254 0.5000
          275.4579 0.5000
          276.4500 0.5000
          276.7055 0.5000
          277.4167 0.5000
          277.7389 0.5000
          279.7389 0.5000
          282.1056 0.5000
          282.9612 0.5000
          284.4500 0.5000
          285.2278 0.5000
          285.6834 0.5000
          286.7945 0.5000
          288.3389 0.5000
          288.9500 0.5000
          289.3778 0.5000
          290.1556 0.5000
          290.9778 0.5000
          293.1889 0.5000
          294.2334 0.5000
          294.4889 0.5000
          294.8556 0.5000
          295.3667 0.5000
          295.7556 0.5000
          297.8778 0.5000
          298.3223 0.5000
          299.4889 0.5000
          299.9889 0.5000
          300.5556 0.5000
          301.1889 0.5000
          304.2556 0.5000
          305.3556 0.5000
          305.9223 0.5000
          307.3112 0.5000
          307.7556 0.5000
        }
        "lid_tightener" combo 
        {
          3.2917 0.3900
          3.4600 0.3952
          18.7642 0.5966
          18.8383 0.5970
          20.3442 0.1500
          22.9642 0.1015
          23.5242 0.6100
          23.9842 0.8177
          24.5842 0.4100
          26.1908 0.3375
          26.8375 0.5600
          27.7175 0.5919
          27.8975 0.2900
          28.1775 0.2788
          28.4442 0.7000
          29.5642 0.7210
          30.6180 0.3300
          30.9872 0.2174
          31.3180 0.4300
          31.7385 0.5644
          32.0308 0.8400
          34.0615 0.8545
          34.7923 0.0000
          36.3000 0.0000
          37.7077 0.8500
          38.1308 0.8500
          40.7231 0.8588
          40.8000 0.8588
          41.0538 0.0000
          41.3615 0.0000
          41.8769 0.0000
          42.1846 0.0000
          44.2077 0.0000
          44.6692 0.0000
          45.4077 0.0000
          45.6769 0.0000
          46.1308 0.9400
          46.4769 0.5600
          46.6615 0.7000
          47.3923 0.7000
          47.9538 0.5100
          50.0771 0.5100
          50.1925 0.6900
          50.6848 0.2000
          51.7771 0.1502
          51.8617 0.1502
          52.2848 0.2600
          52.6079 0.2600
          53.0079 0.4400
          58.1231 0.4778
          58.8692 0.7300
          63.2154 0.7924
          63.4154 0.7300
          63.7231 0.1600
          64.6231 0.2735
          65.3846 0.2735
          65.7615 0.7549
          66.8154 0.7549
          67.4385 0.7549
          68.0462 0.7549
          68.6385 0.3600
          73.3923 0.2600
          75.0846 0.2600
          75.5692 0.4100
          76.6385 0.4100
          77.1231 0.4100
          78.0308 0.4100
          79.2538 0.1300
          79.9603 0.5700
          80.8372 0.5724
          80.9756 0.5724
          81.1680 0.0000
          81.5449 0.0000
          86.3910 0.0000
          86.8295 0.4100
          87.3372 0.4566
          88.3141 0.2900
          88.8526 0.1500
          89.2154 1.0000
          89.7692 0.3100
          91.2077 0.4790
          93.9846 0.4790
          94.1000 0.4790
          94.5077 0.1900
          94.9923 0.1382
          95.4154 0.6900
          96.4077 0.6900
          96.6308 0.0000
          97.0385 0.5000
          97.6539 0.5000
          98.1231 0.8100
          99.3385 0.8531
          99.6462 0.8100
          99.8308 0.2500
          100.3769 0.5400
          100.6077 0.5542
          100.9667 0.0817
          101.3417 0.0217
          101.4375 0.0653
          101.5250 0.3000
          101.9583 0.5500
          102.2792 0.5613
          102.3958 0.5560
          102.7750 0.5468
          102.9750 0.6000
          103.1583 0.4000
          103.6833 0.3795
          104.0042 0.3000
          105.6000 0.2902
          105.6500 0.2901
          108.4000 0.2877
          108.4208 0.2877
          109.2208 0.1300
          111.3917 0.1278
          111.4625 0.1279
          111.6958 0.2800
          111.9458 0.0100
          113.0375 0.0000
          113.1000 0.0000
          113.8500 0.0000
          113.8500 0.0000
          114.0083 0.0000
          114.3542 0.0000
          114.5292 0.3100
          114.8792 0.3900
          115.5000 0.4552
          115.7000 0.7400
          115.9292 0.7356
          116.2417 0.2300
          116.3083 0.1839
          117.0458 0.2195
          117.1417 0.2266
          117.5458 0.0000
          117.6792 0.0000
          117.9583 0.1900
          118.0875 0.2278
          119.4167 0.2126
          119.4833 0.2126
          119.7250 0.0000
          121.0417 0.0000
          121.3500 0.0000
          121.5625 0.6500
          121.8833 0.3800
          121.9625 0.3523
          122.5667 0.3628
          122.6250 0.3642
          123.0042 0.5000
          123.1083 0.5185
          123.3000 0.1900
          123.7583 0.4800
          125.5458 1.0000
          125.9833 1.0000
          126.0667 1.0000
          126.9208 1.0000
          126.9750 1.0000
          127.2083 0.7500
          127.3833 0.7500
          127.5667 0.7496
          128.0917 0.8300
          128.2125 0.8390
          128.2125 0.8390
          128.7958 0.8376
          129.1625 0.8363
          129.3500 0.6400
          129.7458 0.6176
          129.7875 0.6181
          129.9458 0.7100
          130.1833 0.7124
          130.3667 0.7130
          130.5333 0.7129
          130.9000 0.7121
          131.1750 0.7112
          131.6917 0.7094
          132.1792 0.7067
          132.4208 0.7056
          132.6625 0.7046
          132.9625 0.7033
          133.1000 0.7034
          135.7458 0.6983
          135.7750 0.6982
          136.3542 0.3600
          136.7565 0.2426
          137.3982 0.1493
          137.7732 0.1220
          140.5232 0.0239
          140.8149 0.5700
          141.8065 1.0000
          142.3387 0.3254
          142.5346 0.2014
          143.0096 0.2662
          143.2221 0.0000
          143.8137 0.0000
          144.8018 0.0000
          145.1893 0.3917
          145.5977 0.6900
          146.2435 0.9226
          146.6601 0.9961
          147.6893 0.6000
          149.1321 0.8300
          149.7101 0.4400
          149.8530 0.4400
          150.2196 0.7900
          150.5196 0.7148
          153.0964 0.7148
          154.0922 0.2400
          159.0083 0.2400
          159.7167 0.2400
          160.3583 0.4900
          162.5208 0.5005
          163.1333 0.5005
          163.6833 0.5004
          163.7375 0.5004
          164.0625 0.2600
          167.9041 0.2600
          167.9250 0.2600
          168.4333 0.2600
          168.8291 0.7300
          169.8500 0.7300
          170.0708 0.8100
          172.1583 0.8100
          172.6250 0.1900
          173.8541 0.1900
          173.9250 0.1900
          174.3458 0.8000
          174.8625 0.8000
          177.0708 0.8000
          177.0958 0.8000
          177.7720 0.4900
          178.6386 0.4900
          178.8095 0.4900
          179.0345 0.6400
          179.8345 0.6400
          180.3845 0.6400
          180.8928 0.2400
          181.3053 0.2400
          181.4982 0.2400
          181.8553 0.2400
          183.2732 0.2399
          183.3148 0.2399
          183.4625 0.6800
          183.6292 0.0000
          183.8292 0.0000
          184.3048 0.0000
          184.5190 1.0000
          184.7649 1.0000
          184.9607 1.0000
          185.5732 1.0000
          185.8232 0.4500
          186.0565 0.4500
          186.2941 0.4500
          187.1691 0.4500
          187.3690 1.0000
          187.4762 1.0000
          187.6137 0.4300
          187.7387 0.4300
          187.9429 0.4300
          188.8137 0.7422
          189.2512 0.6400
          189.6125 0.7400
          189.8292 0.7400
          190.1375 0.7400
          191.1375 0.7400
          192.9583 0.7400
          193.3667 1.0000
          193.6792 1.0000
          193.9333 0.5600
          194.3125 0.3300
          195.0000 0.5900
          195.3250 0.5900
          195.6375 0.2800
          196.2042 0.2800
          196.9619 0.2800
          197.2953 0.5300
          197.5703 0.5300
          198.2744 0.5300
          198.4619 0.2500
          198.9577 0.2500
          199.2036 0.2500
          199.3619 0.2500
          199.5286 0.4800
          199.6619 0.4769
          199.9119 0.0800
          200.2286 0.0800
          200.2917 0.0800
          200.5875 0.0800
          200.7542 0.0800
          201.2250 0.0800
          201.5125 0.0800
          202.0958 0.0800
          202.6083 0.0800
          202.9583 0.0800
          203.3500 0.0800
          204.1125 0.0800
          204.3167 0.1600
          204.7542 0.1600
          204.8750 0.1600
          205.1250 0.1600
          205.6833 0.1600
          205.9292 0.1600
          207.0000 0.1600
          207.2125 0.3400
          207.4500 0.3400
          207.6084 0.2400
          208.0833 0.3400
          208.7083 0.3400
          208.9042 0.3600
          209.3833 0.3600
          209.5333 0.4100
          209.9833 0.4100
          210.4958 0.4100
          210.6833 0.6500
          210.9875 0.6500
          211.2417 0.6500
          212.0375 0.2600
          212.7583 0.2600
          213.7500 0.2600
          215.1083 0.2600
          215.5875 0.2600
          215.9917 0.2600
          216.4292 0.4500
          217.3292 0.4500
          217.5750 0.4500
          217.6917 0.7100
          218.1292 0.5000
          218.5500 0.5000
          218.7667 0.5500
          219.0083 0.5500
          219.1125 0.5500
          219.3459 0.5500
          219.9816 0.5500
          220.8744 0.1900
          224.2444 0.0016
          224.2444 0.0016
          224.6024 0.0000
          225.0000 0.0000
          225.4556 0.0016
          226.1555 0.0016
          226.2000 0.0016
          226.4889 0.0016
          227.8111 0.0016
          227.9889 0.0016
          228.2667 0.7600
          228.5444 0.7600
          228.8222 0.2900
          229.2778 0.5300
          230.0444 0.5588
          230.3667 0.1900
          230.5667 0.1391
          231.4889 0.1391
          231.6444 0.1391
          231.8555 0.4000
          232.0889 0.3900
          233.0222 0.3884
          233.3889 0.6500
          233.5778 0.6500
          234.4889 0.6500
          235.8000 0.6500
          235.9889 0.6432
          236.2667 0.8800
          236.5444 0.0000
          237.1556 0.0000
          237.4778 0.4600
          237.8450 0.5189
          238.5778 0.3100
          239.4307 0.5117
          239.7349 0.4932
          240.3445 0.4900
          240.7277 0.8873
          241.1802 0.5219
          241.5230 0.3578
          241.8587 1.0000
          243.6778 0.0213
          244.5000 0.0000
          244.7889 0.0013
          245.0778 0.0013
          245.4445 1.0000
          245.7111 1.0000
          246.0667 0.4800
          246.6889 0.0314
          247.0111 0.0000
          248.0556 0.0000
          248.3222 0.8600
          248.6889 1.0000
          248.8333 0.1300
          249.3333 0.0000
          249.6556 0.5400
          250.5889 1.0000
          250.9445 0.3500
          251.9111 0.0000
          252.3445 0.5700
          252.8445 0.8906
          253.4445 0.5100
          254.1333 0.1300
          254.5000 0.7100
          255.1889 1.0000
          255.7111 0.7300
          256.6667 0.7600
          257.0555 0.8400
          257.7889 0.8411
          258.0444 0.4000
          258.8222 0.0000
          259.0555 0.7400
          259.3889 0.0000
          259.9222 0.0000
          260.2222 1.0000
          260.5666 0.4800
          261.1888 0.0189
          261.5222 1.0000
          262.1555 0.6400
          262.8889 0.3500
          263.4333 0.4100
          263.7777 0.4272
          264.0111 0.0900
          265.3222 0.0000
          265.6555 0.7300
          265.9444 1.0000
          266.1333 1.0000
          266.7667 0.6600
          267.3445 0.2400
          268.7333 0.2100
          269.2889 0.3500
          269.6222 0.0000
          270.1444 0.4500
          271.3333 0.3300
          271.7000 0.7500
          272.1778 0.9552
          272.5111 1.0000
          272.6667 0.5000
          273.0982 0.0692
          273.4268 0.0720
          274.1833 0.4500
          274.5722 0.4000
          274.9499 0.3877
          275.3254 0.3594
          275.4579 0.5700
          276.4500 0.9800
          276.7055 1.0000
          277.4167 0.0000
          277.7389 0.0000
          279.7389 0.0000
          282.1056 0.0000
          282.9612 0.3900
          284.4500 0.8100
          285.2278 0.8997
          285.6834 0.3300
          286.7945 0.2100
          288.3389 0.1290
          288.9500 0.1046
          289.3778 0.0000
          290.1556 0.0000
          290.9778 0.0000
          293.1889 0.0000
          294.2334 0.0000
          294.4889 0.5900
          294.8556 0.0000
          295.3667 0.0000
          295.7556 0.3500
          297.8778 0.3500
          298.3223 0.3500
          299.4889 0.3500
          299.9889 0.3500
          300.5556 0.5400
          301.1889 0.5400
          304.2556 0.5400
          305.3556 0.5400
          305.9223 0.4600
          307.3112 0.4600
          307.7556 0.7100
        }
        {
          3.2917 0.5000
          3.4600 0.5000
          18.7642 0.5000
          18.8383 0.5000
          20.3442 0.5000
          22.9642 0.5000
          23.5242 0.5000
          23.9842 0.5000
          24.5842 0.5000
          26.1908 0.5000
          26.8375 0.5000
          27.7175 0.5000
          27.8975 0.5000
          28.1775 0.5000
          28.4442 0.5000
          29.5642 0.5000
          30.6180 0.5000
          30.9872 0.5000
          31.3180 0.5000
          31.7385 0.5000
          32.0308 0.5000
          34.0615 0.5000
          34.7923 0.5000
          36.3000 0.5000
          37.7077 0.5000
          38.1308 0.5000
          40.7231 0.5000
          40.8000 0.5000
          41.0538 0.5000
          41.3615 0.5000
          41.8769 0.5000
          42.1846 0.5000
          44.2077 0.5000
          44.6692 0.5000
          45.4077 0.5000
          45.6769 0.5000
          46.1308 0.5000
          46.4769 0.5000
          46.6615 0.5000
          47.3923 0.5000
          47.9538 0.5000
          50.0771 0.5000
          50.1925 0.5000
          50.6848 0.5000
          51.7771 0.5000
          51.8617 0.5000
          52.2848 0.5000
          52.6079 0.5000
          53.0079 0.5000
          58.1231 0.5000
          58.8692 0.5000
          63.2154 0.5000
          63.4154 0.5000
          63.7231 0.5000
          64.6231 0.5000
          65.3846 0.5000
          65.7615 0.5000
          66.8154 0.5000
          67.4385 0.5000
          68.0462 0.5000
          68.6385 0.5000
          73.3923 0.5000
          75.0846 0.5000
          75.5692 0.5000
          76.6385 0.5000
          77.1231 0.5000
          78.0308 0.5000
          79.2538 0.5000
          79.9603 0.5000
          80.8372 0.5000
          80.9756 0.5000
          81.1680 0.5000
          81.5449 0.5000
          86.3910 0.5000
          86.8295 0.5000
          87.3372 0.5000
          88.3141 0.5000
          88.8526 0.5000
          89.2154 0.5000
          89.7692 0.5000
          91.2077 0.5000
          93.9846 0.5000
          94.1000 0.5000
          94.5077 0.5000
          94.9923 0.5000
          95.4154 0.5000
          96.4077 0.5000
          96.6308 0.5000
          97.0385 0.5000
          97.6539 0.5000
          98.1231 0.5000
          99.3385 0.5000
          99.6462 0.5000
          99.8308 0.5000
          100.3769 0.5000
          100.6077 0.5000
          100.9667 0.5000
          101.3417 0.5000
          101.4375 0.5000
          101.5250 0.5000
          101.9583 0.5000
          102.2792 0.5000
          102.3958 0.5000
          102.7750 0.5000
          102.9750 0.5000
          103.1583 0.5000
          103.6833 0.5000
          104.0042 0.5000
          105.6000 0.5000
          105.6500 0.5000
          108.4000 0.5000
          108.4208 0.5000
          109.2208 0.5000
          111.3917 0.5000
          111.4625 0.5000
          111.6958 0.5000
          111.9458 0.5000
          113.0375 0.5000
          113.1000 0.5000
          113.8500 0.5000
          113.8500 0.5000
          114.0083 0.5000
          114.3542 0.5000
          114.5292 0.5000
          114.8792 0.5000
          115.5000 0.5000
          115.7000 0.5000
          115.9292 0.5000
          116.2417 0.5000
          116.3083 0.5000
          117.0458 0.5000
          117.1417 0.5000
          117.5458 0.5000
          117.6792 0.5000
          117.9583 0.5000
          118.0875 0.5000
          119.4167 0.5000
          119.4833 0.5000
          119.7250 0.5000
          121.0417 0.5000
          121.3500 0.5000
          121.5625 0.5000
          121.8833 0.5000
          121.9625 0.5000
          122.5667 0.5000
          122.6250 0.5000
          123.0042 0.5000
          123.1083 0.5000
          123.3000 0.5000
          123.7583 0.5000
          125.5458 0.5000
          125.9833 0.5000
          126.0667 0.5000
          126.9208 0.5000
          126.9750 0.5000
          127.2083 0.5000
          127.3833 0.5000
          127.5667 0.5000
          128.0917 0.5000
          128.2125 0.5000
          128.2125 0.5000
          128.7958 0.5000
          129.1625 0.5000
          129.3500 0.5000
          129.7458 0.5000
          129.7875 0.5000
          129.9458 0.5000
          130.1833 0.5000
          130.3667 0.5000
          130.5333 0.5000
          130.9000 0.5000
          131.1750 0.5000
          131.6917 0.5000
          132.1792 0.5000
          132.4208 0.5000
          132.6625 0.5000
          132.9625 0.5000
          133.1000 0.5000
          135.7458 0.5000
          135.7750 0.5000
          136.3542 0.5000
          136.7565 0.5000
          137.3982 0.5000
          137.7732 0.5000
          140.5232 0.5000
          140.8149 0.5000
          141.8065 0.5000
          142.3387 0.5000
          142.5346 0.5000
          143.0096 0.5000
          143.2221 0.5000
          143.8137 0.5000
          144.8018 0.5000
          145.1893 0.5000
          145.5977 0.5000
          146.2435 0.5000
          146.6601 0.5000
          147.6893 0.5000
          149.1321 0.5000
          149.7101 0.5000
          149.8530 0.5000
          150.2196 0.5000
          150.5196 0.5000
          153.0964 0.5000
          154.0922 0.5000
          159.0083 0.5000
          159.7167 0.5000
          160.3583 0.5000
          162.5208 0.5000
          163.1333 0.5000
          163.6833 0.5000
          163.7375 0.5000
          164.0625 0.5000
          167.9041 0.5000
          167.9250 0.5000
          168.4333 0.5000
          168.8291 0.5000
          169.8500 0.5000
          170.0708 0.5000
          172.1583 0.5000
          172.6250 0.5000
          173.8541 0.5000
          173.9250 0.5000
          174.3458 0.5000
          174.8625 0.5000
          177.0708 0.5000
          177.0958 0.5000
          177.7720 0.5000
          178.6386 0.5000
          178.8095 0.5000
          179.0345 0.5000
          179.8345 0.5000
          180.3845 0.5000
          180.8928 0.5000
          181.3053 0.5000
          181.4982 0.5000
          181.8553 0.5000
          183.2732 0.5000
          183.3148 0.5000
          183.4625 0.5000
          183.6292 0.5000
          183.8292 0.5000
          184.3048 0.5000
          184.5190 0.5000
          184.7649 0.5000
          184.9607 0.5000
          185.5732 0.5000
          185.8232 0.5000
          186.0565 0.5000
          186.2941 0.5000
          187.1691 0.5000
          187.3690 0.5000
          187.4762 0.5000
          187.6137 0.5000
          187.7387 0.5000
          187.9429 0.5000
          188.8137 0.5000
          189.2512 0.5000
          189.6125 0.5000
          189.8292 0.5000
          190.1375 0.5000
          191.1375 0.5000
          192.9583 0.5000
          193.3667 0.5000
          193.6792 0.5000
          193.9333 0.5000
          194.3125 0.5000
          195.0000 0.5000
          195.3250 0.5000
          195.6375 0.5000
          196.2042 0.5000
          196.9619 0.5000
          197.2953 0.5000
          197.5703 0.5000
          198.2744 0.5000
          198.4619 0.5000
          198.9577 0.5000
          199.2036 0.5000
          199.3619 0.5000
          199.5286 0.5000
          199.6619 0.5000
          199.9119 0.5000
          200.2286 0.5000
          200.2917 0.5000
          200.5875 0.5000
          200.7542 0.5000
          201.2250 0.5000
          201.5125 0.5000
          202.0958 0.5000
          202.6083 0.5000
          202.9583 0.5000
          203.3500 0.5000
          204.1125 0.5000
          204.3167 0.5000
          204.7542 0.5000
          204.8750 0.5000
          205.1250 0.5000
          205.6833 0.5000
          205.9292 0.5000
          207.0000 0.5000
          207.2125 0.5000
          207.4500 0.5000
          207.6084 0.5000
          208.0833 0.5000
          208.7083 0.5000
          208.9042 0.5000
          209.3833 0.5000
          209.5333 0.5000
          209.9833 0.5000
          210.4958 0.5000
          210.6833 0.5000
          210.9875 0.5000
          211.2417 0.5000
          212.0375 0.5000
          212.7583 0.5000
          213.7500 0.5000
          215.1083 0.5000
          215.5875 0.5000
          215.9917 0.5000
          216.4292 0.5000
          217.3292 0.5000
          217.5750 0.5000
          217.6917 0.5000
          218.1292 0.5000
          218.5500 0.5000
          218.7667 0.5000
          219.0083 0.5000
          219.1125 0.5000
          219.3459 0.5000
          219.9816 0.5000
          220.8744 0.5000
          224.2444 0.5000
          224.2444 0.5000
          224.6024 0.5000
          225.0000 0.5000
          225.4556 0.5000
          226.1555 0.5000
          226.2000 0.5000
          226.4889 0.5000
          227.8111 0.5000
          227.9889 0.5000
          228.2667 0.5000
          228.5444 0.5000
          228.8222 0.5000
          229.2778 0.5000
          230.0444 0.5000
          230.3667 0.5000
          230.5667 0.5000
          231.4889 0.5000
          231.6444 0.5000
          231.8555 0.5000
          232.0889 0.5000
          233.0222 0.5000
          233.3889 0.5000
          233.5778 0.5000
          234.4889 0.5000
          235.9889 0.5000
          236.2667 0.5000
          236.5444 0.5000
          237.1556 0.5000
          237.4778 0.5000
          237.8450 0.5000
          238.5778 0.5000
          239.4307 0.5187
          239.7349 0.3960
          240.3445 0.4000
          240.7277 0.2892
          241.1802 0.2855
          241.5230 0.4056
          241.8587 0.5272
          243.6778 0.5390
          244.5000 0.5000
          244.7889 0.5036
          245.0778 0.5036
          245.4445 0.5036
          245.7111 0.5036
          246.0667 0.5036
          246.6889 0.5036
          247.0111 0.5000
          248.0556 0.5000
          248.3222 0.5000
          248.6889 0.5000
          248.8333 0.5000
          249.3333 0.5000
          249.6556 0.5000
          250.5889 0.5000
          250.9445 0.5000
          251.9111 0.5000
          252.3445 0.5000
          252.8445 0.5000
          253.4445 0.5000
          254.1333 0.5000
          254.5000 0.5000
          255.1889 0.5000
          255.7111 0.5000
          256.6667 0.5000
          257.0555 0.5000
          257.7889 0.5000
          258.0444 0.5000
          258.8222 0.5000
          259.0555 0.5000
          259.3889 0.5000
          259.9222 0.5000
          260.2222 0.5000
          260.5666 0.5000
          261.1888 0.5000
          261.5222 0.5000
          262.1555 0.5000
          262.8889 0.5000
          263.4333 0.5000
          263.7777 0.5000
          264.0111 0.5000
          265.3222 0.5000
          265.6555 0.5000
          265.9444 0.5000
          266.1333 0.5000
          266.7667 0.5000
          267.3445 0.5000
          268.7333 0.5000
          269.2889 0.5000
          269.6222 0.5000
          270.1444 0.5000
          271.3333 0.5000
          271.7000 0.5000
          272.1778 0.5000
          272.5111 0.5000
          272.6667 0.5000
          273.0982 0.5000
          273.4268 0.5000
          274.1833 0.5000
          274.5722 0.5000
          274.9499 0.5000
          275.3254 0.5000
          275.4579 0.5000
          276.4500 0.5000
          276.7055 0.5000
          277.4167 0.5000
          277.7389 0.5000
          279.7389 0.5000
          282.1056 0.5000
          282.9612 0.5000
          284.4500 0.5000
          285.2278 0.5000
          285.6834 0.5000
          286.7945 0.5000
          288.3389 0.5000
          288.9500 0.5000
          289.3778 0.5000
          290.1556 0.5000
          290.9778 0.5000
          293.1889 0.5000
          294.2334 0.5000
          294.4889 0.5000
          294.8556 0.5000
          295.3667 0.5000
          295.7556 0.5000
          297.8778 0.5000
          298.3223 0.5000
          299.4889 0.5000
          299.9889 0.5000
          300.5556 0.5000
          301.1889 0.5000
          304.2556 0.5000
          305.3556 0.5000
          305.9223 0.5000
          307.3112 0.5000
          307.7556 0.5000
        }
        "inner_raiser" combo 
        {
          3.2917 0.3600
          3.4600 0.3648
          18.7642 0.5507
          18.8383 0.5511
          20.3442 0.4600
          22.9642 0.4499
          23.5242 0.6400
          23.9842 0.7173
          24.5842 0.7668
          26.1908 0.7753
          26.8375 0.4500
          27.7175 0.4030
          27.8975 0.6900
          28.1775 0.7006
          28.4442 0.2600
          29.5642 0.2380
          30.6180 0.7900
          30.9872 0.9476
          31.3180 0.9947
          31.7385 1.0000
          32.0308 1.0000
          34.0615 0.9999
          34.7923 0.6100
          36.3000 0.5791
          37.7077 0.4300
          38.1308 0.4300
          40.7231 0.4284
          40.8000 0.4284
          41.0538 1.0000
          41.3615 0.7800
          41.8769 0.7111
          42.1846 0.7111
          44.2077 0.7111
          44.6692 0.7111
          45.4077 0.7111
          45.6769 0.1900
          46.1308 0.3300
          46.4769 0.4700
          46.6615 0.4500
          47.3923 0.4500
          47.9538 0.7600
          50.0771 0.7600
          50.1925 0.7600
          50.6848 0.7600
          51.7771 0.7599
          51.8617 0.7599
          52.2848 1.0000
          52.6079 1.0000
          53.0079 1.0000
          58.1231 0.9997
          58.8692 0.3000
          63.2154 0.2995
          63.4154 0.3000
          63.7231 0.3000
          64.6231 0.3000
          65.3846 0.3000
          65.7615 0.4880
          66.8154 0.1300
          67.4385 0.1300
          68.0462 0.5500
          68.6385 0.6600
          73.3923 0.3900
          75.0846 0.3900
          75.5692 0.6400
          76.6385 0.6400
          77.1231 0.6400
          78.0308 0.6400
          79.2538 0.4000
          79.9603 0.4300
          80.8372 0.4302
          80.9756 0.4302
          81.1680 1.0000
          81.5449 1.0000
          86.3910 0.8300
          86.8295 0.0000
          87.3372 0.0000
          88.3141 0.6300
          88.8526 0.8000
          89.2154 0.0000
          89.7692 0.0000
          91.2077 0.5900
          93.9846 0.5900
          94.1000 0.5900
          94.5077 0.7300
          94.9923 0.7548
          95.4154 0.7548
          96.4077 0.7548
          96.6308 1.0000
          97.0385 0.5700
          97.6539 0.5700
          98.1231 0.5700
          99.3385 0.5372
          99.6462 0.5700
          99.8308 1.0000
          100.3769 0.8000
          100.6077 0.7900
          100.9667 0.7900
          101.3417 0.8318
          101.4375 0.7900
          101.5250 0.5600
          101.9583 0.7300
          102.2792 0.7377
          102.3958 0.7340
          102.7750 0.7274
          102.9750 0.3900
          103.1583 0.7000
          103.6833 0.7316
          104.0042 0.3000
          105.6000 0.2467
          105.6500 0.2467
          108.4000 0.2472
          108.4208 0.2472
          109.2208 0.3100
          111.3917 0.3109
          111.4625 0.3108
          111.6958 0.3104
          111.9458 0.6100
          113.0375 0.6385
          113.1000 0.6374
          113.8500 0.6293
          113.8500 0.6293
          114.0083 1.0000
          114.3542 0.8025
          114.5292 0.5034
          114.8792 0.6800
          115.5000 0.8242
          115.7000 0.4800
          115.9292 0.4711
          116.2417 0.6800
          116.3083 0.6991
          117.0458 0.6845
          117.1417 0.6814
          117.5458 0.6742
          117.6792 0.6728
          117.9583 1.0000
          118.0875 1.0000
          119.4167 1.0000
          119.4833 1.0000
          119.7250 0.9994
          121.0417 0.9990
          121.3500 1.0000
          121.5625 0.4400
          121.8833 0.5600
          121.9625 0.5723
          122.5667 0.5677
          122.6250 0.5670
          123.0042 0.3900
          123.1083 0.3656
          123.3000 0.6000
          123.7583 0.8781
          125.5458 1.0000
          125.9833 0.4000
          126.0667 0.3886
          126.9208 0.3884
          126.9750 0.3886
          127.2083 1.0000
          127.3833 1.0000
          127.5667 0.9995
          128.0917 0.4800
          128.2125 0.4201
          128.2125 0.4201
          128.7958 0.4195
          129.1625 0.4188
          129.3500 0.4184
          129.7458 0.4184
          129.7875 0.4183
          129.9458 0.4600
          130.1833 0.4611
          130.3667 0.4613
          130.5333 0.4611
          130.9000 0.4605
          131.1750 0.4599
          131.6917 0.4587
          132.1792 0.4570
          132.4208 0.4562
          132.6625 0.4556
          132.9625 0.6300
          133.1000 0.6259
          135.7458 0.5832
          135.7750 0.5829
          136.3542 0.6594
          136.7565 0.6851
          137.3982 0.7042
          137.7732 0.7090
          140.5232 0.7200
          140.8149 0.7199
          141.8065 0.2100
          142.3387 0.6631
          142.5346 0.7458
          143.0096 0.7027
          143.2221 0.9900
          143.8137 0.9000
          144.8018 0.8230
          145.1893 0.8074
          145.5977 0.9300
          146.2435 1.0000
          146.6601 1.0000
          147.6893 0.9968
          149.1321 0.3600
          149.7101 0.7400
          149.8530 0.7400
          150.2196 0.1000
          150.5196 0.2378
          153.0964 0.2378
          154.0922 0.5300
          159.0083 0.5300
          159.7167 0.5300
          160.3583 0.7000
          162.5208 0.7070
          163.1333 0.7070
          163.6833 0.7070
          163.7375 0.7070
          164.0625 0.7070
          167.9041 0.7070
          167.9250 0.7070
          168.4333 0.7070
          168.8291 0.8000
          169.8500 0.8000
          170.0708 0.0000
          172.1583 0.0000
          172.6250 0.3300
          173.8541 0.3300
          173.9250 0.3300
          174.3458 0.0000
          174.8625 0.0000
          177.0708 0.0000
          177.0958 0.0000
          177.7720 0.4600
          178.6386 0.4600
          178.8095 0.4600
          179.0345 0.8100
          179.8345 0.8100
          180.3845 0.8100
          180.8928 0.8100
          181.3053 0.8100
          181.4982 0.8100
          181.8553 0.4600
          183.2732 0.4246
          183.3148 0.4246
          183.4625 0.1300
          183.6292 1.0000
          183.8292 0.8100
          184.3048 0.8100
          184.5190 0.8100
          184.7649 0.8100
          184.9607 0.8100
          185.5732 0.8100
          185.8232 0.8100
          186.0565 0.8100
          186.2941 0.4400
          187.1691 0.4400
          187.3690 0.4400
          187.4762 0.4400
          187.6137 0.4400
          187.7387 0.5900
          187.9429 0.5900
          188.8137 0.7411
          189.2512 0.7411
          189.6125 0.7411
          189.8292 0.7411
          190.1375 0.7411
          191.1375 0.7411
          192.9583 0.7411
          193.3667 0.3300
          193.6792 0.3300
          193.9333 0.6900
          194.3125 0.6900
          195.0000 0.8100
          195.3250 0.8100
          195.6375 0.9800
          196.2042 0.9800
          196.9619 0.9800
          197.2953 0.6600
          197.5703 0.6600
          198.2744 0.6600
          198.4619 1.0000
          198.9577 0.6000
          199.2036 0.3000
          199.3619 0.3000
          199.5286 0.5400
          199.6619 0.5368
          199.9119 0.2800
          200.2286 0.2800
          200.2917 0.2800
          200.5875 0.2800
          200.7542 0.2800
          201.2250 0.7000
          201.5125 0.6683
          202.0958 0.4800
          202.6083 0.5311
          202.9583 0.5311
          203.3500 0.7900
          204.1125 0.7900
          204.3167 0.7900
          204.7542 0.7900
          204.8750 0.8900
          205.1250 0.5400
          205.6833 0.5400
          205.9292 1.0000
          207.0000 1.0000
          207.2125 1.0000
          207.4500 1.0000
          207.6084 1.0000
          208.0833 0.5000
          208.7083 0.5000
          208.9042 0.9000
          209.3833 0.6000
          209.5333 0.8600
          209.9833 0.8600
          210.4958 0.8600
          210.6833 0.9800
          210.9875 0.9800
          211.2417 0.9800
          212.0375 0.9800
          212.7583 0.5000
          213.7500 0.5000
          215.1083 0.5000
          215.5875 0.5000
          215.9917 0.5000
          216.4292 0.6100
          217.3292 0.6100
          217.5750 0.6100
          217.6917 1.0000
          218.1292 0.6500
          218.5500 0.6500
          218.7667 0.8800
          219.0083 0.8800
          219.1125 0.8800
          219.3459 0.8800
          219.9816 0.8800
          220.8744 0.4000
          224.2444 0.5069
          224.2444 0.5069
          224.6024 0.5100
          225.0000 0.5300
          225.4556 0.5900
          226.1555 0.5884
          226.2000 0.5884
          226.4889 0.5884
          227.8111 0.5878
          227.9889 0.5878
          228.2667 0.5878
          228.5444 0.5878
          228.8222 0.8378
          229.2778 0.5878
          230.0444 0.5570
          230.3667 0.8000
          230.5667 0.8330
          231.4889 0.8330
          231.6444 0.8330
          231.8555 0.4500
          232.0889 0.4500
          233.0222 0.4498
          233.3889 0.1300
          233.5778 0.1300
          234.4889 0.1300
          235.9889 0.1286
          236.2667 0.1283
          236.5444 0.7900
          237.1556 0.9600
          237.4778 0.4300
          237.8450 0.2342
          238.5778 0.1900
          239.4307 0.0000
          239.7349 0.9714
          240.3445 0.9500
          240.7277 0.2800
          241.1802 0.6300
          241.5230 0.7111
          241.8587 0.1100
          243.6778 0.1660
          244.5000 0.0532
          244.7889 0.0620
          245.0778 0.7900
          245.4445 1.0000
          245.7111 1.0000
          246.0667 0.9800
          246.6889 0.5000
          247.0111 0.7600
          248.0556 1.0000
          248.3222 0.0000
          248.6889 0.0000
          248.8333 0.6600
          249.3333 1.0000
          249.6556 0.5000
          250.5889 0.0000
          250.9445 0.6600
          251.9111 1.0000
          252.3445 0.0000
          252.8445 0.0000
          253.4445 0.4300
          254.1333 1.0000
          254.5000 0.0000
          255.1889 0.0000
          255.7111 0.0000
          256.6667 0.0000
          257.0555 0.2500
          257.7889 0.2535
          258.0444 1.0000
          258.8222 0.7900
          259.0555 0.7570
          259.3889 0.7342
          259.9222 0.7124
          260.2222 0.0000
          260.5666 0.0000
          261.1888 0.0000
          261.5222 0.0000
          262.1555 0.0000
          262.8889 0.4900
          263.4333 1.0000
          263.7777 1.0000
          264.0111 0.9974
          265.3222 1.0000
          265.6555 0.9965
          265.9444 0.9917
          266.1333 0.0000
          266.7667 0.0000
          267.3445 0.0000
          268.7333 0.5600
          269.2889 0.3100
          269.6222 1.0000
          270.1444 1.0000
          271.3333 0.9838
          271.7000 0.5900
          272.1778 0.2941
          272.5111 0.1996
          272.6667 0.5501
          273.0982 0.5452
          273.4268 0.9800
          274.1833 0.7300
          274.5722 0.2389
          274.9499 0.7635
          275.3254 0.8600
          275.4579 0.7000
          276.4500 0.0000
          276.7055 0.0000
          277.4167 0.6000
          277.7389 0.7302
          279.7389 0.7400
          282.1056 0.4400
          282.9612 0.5900
          284.4500 0.4900
          285.2278 0.4573
          285.6834 0.8400
          286.7945 0.6100
          288.3389 0.4465
          288.9500 0.3930
          289.3778 0.5400
          290.1556 0.4600
          290.9778 0.5400
          293.1889 0.7400
          294.2334 0.7400
          294.4889 0.0000
          294.8556 0.8600
          295.3667 0.8600
          295.7556 0.3900
          297.8778 0.3900
          298.3223 0.7500
          299.4889 0.7500
          299.9889 0.7500
          300.5556 0.8800
          301.1889 0.8800
          304.2556 0.8800
          305.3556 0.8800
          305.9223 0.8800
          307.3112 0.9400
          307.7556 0.9400
        }
        {
          3.2917 0.5000
          3.4600 0.5000
          18.7642 0.5000
          18.8383 0.5000
          20.3442 0.5000
          22.9642 0.5000
          23.5242 0.5000
          23.9842 0.5000
          24.5842 0.5000
          26.1908 0.5000
          26.8375 0.5000
          27.7175 0.5000
          27.8975 0.5000
          28.1775 0.5000
          28.4442 0.5000
          29.5642 0.5000
          30.6180 0.5000
          30.9872 0.5000
          31.3180 0.5000
          31.7385 0.5000
          32.0308 0.5000
          34.0615 0.5000
          34.7923 0.5000
          36.3000 0.5000
          37.7077 0.5000
          38.1308 0.5000
          40.7231 0.5000
          40.8000 0.5000
          41.0538 0.5000
          41.3615 0.5000
          41.8769 0.5000
          42.1846 0.5000
          44.2077 0.5000
          44.6692 0.5000
          45.4077 0.5000
          45.6769 0.5000
          46.1308 0.5000
          46.4769 0.5000
          46.6615 0.5000
          47.3923 0.5000
          47.9538 0.5000
          50.0771 0.5000
          50.1925 0.5000
          50.6848 0.5000
          51.7771 0.5000
          51.8617 0.5000
          52.2848 0.5000
          52.6079 0.5000
          53.0079 0.5000
          58.1231 0.5000
          58.8692 0.5000
          63.2154 0.5000
          63.4154 0.5000
          63.7231 0.5000
          64.6231 0.5000
          65.3846 0.5000
          65.7615 0.5000
          66.8154 0.5000
          67.4385 0.5000
          68.0462 0.5000
          68.6385 0.5000
          73.3923 0.5000
          75.0846 0.5000
          75.5692 0.5000
          76.6385 0.5000
          77.1231 0.5000
          78.0308 0.5000
          79.2538 0.5000
          79.9603 1.0000
          80.8372 1.0000
          80.9756 1.0000
          81.1680 0.5500
          81.5449 0.7500
          86.3910 0.7663
          86.8295 0.5300
          87.3372 0.5300
          88.3141 0.5300
          88.8526 0.5300
          89.2154 0.5000
          89.7692 0.5000
          91.2077 0.8481
          93.9846 0.8481
          94.1000 0.8481
          94.5077 0.6400
          94.9923 0.6027
          95.4154 0.6027
          96.4077 0.6027
          96.6308 0.6027
          97.0385 0.6027
          97.6539 0.6027
          98.1231 0.6027
          99.3385 0.6027
          99.6462 0.6027
          99.8308 0.6027
          100.3769 0.6027
          100.6077 0.6027
          100.9667 0.6027
          101.3417 0.6027
          101.4375 0.6027
          101.5250 0.6027
          101.9583 1.0000
          102.2792 1.0000
          102.3958 1.0000
          102.7750 0.9995
          102.9750 0.5900
          103.1583 0.6000
          103.6833 0.6010
          104.0042 0.6012
          105.6000 0.6013
          105.6500 0.6013
          108.4000 0.6002
          108.4208 0.6002
          109.2208 0.5998
          111.3917 0.5998
          111.4625 0.5998
          111.6958 0.5997
          111.9458 0.5996
          113.0375 0.5996
          113.1000 0.5996
          113.8500 0.5993
          113.8500 0.5993
          114.0083 0.5993
          114.3542 0.5993
          114.5292 0.5993
          114.8792 0.5993
          115.5000 0.5992
          115.7000 0.5991
          115.9292 0.5990
          116.2417 0.5988
          116.3083 0.5988
          117.0458 0.5989
          117.1417 0.5988
          117.5458 0.5987
          117.6792 0.5986
          117.9583 0.5985
          118.0875 0.5985
          119.4167 0.5985
          119.4833 0.5985
          119.7250 0.5984
          121.0417 0.5984
          121.3500 0.5984
          121.5625 0.5983
          121.8833 0.5983
          121.9625 0.5983
          122.5667 0.5983
          122.6250 0.5983
          123.0042 0.5982
          123.1083 0.5981
          123.3000 0.5980
          123.7583 0.5978
          125.5458 0.5969
          125.9833 0.5966
          126.0667 0.5966
          126.9208 0.5966
          126.9750 0.5966
          127.2083 0.5965
          127.3833 0.5965
          127.5667 0.5965
          128.0917 0.5963
          128.2125 0.5962
          128.2125 0.5962
          128.7958 0.5961
          129.1625 0.5959
          129.3500 0.9300
          129.7458 0.9681
          129.7875 0.9671
          129.9458 1.0000
          130.1833 1.0000
          130.3667 0.9997
          130.5333 0.9994
          130.9000 0.9985
          131.1750 0.9978
          131.6917 0.9964
          132.1792 0.9945
          132.4208 0.9936
          132.6625 0.9929
          132.9625 0.9920
          133.1000 0.9921
          135.7458 0.9886
          135.7750 0.9885
          136.3542 0.7617
          136.7565 0.6830
          137.3982 0.6203
          137.7732 0.6020
          140.5232 0.5359
          140.8149 0.5324
          141.8065 0.5264
          142.3387 0.5248
          142.5346 0.5244
          143.0096 0.5246
          143.2221 0.4600
          143.8137 0.3708
          144.8018 0.2975
          145.1893 0.2839
          145.5977 0.2770
          146.2435 0.2720
          146.6601 0.2707
          147.6893 0.2699
          149.1321 0.2699
          149.7101 0.2699
          149.8530 0.2699
          150.2196 0.2699
          150.5196 0.2699
          153.0964 0.2699
          154.0922 0.2699
          159.0083 0.2699
          159.7167 0.2699
          160.3583 0.2699
          162.5208 0.2699
          163.1333 0.5700
          163.6833 0.5771
          163.7375 0.5771
          164.0625 0.5771
          167.9041 0.5771
          167.9250 0.5771
          168.4333 0.5771
          168.8291 0.5771
          169.8500 0.5771
          170.0708 0.5771
          172.1583 0.5771
          172.6250 0.5771
          173.8541 0.5771
          173.9250 0.5771
          174.3458 0.5771
          174.8625 0.5771
          177.0708 0.5771
          177.0958 0.5771
          177.7720 0.5771
          178.6386 0.5771
          178.8095 0.5771
          179.0345 0.5771
          179.8345 0.5771
          180.3845 0.5771
          180.8928 0.5771
          181.3053 0.5771
          181.4982 0.5771
          181.8553 0.5771
          183.2732 0.5771
          183.3148 0.5771
          183.4625 0.5771
          183.6292 0.5771
          183.8292 0.5771
          184.3048 0.5771
          184.5190 0.5771
          184.7649 0.5771
          184.9607 0.5771
          185.5732 0.5771
          185.8232 0.6100
          186.0565 0.6100
          186.2941 0.4300
          187.1691 0.4300
          187.3690 0.4300
          187.4762 0.4300
          187.6137 0.4300
          187.7387 0.4300
          187.9429 0.4300
          188.8137 0.4300
          189.2512 0.4300
          189.6125 0.4300
          189.8292 0.4300
          190.1375 0.4300
          191.1375 0.4300
          192.9583 0.4300
          193.3667 0.4300
          193.6792 0.4300
          193.9333 0.4300
          194.3125 0.4300
          195.0000 0.4300
          195.3250 0.4300
          195.6375 0.4300
          196.2042 0.4300
          196.9619 0.4300
          197.2953 0.4300
          197.5703 0.4300
          198.2744 0.4300
          198.4619 0.4300
          198.9577 0.4300
          199.2036 0.4300
          199.3619 0.4300
          199.5286 0.4300
          199.6619 0.4300
          199.9119 0.4300
          200.2286 0.4300
          200.2917 0.4300
          200.5875 0.4300
          200.7542 0.4300
          201.2250 0.4300
          201.5125 0.4300
          202.0958 0.4300
          202.6083 0.4300
          202.9583 0.4300
          203.3500 0.4300
          204.1125 0.4300
          204.3167 0.4300
          204.7542 0.4300
          204.8750 0.4300
          205.1250 0.4300
          205.6833 0.4300
          205.9292 0.4300
          207.0000 0.4300
          207.2125 0.4300
          207.4500 0.4300
          207.6084 0.4300
          208.0833 0.4300
          208.7083 0.4300
          208.9042 0.4300
          209.3833 0.4300
          209.5333 0.4300
          209.9833 0.4300
          210.4958 0.4300
          210.6833 0.4300
          210.9875 0.4300
          211.2417 0.4300
          212.0375 0.4300
          212.7583 0.4300
          213.7500 0.4300
          215.1083 0.4300
          215.5875 0.4300
          215.9917 0.4300
          216.4292 0.4300
          217.3292 0.4300
          217.5750 0.4300
          217.6917 0.4300
          218.1292 0.4300
          218.5500 0.4300
          218.7667 0.4300
          219.0083 0.4300
          219.1125 0.4300
          219.3459 0.4300
          219.9816 0.4300
          220.8744 0.4300
          224.2444 0.4991
          224.2444 0.4991
          224.6024 0.5000
          225.0000 0.5029
          225.4556 0.4991
          226.1555 0.4992
          226.2000 0.4992
          226.4889 0.4992
          227.8111 0.4992
          227.9889 0.4992
          228.2667 0.4992
          228.5444 0.4992
          228.8222 0.4992
          229.2778 0.4992
          230.0444 0.4992
          230.3667 0.4992
          230.5667 0.4992
          231.4889 0.4992
          231.6444 0.4992
          231.8555 0.4992
          232.0889 0.4992
          233.0222 0.4992
          233.3889 0.4992
          233.5778 0.4992
          234.4889 0.4992
          235.9889 0.4992
          236.2667 0.4992
          236.5444 0.6400
          237.1556 0.8000
          237.4778 0.8347
          237.8450 0.8445
          238.5778 0.8381
          239.4307 0.5000
          239.7349 0.6846
          240.3445 0.6800
          240.7277 0.7206
          241.1802 0.6977
          241.5230 0.6134
          241.8587 0.5319
          243.6778 0.5000
          244.5000 0.1675
          244.7889 0.1979
          245.0778 0.4300
          245.4445 0.5758
          245.7111 0.6282
          246.0667 0.6625
          246.6889 0.6910
          247.0111 0.5100
          248.0556 0.2262
          248.3222 0.5100
          248.6889 0.5000
          248.8333 0.5000
          249.3333 0.5000
          249.6556 0.5000
          250.5889 0.5000
          250.9445 0.5000
          251.9111 0.5000
          252.3445 0.5000
          252.8445 0.5000
          253.4445 0.5000
          254.1333 0.5000
          254.5000 0.5000
          255.1889 0.5000
          255.7111 0.5000
          256.6667 0.5000
          257.0555 0.5000
          257.7889 0.5000
          258.0444 0.5000
          258.8222 0.5000
          259.0555 0.5000
          259.3889 0.5000
          259.9222 0.5000
          260.2222 0.5000
          260.5666 0.5000
          261.1888 0.5000
          261.5222 0.5000
          262.1555 0.5000
          262.8889 0.5000
          263.4333 0.5000
          263.7777 0.5000
          264.0111 0.5000
          265.3222 0.5000
          265.6555 0.5000
          265.9444 0.5000
          266.1333 0.5000
          266.7667 0.5000
          267.3445 0.5000
          268.7333 0.5000
          269.2889 0.5000
          269.6222 0.5000
          270.1444 0.5000
          271.3333 0.5000
          271.7000 0.5000
          272.1778 0.5000
          272.5111 0.5000
          272.6667 0.5000
          273.0982 0.5000
          273.4268 0.5000
          274.1833 0.5000
          274.5722 0.5000
          274.9499 0.5000
          275.3254 0.5000
          275.4579 0.5000
          276.4500 0.5000
          276.7055 0.5000
          277.4167 0.5000
          277.7389 0.5000
          279.7389 0.5000
          282.1056 0.5000
          282.9612 0.5000
          284.4500 0.5000
          285.2278 0.5000
          285.6834 0.5000
          286.7945 0.5000
          288.3389 0.5000
          288.9500 0.5000
          289.3778 0.6900
          290.1556 0.5000
          290.9778 0.6900
          293.1889 0.7800
          294.2334 0.7800
          294.4889 0.4900
          294.8556 0.4900
          295.3667 0.4900
          295.7556 0.4900
          297.8778 0.4900
          298.3223 0.4900
          299.4889 0.4900
          299.9889 0.4900
          300.5556 0.7800
          301.1889 0.7800
          304.2556 0.7800
          305.3556 0.7800
          305.9223 0.7800
          307.3112 0.6800
          307.7556 0.6800
        }
        "outer_raiser" combo 
        {
          3.2917 0.0900
          3.4600 0.0912
          18.7642 0.1377
          18.8383 0.1378
          20.3442 0.2300
          22.9642 0.2399
          23.5242 0.0000
          23.9842 0.0000
          24.5842 0.0000
          26.1908 0.0000
          26.8375 0.0000
          27.7175 0.0000
          27.8975 0.0000
          28.1775 0.0000
          28.4442 0.0000
          29.5642 0.0000
          30.6180 0.0000
          30.9872 0.0000
          31.3180 0.0000
          31.7385 0.0000
          32.0308 0.0000
          34.0615 0.0000
          34.7923 0.0000
          36.3000 0.0000
          37.7077 0.0000
          38.1308 0.0000
          40.7231 0.0000
          40.8000 0.0000
          41.0538 0.6900
          41.3615 0.5600
          41.8769 0.5192
          42.1846 0.0900
          44.2077 0.0900
          44.6692 0.0900
          45.4077 0.0900
          45.6769 0.0000
          46.1308 0.0000
          46.4769 0.0000
          46.6615 0.0000
          47.3923 0.0000
          47.9538 0.0000
          50.0771 0.0000
          50.1925 0.0000
          50.6848 0.2900
          51.7771 0.3194
          51.8617 0.3194
          52.2848 0.0000
          52.6079 0.0000
          53.0079 0.0000
          58.1231 0.0000
          58.8692 0.0000
          63.2154 0.0000
          63.4154 0.0000
          63.7231 0.0000
          64.6231 0.0000
          65.3846 0.0000
          65.7615 0.0000
          66.8154 0.0000
          67.4385 0.0000
          68.0462 0.0000
          68.6385 0.0000
          73.3923 0.0000
          75.0846 0.0000
          75.5692 0.0000
          76.6385 0.0000
          77.1231 0.0000
          78.0308 0.0000
          79.2538 0.0000
          79.9603 1.0000
          80.8372 1.0000
          80.9756 1.0000
          81.1680 1.0000
          81.5449 1.0000
          86.3910 0.8100
          86.8295 0.0000
          87.3372 0.0000
          88.3141 0.5100
          88.8526 0.7400
          89.2154 0.0000
          89.7692 0.0000
          91.2077 0.4600
          93.9846 0.4600
          94.1000 0.4600
          94.5077 0.6800
          94.9923 0.7192
          95.4154 0.7192
          96.4077 0.7192
          96.6308 0.9000
          97.0385 0.5500
          97.6539 0.5500
          98.1231 0.5500
          99.3385 0.5157
          99.6462 0.5500
          99.8308 1.0000
          100.3769 0.5700
          100.6077 0.5487
          100.9667 0.5487
          101.3417 0.5848
          101.4375 0.5487
          101.5250 0.3500
          101.9583 0.6300
          102.2792 0.6427
          102.3958 0.6367
          102.7750 0.6264
          102.9750 0.3100
          103.1583 0.6900
          103.6833 0.7288
          104.0042 0.4400
          105.6000 0.4043
          105.6500 0.4043
          108.4000 0.4022
          108.4208 0.4022
          109.2208 0.1800
          111.3917 0.1769
          111.4625 0.1771
          111.6958 0.1774
          111.9458 0.4400
          113.0375 0.4650
          113.1000 0.4640
          113.8500 0.4572
          113.8500 0.4572
          114.0083 0.8500
          114.3542 0.6407
          114.5292 0.0000
          114.8792 0.2035
          115.5000 0.3705
          115.7000 0.3000
          115.9292 0.3016
          116.2417 0.4400
          116.3083 0.4526
          117.0458 0.4430
          117.1417 0.4409
          117.5458 0.1800
          117.6792 0.1370
          117.9583 0.0919
          118.0875 0.0830
          119.4167 0.0865
          119.4833 0.0865
          119.7250 0.2400
          121.0417 0.2703
          121.3500 0.8300
          121.5625 0.0000
          121.8833 0.0000
          121.9625 0.0000
          122.5667 0.0000
          122.6250 0.0000
          123.0042 0.0000
          123.1083 0.0000
          123.3000 0.0000
          123.7583 0.0000
          125.5458 0.0000
          125.9833 0.0000
          126.0667 0.0000
          126.9208 0.0000
          126.9750 0.0000
          127.2083 0.5400
          127.3833 0.5400
          127.5667 0.5397
          128.0917 0.3300
          128.2125 0.3058
          128.2125 0.3058
          128.7958 0.3053
          129.1625 0.3048
          129.3500 0.3045
          129.7458 0.3045
          129.7875 0.3045
          129.9458 0.5600
          130.1833 0.5667
          130.3667 0.5690
          130.5333 0.5698
          130.9000 0.5700
          131.1750 0.5697
          131.6917 0.5686
          132.1792 0.5667
          132.4208 0.5658
          132.6625 0.5650
          132.9625 0.1500
          133.1000 0.1597
          135.7458 0.2490
          135.7750 0.2495
          136.3542 0.5676
          136.7565 0.6770
          137.3982 0.7623
          137.7732 0.7863
          140.5232 0.8648
          140.8149 0.8682
          141.8065 0.0000
          142.3387 0.1000
          142.5346 0.1183
          143.0096 0.1088
          143.2221 0.1066
          143.8137 0.1033
          144.8018 0.1003
          145.1893 0.0997
          145.5977 0.0992
          146.2435 0.0986
          146.6601 0.0983
          147.6893 0.0976
          149.1321 0.0976
          149.7101 0.0976
          149.8530 0.0976
          150.2196 0.0976
          150.5196 0.0976
          153.0964 0.0976
          154.0922 0.0976
          159.0083 0.0976
          159.7167 0.0976
          160.3583 0.0976
          162.5208 0.0976
          163.1333 0.5100
          163.6833 0.5198
          163.7375 0.5198
          164.0625 0.5198
          167.9041 0.5198
          167.9250 0.5198
          168.4333 0.5198
          168.8291 0.0000
          169.8500 0.0000
          170.0708 0.0000
          172.1583 0.0000
          172.6250 0.0000
          173.8541 0.0000
          173.9250 0.0000
          174.3458 0.0000
          174.8625 0.0000
          177.0708 0.0000
          177.0958 0.0000
          177.7720 0.0000
          178.6386 0.0000
          178.8095 0.0000
          179.0345 0.0000
          179.8345 0.0000
          180.3845 0.0000
          180.8928 0.0000
          181.3053 0.0000
          181.4982 0.0000
          181.8553 0.2000
          183.2732 0.2201
          183.3148 0.2201
          183.4625 0.0000
          183.6292 1.0000
          183.8292 0.4100
          184.3048 0.4100
          184.5190 0.4100
          184.7649 0.4100
          184.9607 0.4108
          185.5732 0.4108
          185.8232 0.4108
          186.0565 0.4108
          186.2941 0.0000
          187.1691 0.0000
          187.3690 0.0000
          187.4762 0.0000
          187.6137 0.0000
          187.7387 0.2900
          187.9429 0.2900
          188.8137 0.2900
          189.2512 0.0000
          189.6125 0.0000
          189.8292 0.0000
          190.1375 0.0000
          191.1375 0.0000
          192.9583 0.0000
          193.3667 0.0000
          193.6792 0.0000
          193.9333 0.0000
          194.3125 0.3300
          195.0000 0.0900
          195.3250 0.0900
          195.6375 0.5900
          196.2042 0.5900
          196.9619 0.5900
          197.2953 0.1800
          197.5703 0.1800
          198.2744 0.1800
          198.4619 0.5000
          198.9577 0.3100
          199.2036 0.1400
          199.3619 0.1400
          199.5286 0.3500
          199.6619 0.3472
          199.9119 0.0000
          200.2286 0.0000
          200.2917 0.0000
          200.5875 0.0000
          200.7542 0.0000
          201.2250 0.0000
          201.5125 0.0000
          202.0958 0.3900
          202.6083 0.2800
          202.9583 0.2800
          203.3500 0.5700
          204.1125 0.5700
          204.3167 0.0600
          204.7542 0.0600
          204.8750 0.7300
          205.1250 0.3000
          205.6833 0.3000
          205.9292 0.4600
          207.0000 0.4600
          207.2125 0.4600
          207.4500 0.4600
          207.6084 0.4600
          208.0833 0.2600
          208.7083 0.2600
          208.9042 0.6900
          209.3833 0.4000
          209.5333 0.6900
          209.9833 0.6900
          210.4958 0.6900
          210.6833 0.6500
          210.9875 0.6500
          211.2417 0.6500
          212.0375 0.6500
          212.7583 0.4000
          213.7500 0.4000
          215.1083 0.4000
          215.5875 0.4000
          215.9917 0.4000
          216.4292 0.6000
          217.3292 0.6000
          217.5750 0.6000
          217.6917 0.6900
          218.1292 0.4500
          218.5500 0.4500
          218.7667 0.0000
          219.0083 0.0000
          219.1125 0.0000
          219.3459 0.0000
          219.9816 0.0000
          220.8744 0.0300
          224.2444 0.0000
          224.2444 0.0000
          224.6024 0.0000
          225.0000 0.2800
          225.4556 0.0000
          226.1555 0.0082
          226.2000 0.0082
          226.4889 0.3500
          227.8111 0.4544
          227.9889 0.4544
          228.2667 0.4544
          228.5444 0.4544
          228.8222 0.8144
          229.2778 0.4544
          230.0444 0.4103
          230.3667 0.5000
          230.5667 0.5121
          231.4889 0.5121
          231.6444 0.5121
          231.8555 0.3300
          232.0889 0.3300
          233.0222 0.3299
          233.3889 0.1300
          233.5778 0.1300
          234.4889 0.1300
          235.9889 0.1286
          236.2667 0.1283
          236.5444 0.7600
          237.1556 0.7400
          237.4778 0.0000
          237.8450 0.0000
          238.5778 0.0000
          239.4307 0.0000
          239.7349 0.7586
          240.3445 0.7400
          240.7277 0.3800
          241.1802 0.6100
          241.5230 0.5524
          241.8587 0.0000
          243.6778 0.0490
          244.5000 0.0000
          244.7889 0.0034
          245.0778 0.0034
          245.4445 0.0034
          245.7111 0.0034
          246.0667 0.0033
          246.6889 0.0033
          247.0111 0.4100
          248.0556 1.0000
          248.3222 0.0000
          248.6889 0.0000
          248.8333 0.2900
          249.3333 0.7826
          249.6556 0.0000
          250.5889 0.0000
          250.9445 0.3900
          251.9111 0.8100
          252.3445 0.0000
          252.8445 0.0000
          253.4445 0.0000
          254.1333 0.1900
          254.5000 0.0000
          255.1889 0.0000
          255.7111 0.0000
          256.6667 0.0000
          257.0555 0.0000
          257.7889 0.0000
          258.0444 0.3600
          258.8222 0.4000
          259.0555 0.0400
          259.3889 0.0005
          259.9222 0.0000
          260.2222 0.0000
          260.5666 0.0000
          261.1888 0.0000
          261.5222 0.0000
          262.1555 0.0000
          262.8889 0.0000
          263.4333 0.0000
          263.7777 0.0000
          264.0111 0.0000
          265.3222 0.0000
          265.6555 0.0000
          265.9444 0.0000
          266.1333 0.0000
          266.7667 0.0000
          267.3445 0.0000
          268.7333 0.0000
          269.2889 0.0000
          269.6222 0.6900
          270.1444 0.3900
          271.3333 0.6800
          271.7000 0.2900
          272.1778 0.0618
          272.5111 0.0000
          272.6667 0.0000
          273.0982 0.0000
          273.4268 0.0000
          274.1833 0.0000
          274.5722 0.0000
          274.9499 0.5507
          275.3254 0.7409
          275.4579 0.4900
          276.4500 0.0000
          276.7055 0.0000
          277.4167 0.4100
          277.7389 0.4990
          279.7389 0.5000
          282.1056 0.1600
          282.9612 0.3500
          284.4500 0.3100
          285.2278 0.2950
          285.6834 0.6300
          286.7945 0.4000
          288.3389 0.2449
          288.9500 0.1982
          289.3778 0.4500
          290.1556 0.2400
          290.9778 0.4500
          293.1889 0.5900
          294.2334 0.5900
          294.4889 0.0000
          294.8556 0.6400
          295.3667 0.6400
          295.7556 0.3400
          297.8778 0.3400
          298.3223 0.0000
          299.4889 0.0000
          299.9889 0.0000
          300.5556 0.4800
          301.1889 0.4800
          304.2556 0.4800
          305.3556 0.4800
          305.9223 0.4800
          307.3112 0.7000
          307.7556 0.3900
        }
        {
          3.2917 0.5000
          3.4600 0.5000
          18.7642 0.5000
          18.8383 0.5000
          20.3442 0.5000
          22.9642 0.5000
          23.5242 0.5000
          23.9842 0.5000
          24.5842 0.5000
          26.1908 0.5000
          26.8375 0.5000
          27.7175 0.5000
          27.8975 0.5000
          28.1775 0.5000
          28.4442 0.5000
          29.5642 0.5000
          30.6180 0.5000
          30.9872 0.5000
          31.3180 0.5000
          31.7385 0.5000
          32.0308 0.5000
          34.0615 0.5000
          34.7923 0.5000
          36.3000 0.5000
          37.7077 0.5000
          38.1308 0.5000
          40.7231 0.5000
          40.8000 0.5000
          41.0538 0.5000
          41.3615 0.5000
          41.8769 0.5000
          42.1846 0.5000
          44.2077 0.5000
          44.6692 0.5000
          45.4077 0.5000
          45.6769 0.5000
          46.1308 0.5000
          46.4769 0.5000
          46.6615 0.5000
          47.3923 0.5000
          47.9538 0.5000
          50.0771 0.5000
          50.1925 0.5000
          50.6848 0.5000
          51.7771 0.5000
          51.8617 0.5000
          52.2848 0.5000
          52.6079 0.5000
          53.0079 0.5000
          58.1231 0.5000
          58.8692 0.5000
          63.2154 0.5000
          63.4154 0.5000
          63.7231 0.5000
          64.6231 0.5000
          65.3846 0.5000
          65.7615 0.5000
          66.8154 0.5000
          67.4385 0.5000
          68.0462 0.5000
          68.6385 0.5000
          73.3923 0.5000
          75.0846 0.5000
          75.5692 0.5000
          76.6385 0.5000
          77.1231 0.5000
          78.0308 0.5000
          79.2538 0.5000
          79.9603 1.0000
          80.8372 1.0000
          80.9756 1.0000
          81.1680 0.5600
          81.5449 0.8600
          86.3910 0.8844
          86.8295 0.5400
          87.3372 0.5400
          88.3141 0.5400
          88.8526 0.5400
          89.2154 0.5400
          89.7692 0.5400
          91.2077 0.9975
          93.9846 0.9975
          94.1000 0.9975
          94.5077 0.6500
          94.9923 0.5877
          95.4154 0.5877
          96.4077 0.5877
          96.6308 0.5877
          97.0385 0.5877
          97.6539 0.5877
          98.1231 0.5877
          99.3385 0.5877
          99.6462 0.5877
          99.8308 0.5877
          100.3769 0.5877
          100.6077 0.5877
          100.9667 0.5877
          101.3417 0.5964
          101.4375 0.5877
          101.5250 0.5400
          101.9583 0.8300
          102.2792 0.8431
          102.3958 0.8370
          102.7750 0.8267
          102.9750 0.5900
          103.1583 0.7600
          103.6833 0.7774
          104.0042 0.6400
          105.6000 0.6230
          105.6500 0.6230
          108.4000 0.6227
          108.4208 0.6227
          109.2208 0.6223
          111.3917 0.6223
          111.4625 0.6223
          111.6958 0.6222
          111.9458 0.6221
          113.0375 0.6221
          113.1000 0.6221
          113.8500 0.6217
          113.8500 0.6217
          114.0083 0.6217
          114.3542 0.6217
          114.5292 0.6216
          114.8792 0.6217
          115.5000 0.6215
          115.7000 0.6214
          115.9292 0.6214
          116.2417 0.6211
          116.3083 0.6211
          117.0458 0.6211
          117.1417 0.6211
          117.5458 0.6209
          117.6792 0.6209
          117.9583 0.6207
          118.0875 0.6207
          119.4167 0.6207
          119.4833 0.6207
          119.7250 0.6206
          121.0417 0.6205
          121.3500 0.6205
          121.5625 0.6205
          121.8833 0.5000
          121.9625 0.5000
          122.5667 0.5000
          122.6250 0.5000
          123.0042 0.5000
          123.1083 0.5000
          123.3000 0.5000
          123.7583 0.5000
          125.5458 0.5000
          125.9833 0.5000
          126.0667 0.5000
          126.9208 0.5000
          126.9750 0.5000
          127.2083 0.5000
          127.3833 0.5000
          127.5667 0.5000
          128.0917 0.5000
          128.2125 0.5000
          128.2125 0.5000
          128.7958 0.5000
          129.1625 0.5000
          129.3500 0.8500
          129.7458 0.8899
          129.7875 0.8888
          129.9458 1.0000
          130.1833 1.0000
          130.3667 0.9997
          130.5333 0.9994
          130.9000 0.9985
          131.1750 0.9978
          131.6917 0.9964
          132.1792 0.9945
          132.4208 0.9936
          132.6625 0.9929
          132.9625 0.9920
          133.1000 0.9921
          135.7458 0.9886
          135.7750 0.9885
          136.3542 0.6823
          136.7565 0.5762
          137.3982 0.4921
          137.7732 0.4676
          140.5232 0.3810
          140.8149 0.3766
          141.8065 0.3694
          142.3387 0.5009
          142.5346 0.5250
          143.0096 0.5124
          143.2221 0.5096
          143.8137 0.5057
          144.8018 0.5024
          145.1893 0.5018
          145.5977 0.5015
          146.2435 0.5012
          146.6601 0.5011
          147.6893 0.5010
          149.1321 0.5010
          149.7101 0.5010
          149.8530 0.5010
          150.2196 0.5010
          150.5196 0.5010
          153.0964 0.5010
          154.0922 0.5010
          159.0083 0.5010
          159.7167 0.5010
          160.3583 0.5010
          162.5208 0.5010
          163.1333 0.9300
          163.6833 0.9402
          163.7375 0.9402
          164.0625 0.9402
          167.9041 0.9402
          167.9250 0.9402
          168.4333 0.9402
          168.8291 0.9402
          169.8500 0.9402
          170.0708 0.9402
          172.1583 0.9402
          172.6250 0.5400
          173.8541 0.5400
          173.9250 0.5400
          174.3458 0.5400
          174.8625 0.5400
          177.0708 0.5400
          177.0958 0.5400
          177.7720 0.5400
          178.6386 0.5400
          178.8095 0.5400
          179.0345 0.5400
          179.8345 0.5400
          180.3845 0.5400
          180.8928 0.5400
          181.3053 0.5400
          181.4982 0.5400
          181.8553 0.5400
          183.2732 0.5400
          183.3148 0.5400
          183.4625 0.5400
          183.6292 0.5400
          183.8292 0.5400
          184.3048 0.5400
          184.5190 0.5400
          184.7649 0.5400
          184.9607 0.5400
          185.5732 0.5400
          185.8232 0.9400
          186.0565 0.9400
          186.2941 0.5000
          187.1691 0.5000
          187.3690 0.5000
          187.4762 0.5000
          187.6137 0.5000
          187.7387 0.5000
          187.9429 0.5000
          188.8137 0.5000
          189.2512 0.5000
          189.6125 0.5000
          189.8292 0.5000
          190.1375 0.5000
          191.1375 0.5000
          192.9583 0.5000
          193.3667 0.5000
          193.6792 0.5000
          193.9333 0.5000
          194.3125 0.5000
          195.0000 0.5000
          195.3250 0.5000
          195.6375 0.5000
          196.2042 0.5000
          196.9619 0.5000
          197.2953 0.5000
          197.5703 0.5000
          198.2744 0.5000
          198.4619 0.5000
          198.9577 0.5000
          199.2036 0.5000
          199.3619 0.5000
          199.5286 0.5000
          199.6619 0.5000
          199.9119 0.5000
          200.2286 0.5000
          200.2917 0.5000
          200.5875 0.5000
          200.7542 0.5000
          201.2250 0.5000
          201.5125 0.5000
          202.0958 0.5000
          202.6083 0.5000
          202.9583 0.5000
          203.3500 0.5000
          204.1125 0.5000
          204.3167 0.5000
          204.7542 0.5000
          204.8750 0.5000
          205.1250 0.5000
          205.6833 0.5000
          205.9292 0.5000
          207.0000 0.5000
          207.2125 0.5000
          207.4500 0.5000
          207.6084 0.5000
          208.0833 0.5000
          208.7083 0.5000
          208.9042 0.5000
          209.3833 0.5000
          209.5333 0.5000
          209.9833 0.5000
          210.4958 0.5000
          210.6833 0.5000
          210.9875 0.5000
          211.2417 0.5000
          212.0375 0.5000
          212.7583 0.5000
          213.7500 0.5000
          215.1083 0.5000
          215.5875 0.5000
          215.9917 0.5000
          216.4292 0.5000
          217.3292 0.5000
          217.5750 0.5000
          217.6917 0.5000
          218.1292 0.5000
          218.5500 0.5000
          218.7667 0.5000
          219.0083 0.5000
          219.1125 0.5000
          219.3459 0.5000
          219.9816 0.5000
          220.8744 0.5000
          224.2444 0.5000
          224.2444 0.5000
          224.6024 0.5000
          225.0000 0.5000
          225.4556 0.5000
          226.1555 0.5000
          226.2000 0.5000
          226.4889 0.5000
          227.8111 0.5000
          227.9889 0.5000
          228.2667 0.5000
          228.5444 0.5000
          228.8222 0.5000
          229.2778 0.5000
          230.0444 0.5000
          230.3667 0.5000
          230.5667 0.5000
          231.4889 0.5000
          231.6444 0.5000
          231.8555 0.5000
          232.0889 0.5000
          233.0222 0.5000
          233.3889 0.5000
          233.5778 0.5000
          234.4889 0.5000
          235.9889 0.5000
          236.2667 0.5000
          236.5444 0.5100
          237.1556 0.6100
          237.4778 0.4900
          237.8450 0.5000
          238.5778 0.5000
          239.4307 0.5000
          239.7349 0.6847
          240.3445 0.6800
          240.7277 0.7231
          241.1802 0.6967
          241.5230 0.5926
          241.8587 0.4600
          243.6778 0.4705
          244.5000 0.5000
          244.7889 0.4972
          245.0778 0.4972
          245.4445 0.4972
          245.7111 0.4972
          246.0667 0.4972
          246.6889 0.4973
          247.0111 0.4973
          248.0556 0.4973
          248.3222 0.4973
          248.6889 0.5000
          248.8333 0.5000
          249.3333 0.5000
          249.6556 0.5000
          250.5889 0.5000
          250.9445 0.5000
          251.9111 0.5000
          252.3445 0.5000
          252.8445 0.5000
          253.4445 0.5000
          254.1333 0.5000
          254.5000 0.5000
          255.1889 0.5000
          255.7111 0.5000
          256.6667 0.5000
          257.0555 0.5000
          257.7889 0.5000
          258.0444 0.5000
          258.8222 0.5000
          259.0555 0.5000
          259.3889 0.5000
          259.9222 0.5000
          260.2222 0.5000
          260.5666 0.5000
          261.1888 0.5000
          261.5222 0.5000
          262.1555 0.5000
          262.8889 0.5000
          263.4333 0.5000
          263.7777 0.5000
          264.0111 0.5000
          265.3222 0.5000
          265.6555 0.5000
          265.9444 0.5000
          266.1333 0.5000
          266.7667 0.5000
          267.3445 0.5000
          268.7333 0.5000
          269.2889 0.5000
          269.6222 0.5000
          270.1444 0.5000
          271.3333 0.5000
          271.7000 0.5000
          272.1778 0.5000
          272.5111 0.5000
          272.6667 0.5000
          273.0982 0.5000
          273.4268 0.5000
          274.1833 0.5000
          274.5722 0.5000
          274.9499 0.5000
          275.3254 0.5000
          275.4579 0.5000
          276.4500 0.5000
          276.7055 0.5000
          277.4167 0.5000
          277.7389 0.5000
          279.7389 0.5000
          282.1056 0.5000
          282.9612 0.5000
          284.4500 0.5000
          285.2278 0.5000
          285.6834 0.5000
          286.7945 0.5000
          288.3389 0.5000
          288.9500 0.5000
          289.3778 1.0000
          290.1556 0.5000
          290.9778 1.0000
          293.1889 1.0000
          294.2334 1.0000
          294.4889 0.5300
          294.8556 0.5300
          295.3667 0.5300
          295.7556 0.5300
          297.8778 0.5300
          298.3223 0.5300
          299.4889 0.5300
          299.9889 0.5300
          300.5556 0.7100
          301.1889 0.7100
          304.2556 0.7100
          305.3556 0.7100
          305.9223 0.7100
          307.3112 0.5900
          307.7556 0.5900
        }
        "lowerer" combo 
        {
          3.2917 0.4000
          3.4600 0.4053
          18.7642 0.6119
          18.8383 0.6123
          20.3442 0.0000
          22.9642 0.0000
          23.5242 0.7400
          23.9842 1.0000
          24.5842 0.4100
          26.1908 0.3051
          26.8375 0.9000
          27.7175 0.9854
          27.8975 0.3500
          28.1775 0.3265
          28.4442 1.0000
          29.5642 1.0000
          30.6180 0.0000
          30.9872 0.0000
          31.3180 0.4300
          31.7385 0.5400
          32.0308 1.0000
          34.0615 1.0000
          34.7923 0.1100
          36.3000 0.0398
          37.7077 0.7900
          38.1308 0.7900
          40.7231 0.7978
          40.8000 0.7978
          41.0538 0.0000
          41.3615 0.0000
          41.8769 0.0000
          42.1846 1.0000
          44.2077 1.0000
          44.6692 0.0000
          45.4077 0.0000
          45.6769 1.0000
          46.1308 0.8600
          46.4769 0.6500
          46.6615 1.0000
          47.3923 1.0000
          47.9538 0.0000
          50.0771 0.0000
          50.1925 0.4800
          50.6848 0.0000
          51.7771 0.0000
          51.8617 0.0000
          52.2848 0.7300
          52.6079 0.7300
          53.0079 0.5700
          58.1231 0.5361
          58.8692 0.7100
          63.2154 0.7658
          63.4154 0.7100
          63.7231 0.2000
          64.6231 0.3016
          65.3846 0.3016
          65.7615 0.8739
          66.8154 1.0000
          67.4385 1.0000
          68.0462 0.2400
          68.6385 0.0100
          73.3923 0.0100
          75.0846 0.0100
          75.5692 1.0000
          76.6385 1.0000
          77.1231 0.3000
          78.0308 0.3000
          79.2538 0.0000
          79.9603 0.6400
          80.8372 0.6435
          80.9756 0.6435
          81.1680 0.0000
          81.5449 0.0000
          86.3910 0.0000
          86.8295 1.0000
          87.3372 1.0000
          88.3141 0.2800
          88.8526 0.2800
          89.2154 1.0000
          89.7692 0.6300
          91.2077 0.6300
          93.9846 0.6300
          94.1000 0.6300
          94.5077 0.0000
          94.9923 0.0000
          95.4154 0.3800
          96.4077 0.3800
          96.6308 0.0000
          97.0385 0.6500
          97.6539 0.6500
          98.1231 1.0000
          99.3385 1.0000
          99.6462 1.0000
          99.8308 0.0000
          100.3769 0.5400
          100.6077 0.5665
          100.9667 0.2312
          101.3417 0.1334
          101.4375 0.2195
          101.5250 0.6900
          101.9583 1.0000
          102.2792 1.0000
          102.3958 1.0000
          102.7750 0.9991
          102.9750 0.9984
          103.1583 0.5400
          103.6833 0.4931
          104.0042 1.0000
          105.6000 1.0000
          105.6500 1.0000
          108.4000 0.9930
          108.4208 0.9929
          109.2208 0.3500
          111.3917 0.3409
          111.4625 0.3416
          111.6958 0.7300
          111.9458 0.1500
          113.0375 0.0948
          113.1000 0.0968
          113.8500 0.1088
          113.8500 0.1088
          114.0083 0.0000
          114.3542 0.0580
          114.5292 0.9800
          114.8792 0.8500
          115.5000 0.7418
          115.7000 1.0000
          115.9292 0.9825
          116.2417 0.5400
          116.3083 0.4997
          117.0458 0.5309
          117.1417 0.5370
          117.5458 0.0000
          117.6792 0.0000
          117.9583 0.6500
          118.0875 0.7792
          119.4167 0.7274
          119.4833 0.7274
          119.7250 0.0000
          121.0417 0.0000
          121.3500 0.0000
          121.5625 1.0000
          121.8833 0.5000
          121.9625 0.4488
          122.5667 0.4681
          122.6250 0.4707
          123.0042 0.9300
          123.1083 0.9928
          123.3000 0.0000
          123.7583 0.3800
          125.5458 1.0000
          125.9833 1.0000
          126.0667 1.0000
          126.9208 1.0000
          126.9750 1.0000
          127.2083 0.3900
          127.3833 0.3900
          127.5667 0.6600
          128.0917 1.0000
          128.2125 1.0000
          128.2125 1.0000
          128.7958 0.9984
          129.1625 0.9969
          129.3500 0.6500
          129.7458 0.6105
          129.7875 0.6114
          129.9458 0.6129
          130.1833 0.6129
          130.3667 0.6126
          130.5333 0.6122
          130.9000 0.6111
          131.1750 0.6102
          131.6917 0.6085
          132.1792 0.5600
          132.4208 1.0000
          132.6625 1.0000
          132.9625 0.6100
          133.1000 0.6191
          135.7458 0.6995
          135.7750 0.6999
          136.3542 0.2335
          136.7565 0.0719
          137.3982 0.0000
          137.7732 0.0000
          140.5232 0.0000
          140.8149 1.0000
          141.8065 1.0000
          142.3387 0.9984
          142.5346 0.9975
          143.0096 0.9981
          143.2221 0.4300
          143.8137 0.4800
          144.8018 0.5198
          145.1893 0.5921
          145.5977 0.3600
          146.2435 0.1772
          146.6601 0.4000
          147.6893 0.8000
          149.1321 1.0000
          149.7101 0.3300
          149.8530 0.3300
          150.2196 1.0000
          150.5196 0.8559
          153.0964 0.8559
          154.0922 0.4400
          159.0083 0.4400
          159.7167 0.4400
          160.3583 1.0000
          162.5208 1.0000
          163.1333 1.0000
          163.6833 0.9999
          163.7375 0.9999
          164.0625 0.5100
          167.9041 0.5100
          167.9250 0.5100
          168.4333 0.5100
          168.8291 1.0000
          169.8500 1.0000
          170.0708 1.0000
          172.1583 1.0000
          172.6250 0.0000
          173.8541 0.0000
          173.9250 0.0000
          174.3458 1.0000
          174.8625 0.5900
          177.0708 0.5900
          177.0958 0.5900
          177.7720 0.0000
          178.6386 0.0000
          178.8095 0.0000
          179.0345 0.9000
          179.8345 0.9000
          180.3845 0.9000
          180.8928 0.6300
          181.3053 0.5100
          181.4982 0.5100
          181.8553 0.6100
          183.2732 0.6199
          183.3148 0.6199
          183.4625 1.0000
          183.6292 0.0000
          183.8292 0.0000
          184.3048 0.0000
          184.5190 0.5100
          184.7649 0.5100
          184.9607 1.0000
          185.5732 1.0000
          185.8232 0.4500
          186.0565 0.4500
          186.2941 0.0000
          187.1691 0.0000
          187.3690 1.0000
          187.4762 1.0000
          187.6137 0.2100
          187.7387 0.0000
          187.9429 0.0000
          188.8137 0.0000
          189.2512 0.0000
          189.6125 0.7100
          189.8292 0.7100
          190.1375 0.8500
          191.1375 0.6100
          192.9583 0.6100
          193.3667 1.0000
          193.6792 1.0000
          193.9333 0.4600
          194.3125 0.2500
          195.0000 0.1900
          195.3250 0.1900
          195.6375 0.0000
          196.2042 0.0000
          196.9619 0.0000
          197.2953 0.4900
          197.5703 0.4900
          198.2744 0.4900
          198.4619 0.0000
          198.9577 0.0000
          199.2036 0.0000
          199.3619 0.0000
          199.5286 0.5500
          199.6619 0.5500
          199.9119 0.0000
          200.2286 0.0000
          200.3792 0.5100
          200.5875 0.4600
          200.7542 0.0000
          201.2250 0.0000
          201.5125 0.0000
          202.0958 0.0000
          202.6083 0.0000
          202.9583 0.0000
          203.3500 0.0000
          204.1125 0.0000
          204.3167 0.0000
          204.7542 0.0000
          204.8750 0.0000
          205.1250 0.0000
          205.6833 0.0000
          205.9292 0.0000
          207.0000 0.0000
          207.2125 0.8600
          207.4500 0.8600
          207.6084 0.0800
          208.0833 0.0000
          208.7083 0.0000
          208.9042 0.0000
          209.3833 0.0000
          209.5333 0.0000
          209.9833 0.0000
          210.4958 0.0000
          210.6833 1.0000
          210.9875 1.0000
          211.2417 0.4800
          212.0375 0.4800
          212.7583 0.2100
          213.7500 0.2100
          215.1083 0.2100
          215.5875 0.6900
          215.9917 0.6900
          216.4292 0.0000
          217.3292 0.0000
          217.5750 0.0000
          217.6917 0.8300
          218.1292 0.1900
          218.5500 0.1900
          218.7667 0.5500
          219.0083 0.5800
          219.1125 0.5400
          219.3459 0.2600
          219.9816 0.2600
          220.8744 0.6000
          224.2444 0.6808
          224.2444 0.6808
          224.6024 0.6400
          225.0000 0.1500
          225.3667 0.5600
          226.1555 0.5970
          226.2000 0.5970
          226.4889 0.0000
          227.8111 0.0000
          227.9889 0.0000
          228.2667 0.7800
          228.5444 0.7800
          228.8222 0.2900
          229.2778 0.6300
          230.0444 0.6709
          230.3667 0.0000
          230.5667 0.0000
          231.4889 0.0000
          231.6444 0.0000
          231.8555 1.0000
          232.0889 0.6800
          232.8000 0.6200
          233.0222 0.6341
          233.3889 1.0000
          233.5778 1.0000
          234.4889 1.0000
          235.9889 0.9895
          236.2667 0.9866
          236.5444 0.4600
          237.1556 0.3300
          237.4778 0.9400
          237.8450 1.0000
          238.5778 0.6600
          239.4307 0.9252
          239.7349 0.0000
          240.3445 0.0000
          240.7277 0.9991
          241.1802 0.7300
          241.5230 0.6770
          241.8587 1.0000
          243.6778 0.3400
          244.5000 0.9169
          244.7889 0.8631
          245.0778 0.0000
          245.4445 0.0000
          245.7111 0.0000
          246.0667 0.0000
          246.6889 0.0000
          247.0111 0.0000
          248.0556 0.0000
          248.3222 1.0000
          248.6889 1.0000
          248.8333 0.0000
          249.3333 0.0000
          249.6556 1.0000
          250.5889 1.0000
          250.9445 0.2100
          251.9111 0.0000
          252.3445 1.0000
          252.8445 1.0000
          253.4445 0.3800
          254.1333 0.0303
          254.5000 1.0000
          255.1889 1.0000
          255.7111 0.8400
          256.6667 0.6909
          257.0555 0.5700
          257.7889 0.5682
          258.0444 0.0000
          258.8222 0.0000
          259.0555 1.0000
          259.3889 0.3500
          259.9222 0.0000
          260.2222 1.0000
          260.5666 0.6600
          261.1888 0.3563
          261.5222 1.0000
          262.1555 0.8000
          262.8889 0.1100
          263.4333 0.6600
          263.7777 0.8289
          264.0111 0.0000
          265.3222 0.0000
          265.6555 1.0000
          265.9444 1.0000
          266.1333 1.0000
          266.7667 0.7500
          267.3445 0.3300
          268.7333 0.0000
          269.2889 0.0000
          269.6222 0.0000
          270.1444 0.0000
          271.3333 0.0000
          271.7000 0.8000
          272.1778 1.0000
          272.5111 1.0000
          272.6667 0.3900
          273.0982 0.8726
          273.4268 0.8800
          274.1833 0.7400
          274.5722 1.0000
          274.9499 0.0000
          275.3254 0.0000
          275.4579 0.8200
          275.6071 1.0000
          276.4500 1.0000
          276.7055 0.9961
          277.4167 0.0000
          277.7389 0.0000
          279.7389 0.0000
          282.1056 0.0000
          282.9612 0.0000
          284.4500 0.0000
          285.2278 0.0000
          285.6834 0.0000
          286.7945 0.3800
          288.3389 0.5951
          288.9500 0.6383
          289.3778 0.4300
          290.1556 0.0000
          290.9778 0.4300
          293.1889 0.6000
          294.2334 0.6000
          294.4889 1.0000
          294.8556 0.0000
          295.3667 0.0000
          295.7556 0.0000
          297.8778 0.0000
          298.3223 0.3100
          299.4889 0.3100
          299.9889 0.3100
          300.5556 0.6100
          301.1889 0.6100
          304.2556 0.6100
          305.3556 0.6100
          305.9223 0.0300
          307.3112 0.0300
          307.7556 0.6300
        }
        {
          3.2917 0.5000
          3.4600 0.5000
          18.7642 0.5000
          18.8383 0.5000
          20.3442 0.5000
          22.9642 0.5000
          23.5242 0.5000
          23.9842 0.5000
          24.5842 0.5000
          26.1908 0.5000
          26.8375 0.5000
          27.7175 0.5000
          27.8975 0.5000
          28.1775 0.5000
          28.4442 0.5000
          29.5642 0.5000
          30.6180 0.5000
          30.9872 0.5000
          31.3180 0.5000
          31.7385 0.5000
          32.0308 0.5000
          34.0615 0.5000
          34.7923 0.5000
          36.3000 0.5000
          37.7077 0.5000
          38.1308 0.5000
          40.7231 0.5000
          40.8000 0.5000
          41.0538 0.5000
          41.3615 0.5000
          41.8769 0.5000
          42.1846 0.5000
          44.2077 0.5000
          44.6692 0.5000
          45.4077 0.5000
          45.6769 0.5000
          46.1308 0.5000
          46.4769 0.5000
          46.6615 0.5000
          47.3923 0.5000
          47.9538 0.5000
          50.0771 0.5000
          50.1925 0.5000
          50.6848 0.5000
          51.7771 0.5000
          51.8617 0.5000
          52.2848 0.5000
          52.6079 0.5000
          53.0079 0.5000
          58.1231 0.5000
          58.8692 0.5000
          63.2154 0.5000
          63.4154 0.5000
          63.7231 0.5000
          64.6231 0.5000
          65.3846 0.5000
          65.7615 0.5000
          66.8154 0.5000
          67.4385 0.5000
          68.0462 0.5000
          68.6385 0.5000
          73.3923 0.5000
          75.0846 0.5000
          75.5692 0.5000
          76.6385 0.5000
          77.1231 0.5000
          78.0308 0.5000
          79.2538 0.5000
          79.9603 0.1500
          80.8372 0.1481
          80.9756 0.1481
          81.1680 0.5500
          81.5449 0.5500
          86.3910 0.5500
          86.8295 0.5500
          87.3372 0.5500
          88.3141 0.5500
          88.8526 0.0000
          89.2154 1.0000
          89.7692 0.6600
          91.2077 0.3019
          93.9846 0.3019
          94.1000 0.3019
          94.5077 0.3019
          94.9923 0.3019
          95.4154 0.3019
          96.4077 0.3019
          96.6308 0.3019
          97.0385 0.3019
          97.6539 0.3019
          98.1231 0.3019
          99.3385 0.3019
          99.6462 0.3019
          99.8308 0.3019
          100.3769 0.3019
          100.6077 0.3019
          100.9667 0.3019
          101.3417 0.2823
          101.4375 0.3019
          101.5250 0.4100
          101.9583 0.1300
          102.2792 0.1173
          102.3958 0.1233
          102.7750 0.1333
          102.9750 0.5100
          103.1583 0.3400
          103.6833 0.3226
          104.0042 0.5400
          105.6000 0.5669
          105.6500 0.5668
          108.4000 0.5646
          108.4208 0.5646
          109.2208 0.5643
          111.3917 0.5643
          111.4625 0.5642
          111.6958 0.5642
          111.9458 0.5641
          113.0375 0.5641
          113.1000 0.5641
          113.8500 0.5639
          113.8500 0.5639
          114.0083 0.5639
          114.3542 0.5639
          114.5292 0.5639
          114.8792 0.5639
          115.5000 0.5638
          115.7000 0.5638
          115.9292 0.5637
          116.2417 0.5636
          116.3083 0.5636
          117.0458 0.5636
          117.1417 0.5636
          117.5458 0.5635
          117.6792 0.5000
          117.9583 0.5000
          118.0875 0.5000
          119.4167 0.5000
          119.4833 0.5000
          119.7250 0.5000
          121.0417 0.5000
          121.3500 0.5000
          121.5625 0.5000
          121.8833 0.5000
          121.9625 0.5000
          122.5667 0.5000
          122.6250 0.5000
          123.0042 0.5000
          123.1083 0.5000
          123.3000 0.5000
          123.7583 0.5000
          125.5458 0.5000
          125.9833 0.5000
          126.0667 0.5000
          126.9208 0.5000
          126.9750 0.5000
          127.2083 0.5000
          127.3833 0.5000
          127.5667 0.5000
          128.0917 0.5000
          128.2125 0.5000
          128.2125 0.5000
          128.7958 0.5000
          129.1625 0.5000
          129.3500 0.5000
          129.7458 0.5000
          129.7875 0.5000
          129.9458 0.0000
          130.1833 0.0000
          130.3667 0.0003
          130.5333 0.0006
          130.9000 0.0015
          131.1750 0.0022
          131.6917 0.0036
          132.1792 0.0055
          132.4208 0.0064
          132.6625 0.0071
          132.9625 0.0080
          133.1000 0.0079
          135.7458 0.0114
          135.7750 0.0115
          136.3542 0.4865
          136.7565 0.6507
          137.3982 0.5000
          137.7732 0.5000
          140.5232 0.5000
          140.8149 0.5000
          141.8065 0.5000
          142.3387 0.3600
          142.5346 0.3344
          143.0096 0.3477
          143.2221 0.2800
          143.8137 0.5000
          144.8018 0.6815
          145.1893 0.7157
          145.5977 0.7334
          146.2435 0.7467
          146.6601 0.4500
          147.6893 0.0883
          149.1321 0.0883
          149.7101 0.0883
          149.8530 0.0883
          150.2196 0.0883
          150.5196 0.0882
          153.0964 0.0882
          154.0922 0.0882
          159.0083 0.0882
          159.7167 0.0882
          160.3583 0.0882
          162.5208 0.0883
          163.1333 0.0883
          163.6833 0.0883
          163.7375 0.0883
          164.0625 0.0883
          167.9041 0.0883
          167.9250 0.0883
          168.4333 0.0883
          168.8291 0.0883
          169.8500 0.0883
          170.0708 0.0883
          172.1583 0.0883
          172.6250 0.4900
          173.8541 0.4900
          173.9250 0.4900
          174.3458 0.4900
          174.8625 0.4900
          177.0708 0.4900
          177.0958 0.4900
          177.7720 0.4900
          178.6386 0.4900
          178.8095 0.4900
          179.0345 0.4900
          179.8345 0.4900
          180.3845 0.4900
          180.8928 0.4900
          181.3053 0.4900
          181.4982 0.4900
          181.8553 0.4900
          183.2732 0.4900
          183.3148 0.4900
          183.4625 0.4900
          183.6292 0.4900
          183.8292 0.4900
          184.3048 0.4900
          184.5190 0.4900
          184.7649 0.4900
          184.9607 0.4900
          185.5732 0.4900
          185.8232 0.1800
          186.0565 0.1800
          186.2941 0.4800
          187.1691 0.4800
          187.3690 0.4800
          187.4762 0.4800
          187.6137 0.4800
          187.7387 0.4800
          187.9429 0.4800
          188.8137 0.4800
          189.2512 0.4800
          189.6125 0.4800
          189.8292 0.4800
          190.1375 0.4800
          191.1375 0.4800
          192.9583 0.4800
          193.3667 0.4800
          193.6792 0.4800
          193.9333 0.4800
          194.3125 0.4800
          195.0000 0.4800
          195.3250 0.4800
          195.6375 0.4800
          196.2042 0.4800
          196.9619 0.4800
          197.2953 0.4800
          197.5703 0.4800
          198.2744 0.4800
          198.4619 0.4800
          198.9577 0.4800
          199.2036 0.4800
          199.3619 0.4800
          199.5286 0.4800
          199.6619 0.4800
          199.9119 0.4800
          200.2286 0.4800
          200.2917 0.4800
          200.5875 0.4800
          200.7542 0.4800
          201.2250 0.4800
          201.5125 0.4800
          202.0958 0.4800
          202.6083 0.4800
          202.9583 0.4800
          203.3500 0.4800
          204.1125 0.4800
          204.3167 0.4800
          204.7542 0.4800
          204.8750 0.4800
          205.1250 0.4800
          205.6833 0.4800
          205.9292 0.4800
          207.0000 0.4800
          207.2125 0.4800
          207.4500 0.4800
          207.6084 0.4800
          208.0833 0.4800
          208.7083 0.4800
          208.9042 0.4800
          209.3833 0.4800
          209.5333 0.4800
          209.9833 0.4800
          210.4958 0.4800
          210.6833 0.4800
          210.9875 0.4800
          211.2417 0.4800
          212.0375 0.4800
          212.7583 0.4800
          213.7500 0.4800
          215.1083 0.4800
          215.5875 0.4800
          215.9917 0.4800
          216.4292 0.4800
          217.3292 0.4800
          217.5750 0.4800
          217.6917 0.4800
          218.1292 0.4800
          218.5500 0.4800
          218.7667 0.4800
          219.0083 0.4800
          219.1125 0.4800
          219.3459 0.4800
          219.9816 0.4800
          220.8744 0.4800
          224.2444 0.4805
          224.2444 0.4805
          224.6024 0.4805
          225.0000 0.4806
          225.4556 0.4805
          226.1555 0.4805
          226.2000 0.4805
          226.4889 0.4805
          227.8111 0.4805
          227.9889 0.4805
          228.2667 0.4805
          228.5444 0.4805
          228.8222 0.4805
          229.2778 0.4805
          230.0444 0.4805
          230.3667 0.4805
          230.5667 0.4805
          231.4889 0.4805
          231.6444 0.4805
          231.8555 0.4805
          232.0889 0.4805
          233.0222 0.4805
          233.3889 0.4805
          233.5778 0.4805
          234.4889 0.4805
          235.9889 0.4807
          236.2667 0.4808
          236.5444 0.0000
          237.1556 0.0000
          237.4778 0.4800
          237.8450 0.6152
          238.5778 0.5296
          239.4307 0.5487
          239.7349 0.5000
          240.3445 0.5000
          240.7277 0.4100
          241.1802 0.1485
          241.5230 0.2706
          241.8587 0.4458
          243.6778 0.5100
          244.5000 1.0000
          244.7889 0.9552
          245.0778 0.4600
          245.4445 0.5000
          245.7111 0.5000
          246.0667 0.5000
          246.6889 0.5000
          247.0111 0.5000
          248.0556 0.5000
          248.3222 0.5000
          248.6889 0.5000
          248.8333 0.5000
          249.3333 0.5000
          249.6556 0.5000
          250.5889 0.5000
          250.9445 0.5000
          251.9111 0.5000
          252.3445 0.5000
          252.8445 0.5000
          253.4445 0.5000
          254.1333 0.5000
          254.5000 0.5000
          255.1889 0.5000
          255.7111 0.5000
          256.6667 0.5000
          257.0555 0.5000
          257.7889 0.5000
          258.0444 0.5000
          258.8222 0.5000
          259.0555 0.5000
          259.3889 0.5000
          259.9222 0.5000
          260.2222 0.5000
          260.5666 0.5000
          261.1888 0.5000
          261.5222 0.5000
          262.1555 0.5000
          262.8889 0.5000
          263.4333 0.5000
          263.7777 0.5000
          264.0111 0.5000
          265.3222 0.5000
          265.6555 0.5000
          265.9444 0.5000
          266.1333 0.5000
          266.7667 0.5000
          267.3445 0.5000
          268.7333 0.5000
          269.2889 0.5000
          269.6222 0.5000
          270.1444 0.5000
          271.3333 0.5000
          271.7000 0.5000
          272.1778 0.5000
          272.5111 0.5000
          272.6667 0.5000
          273.0982 0.5000
          273.4268 0.5000
          274.1833 0.5000
          274.5722 0.5000
          274.9499 0.5000
          275.3254 0.5000
          275.4579 0.5000
          276.4500 0.5000
          276.7055 0.5000
          277.4167 0.5000
          277.7389 0.5000
          279.7389 0.5000
          282.1056 0.5000
          282.9612 0.5000
          284.4500 0.5000
          285.2278 0.5000
          285.6834 0.5000
          286.7945 0.5000
          288.3389 0.5000
          288.9500 0.5000
          289.3778 0.2600
          290.1556 0.5000
          290.9778 0.2600
          293.1889 0.1000
          294.2334 0.1000
          294.4889 0.5000
          294.8556 0.5000
          295.3667 0.5000
          295.7556 0.5000
          297.8778 0.5000
          298.3223 0.5000
          299.4889 0.5000
          299.9889 0.5000
          300.5556 0.2800
          301.1889 0.2800
          304.2556 0.2800
          305.3556 0.2800
          305.9223 0.4600
          307.3112 0.4600
          307.7556 0.4600
        }
        "cheek_raiser" combo 
        {
          3.2917 0.0600
          3.4600 0.0608
          18.7642 0.0918
          18.8383 0.0919
          20.3442 0.0922
          22.9642 0.0922
          23.5242 0.2000
          23.9842 0.2440
          24.5842 0.2722
          26.1908 0.2772
          26.8375 0.3300
          27.7175 0.3375
          27.8975 0.3382
          28.1775 0.3382
          28.4442 0.4800
          29.5642 0.4871
          30.6180 0.2300
          30.9872 0.1560
          31.3180 0.3400
          31.7385 0.4564
          32.0308 0.5900
          34.0615 0.5970
          34.7923 0.0000
          36.3000 0.0000
          37.7077 0.0000
          38.1308 0.0000
          40.7231 0.0000
          40.8000 0.0000
          41.0538 0.0000
          41.3615 0.0000
          41.8769 0.0000
          42.1846 0.0000
          44.2077 0.0000
          44.6692 0.0000
          45.4077 0.0000
          45.6769 0.0000
          46.1308 0.0000
          46.4769 0.0000
          46.6615 0.0000
          47.3923 0.0000
          47.9538 0.0000
          50.0771 0.0000
          50.1925 0.1900
          50.6848 0.1600
          51.7771 0.1569
          51.8617 0.1569
          52.2848 0.1569
          52.6079 0.1569
          53.0079 0.3500
          58.1231 0.3906
          58.8692 0.5500
          63.2154 0.5948
          63.4154 0.5500
          63.7231 0.1400
          64.6231 0.2217
          65.3846 0.2217
          65.7615 0.3486
          66.8154 0.5100
          67.4385 0.5100
          68.0462 0.5100
          68.6385 0.1300
          73.3923 0.1300
          75.0846 0.1300
          75.5692 0.4100
          76.6385 0.4100
          77.1231 0.3100
          78.0308 0.3100
          79.2538 0.1500
          79.9603 0.1500
          80.8372 0.1500
          80.9756 0.1500
          81.1680 0.1500
          81.5449 0.3300
          86.3910 0.3000
          86.8295 0.3000
          87.3372 0.2000
          88.3141 0.2400
          88.8526 0.2400
          89.2154 0.2395
          89.7692 0.2395
          91.2077 0.3395
          93.9846 0.3395
          94.1000 0.3395
          94.5077 0.2400
          94.9923 0.2221
          95.4154 0.2221
          96.4077 0.2221
          96.6308 0.2221
          97.0385 0.2900
          97.6539 0.2900
          98.1231 0.2900
          99.3385 0.2900
          99.6462 0.2900
          99.8308 0.2900
          100.3769 0.2900
          100.6077 0.2900
          100.9667 0.1804
          101.3417 0.1376
          101.4375 0.1766
          101.5250 0.3900
          101.9583 0.3000
          102.2792 0.2960
          102.3958 0.2978
          102.7750 0.3005
          102.9750 0.3011
          103.1583 0.3012
          103.6833 0.3012
          104.0042 0.3010
          105.6000 0.3009
          105.6500 0.3009
          108.4000 0.2978
          108.4208 0.2978
          109.2208 0.2400
          111.3917 0.2392
          111.4625 0.2392
          111.6958 0.3500
          111.9458 0.1400
          113.0375 0.1200
          113.1000 0.1207
          113.8500 0.1248
          113.8500 0.1248
          114.0083 0.0400
          114.3542 0.0852
          114.5292 0.3000
          114.8792 0.3000
          115.5000 0.2996
          115.7000 0.2992
          115.9292 0.2968
          116.2417 0.2300
          116.3083 0.2239
          117.0458 0.2287
          117.1417 0.2296
          117.5458 0.0000
          117.6792 0.0000
          117.9583 0.0000
          118.0875 0.0000
          119.4167 0.0000
          119.4833 0.0000
          119.7250 0.0000
          121.0417 0.0000
          121.3500 0.0000
          121.5625 0.0900
          121.8833 0.0909
          121.9625 0.0910
          122.5667 0.0909
          122.6250 0.0909
          123.0042 0.0908
          123.1083 0.0907
          123.3000 0.0000
          123.7583 0.0000
          125.5458 0.0000
          125.9833 0.0000
          126.0667 0.0000
          126.9208 0.0000
          126.9750 0.0000
          127.2083 0.0000
          127.3833 0.0000
          127.5667 0.0000
          128.0917 0.0000
          128.2125 0.0000
          128.2125 0.0000
          128.7958 0.0000
          129.1625 0.0000
          129.3500 0.0000
          129.7458 0.0000
          129.7875 0.0000
          129.9458 0.0000
          130.1833 0.0000
          130.3667 0.0000
          130.5333 0.0000
          130.9000 0.0000
          131.1750 0.0000
          131.6917 0.0000
          132.1792 0.0000
          132.4208 0.0000
          132.6625 0.0000
          132.9625 0.0000
          133.1000 0.0000
          135.7458 0.0000
          135.7750 0.0000
          136.3542 0.0000
          136.7565 0.0000
          137.3982 0.0000
          137.7732 0.0000
          140.5232 0.0000
          140.8149 0.0000
          141.8065 0.0000
          142.3387 0.0000
          142.5346 0.0000
          143.0096 0.0000
          143.2221 0.0000
          143.8137 0.0000
          144.8018 0.0000
          145.1893 0.0000
          145.5977 0.0000
          146.2435 0.0000
          146.6601 0.0000
          147.6893 0.0000
          149.1321 0.1496
          149.7101 0.1500
          149.8530 0.1500
          150.2196 0.3300
          150.5196 0.2913
          153.0964 0.2913
          154.0922 0.2913
          159.0083 0.2913
          159.7167 0.2913
          160.3583 0.4000
          162.5208 0.4045
          163.1333 0.4045
          163.6833 0.4045
          163.7375 0.4045
          164.0625 0.4045
          167.9041 0.4045
          167.9250 0.4045
          168.4333 0.4045
          168.8291 0.4045
          169.8500 0.4045
          170.0708 0.4045
          172.1583 0.4045
          172.6250 0.2100
          173.8541 0.2100
          173.9250 0.2100
          174.3458 0.2100
          174.8625 0.2100
          177.0708 0.2100
          177.0958 0.2100
          177.7720 0.2100
          178.6386 0.2100
          178.8095 0.2100
          179.0345 0.2100
          179.8345 0.2100
          180.3845 0.2100
          180.8928 0.2100
          181.3053 0.2100
          181.4982 0.2100
          181.8553 0.2100
          183.2732 0.2099
          183.3148 0.2099
          183.4625 0.5600
          183.6292 0.0000
          183.8292 0.0000
          184.3048 0.0000
 