514706
        "end" 0.588235
      }
      sequenceduration 2.300000
    }
    event gesture "B_bg_leanfwd_chinout"
    {
      time 50.769852 52.978306
      param "B_bg_leanfwd_chinout"
      absolutetags playback_time
      {
        "apex" 0.138184
        "extreme" 0.368490
        "loop" 0.614150
        "end" 0.769694
      }
      absolutetags shifted_time
      {
        "apex" 0.155172
        "extreme" 0.413793
        "loop" 0.689655
        "end" 0.741379
      }
      sequenceduration 1.966667
    }
    event gesture "B_bg_leanbk_chindwn"
    {
      time 52.198421 54.165089
      param "B_bg_leanbk_chindwn"
      absolutetags playback_time
      {
        "apex" 0.137931
        "extreme" 0.258621
        "loop" 0.431034
        "end" 0.517241
      }
      absolutetags shifted_time
      {
        "apex" 0.137931
        "extreme" 0.258621
        "loop" 0.431034
        "end" 0.517241
      }
      sequenceduration 1.966667
    }
  }
  channel "headgesture"
  {
    event gesture "NULL"
    {
      time 0.000000 20.142859
      param ""
    }
  }
  channel "gesture"
  {
    event gesture "NULL"
    {
      time 0.000000 20.190477
      param ""
    }
    event gesture "B_g_sweepout"
    {
      time 38.555561 43.067806
      param "B_g_sweepout"
      absolutetags playback_time
      {
        "apex" 0.134328
        "accent" 0.358209
        "loop" 0.485074
        "end" 0.791045
      }
      absolutetags shifted_time
      {
        "apex" 0.174757
        "accent" 0.466019
        "loop" 0.679612
        "end" 0.728155
      }
      sequenceduration 3.466667
    }
    event gesture "B_g_upshrug"
    {
      time 41.412704 50.595497
      param "B_g_upshrug"
      event_ramp
      {
        0.0000 0.8595
        0.0440 0.8528
        7.4760 0.7224
      }
      absolutetags playback_time
      {
        "apex" 0.077563
        "accent" 0.203991
        "loop" 0.240728
        "end" 0.897136
      }
      absolutetags shifted_time
      {
        "apex" 0.216867
        "accent" 0.481928
        "loop" 0.602410
        "end" 0.662651
      }
      sequenceduration 2.800000
    }
    event gesture "B_g_chopout"
    {
      time 48.460327 53.796757
      param "B_g_chopout"
      event_ramp
      {
        1.6600 0.8261
        2.2680 1.0000
        2.8000 0.9900
        3.5280 0.6522
        5.2840 0.7525
        5.3200 0.7525
      }
      absolutetags playback_time
      {
        "apex" 0.223106
        "hd1" 0.524874
        "accent" 0.603745
        "loop" 0.711111
        "end" 0.789741
      }
      absolutetags shifted_time
      {
        "apex" 0.180723
        "hd1" 0.384887
        "accent" 0.481928
        "loop" 0.602410
        "end" 0.662651
      }
      sequenceduration 2.800000
    }
    event gesture "B_g_chopout"
    {
      time 52.079372 55.379372
      param "B_g_chopout"
      event_ramp
      {
        0.5680 0.8060
        0.8520 0.8328
        2.0783 0.7157
        2.3343 0.6555
        2.7280 0.6187
        3.2560 0.6254
        3.2880 0.6254
      }
      absolutetags playback_time
      {
        "apex" 0.180410
        "accent" 0.343973
        "loop" 0.446200
        "end" 0.702899
      }
      absolutetags shifted_time
      {
        "apex" 0.180723
        "accent" 0.481928
        "loop" 0.602410
        "end" 0.662651
      }
      sequenceduration 2.800000
    }
  }
  channel "head"
  {
  }
  channel "face"
  {
  }
  faceposermodel "U:\HL2\hl2\models\breen.mdl"
}

actor "Eli"
{
  channel "Audio"
  {
    event speak "what I've seen"
    {
      time 53.915638 60.472305
      param "citadel.eli_genocide"
      fixedlength
      cctype "cc_master"
      cctoken ""
    }
  }
  channel "lookat"
  {
    event lookat "Breen"
    {
      time 33.444450 62.111118
      param "Breen"
    }
  }
  channel "pose"
  {
  }
  channel "body"
  {
    event gesture "NULL"
    {
      time 0.000000 1.277778
      param ""
    }
    event gesture "E_bg_arcbk_chindwn_pod"
    {
      time 53.944450 56.783600
      param "E_bg_arcbk_chindwn_pod"
      absolutetags playback_time
      {
        "apex" 0.059635
        "extreme" 0.190831
        "loop" 0.322028
        "end" 0.725680
      }
      absolutetags shifted_time
      {
        "apex" 0.079365
        "extreme" 0.253968
        "loop" 0.428571
        "end" 0.634921
      }
      sequenceduration 2.133333
    }
    event gesture "E_bg_chinout_pod"
    {
      time 55.666672 58.115723
      param "E_bg_chinout_pod"
      event_ramp
      {
        0.0040 0.5418
        0.0320 0.5452
        2.4080 0.4883
        2.4400 0.4916
      }
      absolutetags playback_time
      {
        "apex" 0.138051
        "extreme" 0.317518
        "loop" 0.510790
        "end" 0.682482
      }
      absolutetags shifted_time
      {
        "apex" 0.142857
        "extreme" 0.328571
        "loop" 0.528571
        "end" 0.671429
      }
      sequenceduration 2.366667
    }
    event gesture "E_bg_chinout_pod"
    {
      time 57.000008 58.887466
      param "E_bg_chinout_pod"
      event_ramp
      {
        0.0080 0.5318
        0.0400 0.5318
        1.8440 0.4482
        1.8800 0.4415
      }
      absolutetags playback_time
      {
        "apex" 0.179127
        "extreme" 0.411992
        "loop" 0.578008
        "end" 0.588008
      }
      absolutetags shifted_time
      {
        "apex" 0.142857
        "extreme" 0.328571
        "loop" 0.528571
        "end" 0.671429
      }
      sequenceduration 2.366667
    }
    event gesture "E_bg_arcbk_str_pod"
    {
      time 57.805561 60.407940
      param "E_bg_arcbk_str_pod"
      absolutetags playback_time
      {
        "apex" 0.116926
        "extreme" 0.207868
        "loop" 0.389753
        "end" 0.610247
      }
      absolutetags shifted_time
      {
        "apex" 0.128571
        "extreme" 0.228571
        "loop" 0.428571
        "end" 0.571429
      }
      sequenceduration 2.366667
    }
    event gesture "E_bg_chinout_pod"
    {
      time 59.055561 61.422226
      param "E_bg_chinout_pod"
      absolutetags playback_time
      {
        "apex" 0.142857
        "extreme" 0.328571
        "loop" 0.528571
        "end" 0.671429
      }
      absolutetags shifted_time
      {
        "apex" 0.142857
        "extreme" 0.328571
        "loop" 0.528571
        "end" 0.671429
      }
      sequenceduration 2.366667
    }
  }
  channel "head"
  {
  }
  channel "face"
  {
  }
}

actor "Mossman"
{
  channel "audio"
  {
    event speak "Sorry Gordon."
    {
      time 27.726091 30.028450
      param "citadel.mo_sorrygordon"
      fixedlength
      cctype "cc_master"
      cctoken ""
    }
    event speak "Don't struggle."
    {
      time 19.849445 26.255976
      param "citadel.mo_nouse"
      fixedlength
      cctype "cc_master"
      cctoken ""
    }
    event speak "I'll take him from here."
    {
      time 16.686094 17.977070
      param "citadel.mo_illtakehim"
      fixedlength
      cctype "cc_master"
      cctoken ""
    }
  }
  channel "look at"
  {
    event lookat "breen"
    {
      time 54.438976 57.200085
      param "Breen"
      event_ramp
      {
        0.9760 0.6187
        1.4120 0.7993
        1.9560 0.8796
        2.6520 0.8729
        2.7480 0.8729
      }
    }
    event lookat "look_player"
    {
      time 17.797226 30.144060
      param "!player"
      event_ramp
      {
        0.2720 0.6187
        0.4680 0.8729
        0.7200 1.0000
        8.2609 0.9933
        11.4489 0.9967
        12.3468 0.0100
        12.3562 0.9967
      }
    }
    event lookat "look_player"
    {
      time 12.741669 15.529619
      param "!player"
      event_ramp
      {
        0.3320 0.7500
        0.4160 0.8977
        0.5480 0.9933
        2.2318 0.9886
        2.7880 0.0000
      }
    }
    event lookat "look_player"
    {
      time 51.537865 55.166752
      param "!player"
      event_ramp
      {
        0.5550 0.7171
        0.8099 0.8503
        2.4783 0.9073
        3.4899 0.7894
        3.6289 0.7219
      }
    }
    event lookat "soldier_takegun"
    {
      time 15.113465 16.546711
      param "soldier_takegun"
      event_ramp
      {
        0.5480 0.2007
        0.7280 0.1940
        1.3456 0.0000
        1.4333 0.0000
      }
    }
    event lookat "look_player"
    {
      time 15.575002 17.140730
      param "!player"
      event_ramp
      {
        0.5480 0.6388
        0.9064 0.6823
        1.4058 0.6689
        1.5657 0.6455
      }
    }
    event lookat "soldier_takegun"
    {
      time 16.557911 18.185600
      param "soldier_takegun"
      event_ramp
      {
        0.5480 0.9933
        1.6317 1.0000
      }
    }
  }
  channel "move to"
  {
    event moveto "Mark_moss_4b"
    {
      time 53.840092 61.811195
      param "Mark_moss_4b"
      param2 "Walk"
    }
    event moveto "Mark_moss_1"
    {
      time 29.888420 52.585083
      param "Mark_moss_1"
      param2 "Walk"
    }
    event moveto "Mark_moss_1a"
    {
      time 14.734447 17.654829
      param "Mark_moss_1a"
      param2 "Walk"
    }
    event moveto "Mark_moss_1c"
    {
      time 19.067778 22.914442
      param "Mark_moss_1c"
      param2 "walk_all_moderate"
    }
  }
  channel "FaceTo"
  {
    event face "player"
    {
      time 51.875645 55.606754
      param "!player"
      event_ramp
      {
        0.8670 0.4889
        2.6355 0.4889
        3.7311 0.0000
      }
    }
    event face "player"
    {
      time 18.524443 25.219448
      param "!player"
      event_ramp
      {
        1.2625 0.9661
        6.1041 0.9749
        6.4833 0.9749
        6.6950 0.9749
      }
    }
    event face "soldier_takegun"
    {
      time 16.244524 17.870089
      param "soldier_takegun"
      event_ramp
      {
        0.9014 0.6555
        1.0347 0.6643
        1.4139 0.6643
        1.6256 0.6643
      }
    }
    event face "!player"
    {
      time 12.466745 14.703421
      param "!player"
      event_ramp
      {
        1.5125 0.9661
        1.6458 0.9749
        2.0250 0.9749
        2.2367 0.9749
      }
    }
  }
  channel "posture"
  {
    event gesture "NULL"
    {
      time 0.000000 0.547619
      param ""
    }
    event gesture "posture01"
    {
      time 18.893164 28.651011
      param "posture01"
      absolutetags playback_time
      {
        "apex" 0.103282
        "loop" 0.179023
        "end" 0.870984
      }
      absolutetags shifted_time
      {
        "apex" 0.234375
        "loop" 0.406250
        "end" 0.640625
      }
      sequenceduration 4.300000
    }
    event gesture "M_p_submiss"
    {
      time 26.482908 31.064959
      param "M_p_submiss"
      absolutetags playback_time
      {
        "apex" 0.198423
        "loop" 0.352752
        "end" 0.697274
      }
      absolutetags shifted_time
      {
        "apex" 0.275510
        "loop" 0.489796
        "end" 0.551020
      }
      sequenceduration 3.300000
    }
  }
  channel "body"
  {
    event gesture "NULL"
    {
      time 0.000000 0.857143
      param ""
    }
    event gesture "M_bg_accentup"
    {
      time 16.354700 19.321369
      param "M_bg_accentup"
      absolutetags playback_time
      {
        "apex" 0.136364
        "extreme" 0.238636
        "loop" 0.477273
        "end" 0.681818
      }
      absolutetags shifted_time
      {
        "apex" 0.136364
        "extreme" 0.238636
        "loop" 0.477273
        "end" 0.681818
      }
      sequenceduration 2.966667
    }
    event gesture "NULL"
    {
      time 19.047009 20.495728
      param ""
    }
    event gesture "M_bg_acctdwn_chinout"
    {
      time 24.277777 26.834188
      param "M_bg_acctdwn_chinout"
      event_ramp
      {
        0.0040 0.4181
        0.0640 0.4214
        2.5240 0.3211
        2.5600 0.3110
      }
      absolutetags playback_time
      {
        "apex" 0.172430
        "extreme" 0.370000
        "loop" 0.610000
        "end" 0.680000
      }
      absolutetags shifted_time
      {
        "apex" 0.147059
        "extreme" 0.294118
        "loop" 0.514706
        "end" 0.588235
      }
      sequenceduration 2.300000
    }
    event gesture "NULL"
    {
      time 26.149576 28.213678
      param ""
    }
    event gesture "M_bg_accentdwn"
    {
      time 27.773512 30.616245
      param "M_bg_accentdwn"
      event_ramp
      {
        0.6920 0.5853
        0.9480 0.6957
        2.7862 0.5418
        2.8427 0.5318
      }
      absolutetags playback_time
      {
        "apex" 0.125713
        "extreme" 0.265166
        "loop" 0.510110
        "end" 0.667947
      }
      absolutetags shifted_time
      {
        "apex" 0.136364
        "extreme" 0.238636
        "loop" 0.477273
        "end" 0.681818
      }
      sequenceduration 2.966667
    }
    event gesture "NULL"
    {
      time 15.444445 16.777779
      param ""
    }
    event gesture "accentup_ext"
    {
      time 12.333334 15.716669
      param "accentup_ext"
      event_ramp
      {
        0.0000 0.6120
        0.4240 0.7458
        1.7922 0.5265
        3.3002 0.0189
        3.3833 0.0201
      }
      absolutetags playback_time
      {
        "apex" 0.149519
        "extreme" 0.314661
        "loop" 0.591192
        "end" 0.720815
      }
      absolutetags shifted_time
      {
        "apex" 0.144578
        "extreme" 0.253012
        "loop" 0.506024
        "end" 0.662651
      }
      sequenceduration 2.800000
    }
    event gesture "M_bg_accentup"
    {
      time 23.333336 25.662516
      param "M_bg_accentup"
      event_ramp
      {
        0.5920 0.5786
        2.2931 0.4515
        2.3171 0.4548
      }
      absolutetags playback_time
      {
        "apex" 0.178489
        "extreme" 0.380890
        "loop" 0.548270
        "end" 0.594734
      }
      absolutetags shifted_time
      {
        "apex" 0.136364
        "extreme" 0.238636
        "loop" 0.477273
        "end" 0.681818
      }
      sequenceduration 2.966667
    }
  }
  channel "headg"
  {
    event gesture "NULL"
    {
      time 0.000000 13.371796
      param ""
    }
    event gesture "M_bg_hshake"
    {
      time 24.457268 27.201712
      param "M_bg_hshake"
      absolutetags playback_time
      {
        "apex" 0.147316
        "extreme" 0.650646
        "loop" 0.736581
        "end" 0.797963
      }
      absolutetags shifted_time
      {
        "apex" 0.129032
        "extreme" 0.569892
        "loop" 0.645161
        "end" 0.698925
      }
      sequenceduration 3.133333
    }
    event gesture "NULL"
    {
      time 18.508547 20.444443
      param ""
    }
    event gesture "M_bg_htiltleft"
    {
      time 16.816240 18.949574
      param "M_bg_htiltleft"
      event_ramp
      {
        0.0240 0.9967
        1.0240 0.9900
      }
      absolutetags playback_time
      {
        "apex" 0.191250
        "extreme" 0.349206
        "loop" 0.523810
        "end" 0.555556
      }
      absolutetags shifted_time
      {
        "apex" 0.111111
        "extreme" 0.349206
        "loop" 0.523810
        "end" 0.555556
      }
      sequenceduration 2.133333
    }
    event gesture "NULL"
    {
      time 27.305557 28.666670
      param ""
    }
    event gesture "M_bg_htiltrt"
    {
      time 27.722223 30.049999
      param "M_bg_htiltrt"
      event_ramp
      {
        0.0000 0.8395
        0.2280 0.8595
        0.7680 0.5418
        2.2904 0.6488
        2.3224 0.6488
      }
      absolutetags playback_time
      {
        "apex" 0.101830
        "extreme" 0.320037
        "loop" 0.480055
        "end" 0.618700
      }
      absolutetags shifted_time
      {
        "apex" 0.111111
        "extreme" 0.349206
        "loop" 0.523810
        "end" 0.555556
      }
      sequenceduration 2.133333
    }
    event gesture "NULL"
    {
      time 23.138889 24.888891
      param ""
    }
    event gesture "M_bg_htiltrt"
    {
      time 19.833336 22.129633
      param "M_bg_htiltrt"
      event_ramp
      {
        0.0080 0.7993
      }
      absolutetags playback_time
      {
        "apex" 0.103226
        "extreme" 0.324424
        "loop" 0.486636
        "end" 0.587097
      }
      absolutetags shifted_time
      {
        "apex" 0.111111
        "extreme" 0.349206
        "loop" 0.523810
        "end" 0.555556
      }
      sequenceduration 2.133333
    }
    event gesture "M_bg_htiltrt"
    {
      time 20.944447 24.661114
      param "M_bg_htiltrt"
      absolutetags playback_time
      {
        "apex" 0.063777
        "extreme" 0.200441
        "loop" 0.300662
        "end" 0.751880
      }
      absolutetags shifted_time
      {
        "apex" 0.111111
        "extreme" 0.349206
        "loop" 0.523810
        "end" 0.555556
      }
      sequenceduration 2.133333
    }
  }
  channel "gesture"
  {
    event gesture "NULL"
    {
      time 0.000000 0.761905
      param ""
    }
    event gesture "M_g_rthd_chopdwn"
    {
      time 15.540597 19.423935
      param "M_g_rthd_chopdwn"
      event_ramp
      {
        0.0040 0.7860
        0.0800 0.8127
        1.3720 0.8997
        3.8367 0.1004
        3.8727 0.1004
      }
      absolutetags playback_time
      {
        "apex" 0.421411
        "accent" 0.548575
        "loop" 0.713519
        "end" 0.756925
      }
      absolutetags shifted_time
      {
        "apex" 0.193182
        "accent" 0.409091
        "loop" 0.625000
        "end" 0.681818
      }
      sequenceduration 2.966667
    }
    event gesture "NULL"
    {
      time 18.970085 21.008547
      param ""
    }
    event gesture "M_handsup_g"
    {
      time 19.463673 25.963444
      param "M_handsup_g"
      event_ramp
      {
        0.0080 0.6823
        0.0880 0.7090
        1.0040 0.8227
        1.7680 0.8294
        1.9760 0.8361
        2.1160 0.8696
        2.6440 0.6956
        4.1080 0.7090
        4.2766 0.6990
        4.6760 0.5452
        4.8440 0.5151
        5.6080 0.5117
        5.8000 0.5050
      }
      absolutetags playback_time
      {
        "apex" 0.094178
        "accent" 0.214774
        "loop" 0.302947
        "end" 0.854773
      }
      absolutetags shifted_time
      {
        "apex" 0.125000
        "accent" 0.340909
        "loop" 0.534091
        "end" 0.681818
      }
      sequenceduration 2.966667
    }
    event gesture "M_g_shrug"
    {
      time 23.688032 27.654701
      param "M_g_shrug"
      event_ramp
      {
        0.0000 0.0000
        0.8600 0.3144
        1.5800 0.9799
        2.4680 0.9967
      }
      absolutetags playback_time
      {
        "apex" 0.335664
        "hd1" 0.405594
        "accent" 0.573427
        "loop" 0.774099
        "end" 0.812824
      }
      absolutetags shifted_time
      {
        "apex" 0.204545
        "hd1" 0.268177
        "accent" 0.409091
        "loop" 0.625000
        "end" 0.681818
      }
      sequenceduration 2.966667
    }
    event gesture "NULL"
    {
      time 45.683769 51.081203
      param ""
    }
    event gesture "M_g_hdclasp_low"
    {
      time 51.683769 57.624798
      param "M_g_hdclasp_low"
      absolutetags playback_time
      {
        "in" 0.175707
        "loop" 0.238054
        "end" 0.306069
        "out" 0.780374
      }
      absolutetags shifted_time
      {
        "in" 0.316327
        "loop" 0.428571
        "end" 0.551020
        "out" 0.653061
      }
      sequenceduration 3.300000
    }
    event gesture "NULL"
    {
      time 15.166668 17.277781
      param ""
    }
    event gesture "M_g_rthd_heart"
    {
      time 12.833332 15.799999
      param "M_g_rthd_heart"
      absolutetags playback_time
      {
        "in" 0.168224
        "loop" 0.278282
        "end" 0.626087
        "out" 0.766305
      }
      absolutetags shifted_time
      {
        "in" 0.204819
        "loop" 0.433735
        "end" 0.602410
        "out" 0.746988
      }
      sequenceduration 2.800000
    }
    event gesture "M_g_hdclasp_low"
    {
      time 9.944444 13.866180
      param "M_g_hdclasp_low"
      event_ramp
      {
        0.0000 0.9886
      }
      absolutetags playback_time
      {
        "in" 0.253751
        "loop" 0.288994
        "end" 0.811693
        "out" 0.863891
      }
      absolutetags shifted_time
      {
        "in" 0.316327
        "loop" 0.428571
        "end" 0.551020
        "out" 0.653061
      }
      sequenceduration 3.300000
    }
  }
  channel "head"
  {
    event flexanimation "head"
    {
      time 11.993591 36.846161
      param ""
      flexanimations samples_use_time
      {
        "head_rightleft"         range 30.0 -30.0        
        {
          3.8901 0.5000
          8.8164 0.4300
          14.3628 0.4500
          14.4560 0.4500
          14.5091 0.4500
          14.6126 0.4500
          14.7908 0.4293
          15.3272 0.3400
          15.7948 0.3442
          16.0668 0.4177
          16.3810 0.5000
          16.4172 0.5000
          17.2516 0.5000
          17.3137 0.5000
          17.8429 0.3704
          18.3230 0.3784
          18.9861 0.5000
          19.0275 0.5000
        }
        "head_updown"         range 15.0 -15.0        
        {
          3.8901 0.5000
          7.7239 0.8600
          10.3870 0.9100
          10.4805 0.9000
          10.8746 0.6700
          11.0716 0.5400
          11.5248 0.5000
          12.1603 0.8400
          12.2341 0.8400
          14.3628 0.8800
          14.4560 0.8800
          14.5041 0.8800
          14.6076 0.8800
          14.7858 0.8347
          14.9615 0.6500
          15.4722 0.5300
          15.7948 0.5341
          16.0668 0.7000
          16.3810 0.8800
          16.4172 0.8800
          17.4135 0.8800
          17.4756 0.8800
          17.8429 0.5952
          18.9861 0.6500
          19.0275 0.6500
        }
        "head_tilt"         range 15.0 -15.0        
        {
          3.8901 0.5000
          14.3628 0.5000
          14.4560 0.5000
          14.6391 0.5000
          14.7426 0.5000
          14.9208 0.5259
          15.1346 0.6400
          15.4722 0.7900
          15.7948 0.6995
          16.0668 0.4500
          16.3810 0.5000
          16.4172 0.5000
          17.2945 0.5000
          17.3566 0.5000
          17.6136 0.7600
          17.8429 0.8926
          18.9861 0.5000
          19.0275 0.5000
        }
        "head_forwardback"         range 0.2 -0.2        
        {
          3.8901 0.5000
          7.7961 0.7400
          14.3628 0.7400
          14.4560 0.7400
          14.6941 0.7400
          14.7976 0.7400
          15.0358 0.7135
          15.4722 0.6900
          15.7948 0.6913
          16.0668 0.7143
          16.3810 0.7400
          16.4172 0.7400
          17.4135 0.7400
          17.4756 0.7400
          18.0429 0.6107
          18.9861 0.6400
          19.0275 0.6400
        }
        "body_rightleft"         range 30.0 -30.0        
        {
          14.3628 0.5000
          14.4560 0.5000
          14.7541 0.5000
          14.8576 0.5000
          15.0358 0.4935
          15.4122 0.4343
          15.8798 0.4277
          16.1518 0.4586
          16.4660 0.5000
          16.5022 0.5000
          17.5435 0.5000
          17.6056 0.5000
          18.4920 0.4707
          18.9861 0.5000
          19.0275 0.5000
        }
        "chest_rightleft"         range 30.0 -30.0        
        {
          14.3628 0.5000
          14.4560 0.5000
          14.7541 0.5000
          14.8576 0.5000
          15.2227 0.3500
          15.3972 0.3300
          15.7948 0.3342
          16.0668 0.4177
          16.3810 0.5000
          16.4172 0.5000
          17.4135 0.5000
          17.4756 0.5000
          18.1715 0.3164
          18.5236 0.3000
          18.9861 0.5000
          19.0275 0.5000
        }
        "lid_droop"         combo        
        {
          10.6676 0.0000
          10.8893 0.6800
          10.9337 0.7000
          11.5649 0.6800
          11.5946 0.6800
          11.7346 0.0400
          14.1043 0.0400
          14.2669 0.7500
          14.3112 0.7400
          14.7054 0.7400
          14.7399 0.7000
          14.8483 0.0400
          15.0798 0.0300
          15.1833 0.7000
          15.2128 0.7000
          15.6591 0.7300
          15.7034 0.7100
          15.7921 0.0200
          17.6200 0.0300
          17.7037 0.7400
          17.7431 0.7300
          18.9386 0.0300
        }
        {
          10.6676 0.5000
        }
        "blink"        
        {
          4.5499 0.0000
          4.6583 0.8700
          4.9380 0.0000
          5.7822 0.0000
          5.7822 0.0000
          5.8364 0.7500
          5.9744 0.0400
          10.6955 0.0200
          10.8817 0.7500
          11.0804 0.0600
          11.5738 0.0300
          11.6378 0.9800
          11.7167 0.0200
          14.0632 0.0400
          14.1273 0.9200
          14.2111 0.0400
          14.7185 0.0500
          14.7629 0.9200
          14.8466 0.0300
          15.0535 0.0200
          15.0979 0.8700
          15.2013 0.0500
          15.6989 0.0200
          15.7482 0.8800
          15.8517 0.0400
          17.5180 0.0600
          17.5673 0.9300
          17.7053 0.0600
        }
        "eyes_updown"         range 30.0 -30.0        
        {
          10.5294 0.5000
          10.6575 0.5000
          10.7909 0.3200
          10.9297 0.2500
          11.0033 0.2400
          11.0821 0.2400
          11.5276 0.2400
          11.5736 0.2400
          11.6997 0.5000
          11.7341 0.5000
          13.9902 0.4900
          14.0833 0.4900
          14.1597 0.2300
          14.2028 0.2300
          14.3321 0.2300
          14.3894 0.2300
          14.4519 0.1300
          14.5135 0.1100
          14.6318 0.1100
          14.7000 0.1300
          14.8030 0.4900
          14.8134 0.4900
          14.9413 0.4900
          14.9413 0.4900
          14.9870 0.5100
          15.0402 0.5000
          15.1476 0.0200
          15.7217 0.0300
          15.7907 0.5000
          15.8202 0.5000
          17.4980 0.5000
          17.5249 0.5000
          17.5988 0.0000
          18.7676 0.5000
          18.8366 0.5000
        }
        "eyes_rightleft"         range 30.0 -30.0        
        {
          10.5294 0.5000
          10.7051 0.5000
          10.9616 0.6100
          11.0036 0.6100
          11.4881 0.5900
          11.5259 0.5900
          11.6520 0.5000
          11.6865 0.5000
          13.9902 0.4900
          14.0833 0.4900
          14.1597 0.6143
          14.2131 0.6200
          14.3321 0.6100
          14.3894 0.6143
          14.4519 0.3891
          14.4769 0.4000
          14.5338 0.3800
          14.6269 0.3800
          14.7000 0.3891
          14.8030 0.4900
          14.8134 0.4900
          14.8603 0.4900
          14.8603 0.4900
          14.9818 0.5000
          15.0402 0.5000
          15.1476 0.0200
          15.7069 0.0400
          15.7907 0.5000
          15.8202 0.5000
          17.4980 0.5000
          17.5249 0.5000
          17.5988 0.0900
          18.7676 0.5000
          18.8366 0.5000
        }
      }
    }
  }
  channel "face"
  {
    event flexanimation "face"
    {
      time 11.805555 37.138897
      param ""
      flextimingtags
      {
        "hd1" 0.180155 1
      }
      flexanimations samples_use_time
      {
        "inner_raiser"         combo        
        {
          0.9352 0.0000
          1.0928 0.4900
          1.1815 0.5300
          2.9464 0.4900
          3.3898 0.2400
          4.6686 0.2400
          4.7819 0.2400
          5.1662 0.2400
          5.2007 0.2400
          5.9795 0.2400
          6.0090 0.2400
          6.2156 0.0000
          6.2665 0.0000
          7.8338 0.0000
          8.1642 0.0000
          8.3068 0.7100
          9.0211 0.4959
          9.2346 0.4700
          9.2839 0.4800
          9.3906 0.8600
          9.4913 0.8600
          9.8242 0.8400
          10.0202 1.0000
          10.5583 0.7623
          10.6420 0.7623
          10.8785 0.8400
          10.9426 0.8400
          11.8253 0.8400
          11.9287 0.8400
          12.1406 0.6700
          12.1849 0.6700
          13.1813 0.6500
          13.3981 0.8900
          13.4375 0.8900
          13.8662 0.8900
          14.0288 1.0000
          14.0879 1.0000
          14.2322 0.9900
          15.2210 0.7400
          15.8041 0.7500
          16.0012 1.0000
          16.1391 1.0000
          16.2771 1.0000
          16.5826 0.8900
          16.9501 0.7700
          17.0594 0.9400
          17.1366 0.9900
          17.3977 0.9500
          17.6255 0.8500
          17.8669 0.8300
        }
        {
          0.9352 0.5000
          1.0928 0.5000
          2.9464 0.5000
          3.3898 0.5000
          4.6686 0.5000
          4.7819 0.5000
          5.1662 1.0000
          5.2007 1.0000
          5.9795 1.0000
          6.0090 1.0000
          6.2156 0.5000
          6.2665 0.5000
          7.8338 0.5000
          7.8880 0.5000
          8.3068 0.5000
          9.0211 0.5000
          9.2839 0.5000
          9.3906 0.5000
          9.4104 0.5000
          9.8242 0.5000
          10.0202 0.5000
          10.5583 0.5000
          10.6420 0.5000
          10.8785 0.5000
          10.9426 0.5000
          11.5634 0.5000
          11.6668 0.5000
          11.8787 0.5000
          11.9230 0.5000
          13.2552 0.5000
          13.3981 0.5000
          13.4375 0.5000
          13.8662 0.5000
          14.0288 0.5000
          14.0879 0.5000
          15.8041 0.5000
          16.0012 0.5000
          16.1391 0.5000
          16.2771 0.5000
          16.5826 0.5000
          16.9215 0.5000
          17.0594 0.5000
          17.6255 0.5000
          17.8669 0.5000
        }
        "outer_raiser"         combo        
        {
          0.9352 0.0000
          1.0928 0.3600
          1.2209 0.3874
          2.9464 0.3600
          3.3898 0.0000
          4.6686 0.0000
          4.7819 0.0000
          5.1662 0.3600
          5.2007 0.3600
          5.9795 0.3600
          6.0090 0.3600
          6.2156 0.0000
          6.2665 0.0000
          7.8338 0.0000
          7.8880 0.0000
          8.3068 0.0000
          9.0211 0.0000
          9.2839 0.0000
          9.3906 0.3200
          9.4913 0.3788
          9.8242 0.3200
          10.0202 0.0000
          10.5583 0.0000
          10.6420 0.0000
          10.8785 0.0000
          10.9426 0.0000
          11.5634 0.0000
          11.8573 0.1300
          12.0216 0.1300
          12.2059 0.1300
          12.3897 0.3800
          12.5999 0.4100
          12.7251 0.2300
          13.2058 0.2400
          13.3981 0.0000
          13.8317 0.0000
          13.8662 0.0000
          14.0288 0.0000
          14.0879 0.0000
          15.8041 0.0000
          16.0012 0.0000
          16.1391 0.0000
          16.2771 0.0000
          16.5826 0.0000
          16.9215 0.0000
          17.0594 0.0000
          17.6255 0.0100
          17.8669 0.0000
        }
        {
          0.9352 0.5000
          1.0928 0.5000
          2.9464 0.5000
          3.3898 0.5000
          4.6686 0.5000
          4.7819 0.5000
          5.1662 1.0000
          5.2007 1.0000
          5.9795 1.0000
          6.0090 1.0000
          6.2156 0.5000
          6.2665 0.5000
          7.8338 0.5000
          7.8880 0.5000
          8.3068 0.5000
          9.0211 0.5000
          9.2839 0.5000
          9.3906 0.5000
          9.4104 0.5000
          9.8242 0.5000
          10.0202 0.5000
          10.5583 0.5000
          10.6420 0.5000
          10.8785 0.5000
          10.9426 0.5000
          11.5634 0.5000
          11.6668 0.5000
          11.8787 0.5000
          11.9230 0.5000
          13.2552 0.5000
          13.3981 0.5000
          13.4375 0.5000
          13.8662 0.5000
          14.0288 0.5000
          14.0879 0.5000
          15.8041 0.5000
          16.0012 0.5000
          16.1391 0.5000
          16.2771 0.5000
          16.5826 0.5000
          16.9215 0.5000
          17.0594 0.5000
          17.6255 0.5000
          17.8669 0.5000
        }
        "lowerer"         combo        
        {
          0.9352 0.0000
          1.0928 0.0000
          2.9464 0.0000
          3.3898 0.0000
          4.6686 0.0000
          4.7819 0.3800
          4.8558 0.3800
          5.1662 0.3800
          5.2007 0.3800
          5.9795 0.3800
          6.0090 0.3800
          6.2156 0.0000
          6.2665 0.0000
          7.8338 0.0000
          7.8880 0.0000
          8.3068 0.0000
          8.8832 0.0300
          9.0211 0.1300
          9.2839 0.1100
          9.3906 0.0000
          9.4104 0.0000
          9.8242 0.0000
          10.0202 0.5000
          10.3981 0.1700
          10.5583 0.0400
          10.6420 0.0400
          10.8785 0.0400
          10.9426 0.0400
          11.5634 0.0400
          11.6668 0.0400
          11.8787 0.4100
          11.9230 0.4100
          12.1530 0.4000
          12.3896 0.0800
          12.6212 0.0100
          12.6754 0.1700
          12.7345 0.2600
          12.7985 0.3200
          13.2266 0.4300
          13.3981 0.0000
          13.4375 0.0000
          13.8662 0.0000
          14.0288 0.0300
          14.2174 0.0500
          14.3898 0.4500
          14.6643 0.5300
          14.8331 0.5200
          14.9070 0.4700
          15.0351 0.0300
          15.8041 0.0000
          16.0012 0.3600
          16.1391 0.3600
          16.2771 0.0000
          16.5826 0.0000
          16.9215 0.0000
          17.0594 0.0000
          17.6255 0.0000
          17.8669 0.0000
        }
        {
          0.9352 0.5000
          1.0928 0.5000
          2.9464 0.5000
          3.3898 0.5000
          4.6686 0.5000
          4.7819 0.5000
          5.1662 0.0000
          5.2007 0.0000
          5.9795 0.0000
          6.0090 0.0000
          6.2156 0.5000
          6.2665 0.5000
          7.8338 0.5000
          7.8880 0.5000
          8.3068 0.5000
          9.0211 0.5000
          9.2839 0.5000
          9.3906 0.5000
          9.4104 0.5000
          9.8242 0.5000
          10.0202 0.5000
          10.5583 0.5000
          10.6420 0.5000
          10.8785 0.5000
          10.9426 0.5000
          11.5634 0.5000
          11.6668 0.5000
          11.8787 0.5000
          11.9230 0.5000
          13.2552 0.5000
          13.3981 0.5000
          13.4375 0.5000
          13.8662 0.5000
          14.0288 0.5000
          14.0879 0.5000
          15.8041 0.5000
          16.0012 0.5000
          16.1391 0.5000
          16.2771 0.5000
          16.5826 0.5000
          16.9215 0.5000
          17.0594 0.5000
          17.6255 0.5000
          17.8669 0.5000
        }
        "cheek_raiser"         combo        
        {
          4.9166 0.0000
          6.1384 0.0000
          10.7210 0.0000
          10.8786 0.0000
          10.9771 0.0000
          11.6414 0.0000
          11.6956 0.0000
          11.7843 0.0000
          13.9193 0.0000
          14.0277 0.4500
          14.3627 0.4500
          14.4711 0.0000
          15.8555 0.0000
          15.9680 0.1100
          16.0566 0.1100
          16.1404 0.1100
          16.4064 0.1100
          16.5247 0.1100
          16.7168 0.0000
          17.8303 0.0000
          17.8756 0.5100
          17.9101 0.6300
          17.9939 0.6900
          18.4471 0.6900
          19.1418 0.0100
        }
        {
          4.9166 0.5000
          5.1136 0.5000
          5.9167 0.5000
          6.1384 0.5000
          10.7876 0.5000
          10.9453 0.5000
          11.6843 0.5000
          13.9193 0.5000
          14.0277 0.5000
          14.3627 0.5000
          14.4711 0.5000
          15.8555 0.5000
          15.9680 0.5000
          16.5247 0.5000
          16.7168 0.5000
          17.8303 0.5000
          17.8756 0.5000
          17.9939 0.5000
          18.4471 0.5000
          18.6935 0.5000
        }
        "upper_raiser"         combo        
        {
          10.6823 0.0000
          10.8149 0.0000
          10.9681 0.0000
          11.1450 0.0000
          11.4756 0.0000
        }
        {
          10.6823 0.5000
          10.7809 0.5000
          10.8843 0.5000
          10.9681 0.5000
          11.2883 0.5000
          11.4756 0.5000
        }
        "corner_depressor"         combo        
        {
          1.1203 0.0000
          1.2878 0.4900
          1.9283 0.0000
          8.1036 0.0000
          8.2464 0.3300
          8.3450 0.3300
          10.5120 0.3300
          10.5760 0.3300
          10.7189 0.3100
          11.0612 0.1100
          11.3075 0.4800
          11.5761 0.5700
          11.7735 0.2800
          14.1606 0.2800
          14.5794 0.4900
          15.8547 0.4900
          16.1059 0.2300
          17.6332 0.2300
          17.8549 0.4500
        }
        {
          1.1203 0.5000
          1.2878 0.5000
          1.9283 0.5000
          8.1036 0.5000
          8.2464 0.5000
          8.3450 0.5000
          10.5120 0.5000
          10.5760 0.5000
          10.7189 0.5000
          11.5761 0.5000
          11.7735 0.5000
          14.1606 0.5000
          14.5794 0.5000
          15.8547 0.5000
          16.1059 0.5000
          17.6332 0.5000
          17.8549 0.5000
        }
        "chin_raiser"        
        {
          10.6823 0.0000
          10.8199 0.1100
          10.9681 0.1600
          11.1745 0.0500
          11.4756 0.0000
        }
        "stretcher"         combo        
        {
          10.5740 0.0000
          10.9336 0.0000
          11.5938 0.0000
        }
        {
          10.5740 0.5000
          10.9336 0.5000
          11.5938 0.5000
        }
        "presser"        
        {
          10.6823 0.0000
          10.8568 0.8800
          10.9681 0.6400
          11.4756 0.0000
        }
        "jaw_clencher"        
        {
          10.6823 0.0000
          10.9681 0.3300
          11.4756 0.0000
        }
        "jaw_drop"        
        {
          0.8126 0.0000
          1.0971 0.4500
          1.3434 0.4500
          3.1231 0.0000
          10.5740 0.0200
          11.0174 0.2100
          11.5193 0.2500
          12.0365 0.0500
          15.4138 0.0000
          15.6108 0.3400
          15.6946 0.3900
          15.8444 0.2800
          15.9380 0.0400
        }
        "mouth_drop"         combo        
        {
          0.8126 0.0000
          1.0971 0.1400
          1.3434 0.4600
          3.1231 0.0000
          10.8593 0.0500
          11.5538 0.4500
          12.1400 0.0100
          15.4138 0.0000
          15.6108 0.1800
          15.6946 0.5700
          15.8444 0.4100
          15.9823 0.0100
        }
        {
          0.8126 0.5000
          1.0971 0.5000
          1.3434 0.5000
          3.1231 0.5000
          15.4995 0.5000
          15.6966 0.5000
          15.7803 0.5000
          15.8444 0.5000
        }
      }
    }
    event flexanimation "face2"
    {
      time 51.305561 57.277782
      param ""
      flexanimations samples_use_time
      {
        "blink"        
        {
          3.0965 0.0000
          3.2270 0.8500
          3.4803 0.0000
        }
        "inner_raiser"         combo        
        {
          1.6702 0.4600
          3.1679 0.4600
        }
        {
          1.6702 0.5000
          3.1679 0.5000
        }
        "outer_raiser"         combo        
        {
          1.6702 0.0800
          3.1679 0.0800
        }
        {
          1.6702 0.5000
          3.1679 0.5000
        }
        "corner_depressor"         combo        
        {
          1.6702 0.2800
          3.1679 0.2800
        }
        {
          1.6702 0.5000
          3.1679 0.5000
        }
      }
    }
  }
  channel "Trigger"
  {
    event firetrigger "3_takeGun"
    {
      time 1.011666 -1.000000
      param "3"
    }
    event firetrigger "1_player_TrackInstall"
    {
      time 9.505003 -1.000000
      param "1"
    }
    event firetrigger "2_Start_pod"
    {
      time 29.925085 -1.000000
      param "2"
    }
    event firetrigger "5_Solider_Exit"
    {
      time 18.527779 -1.000000
      param "5"
    }
  }
  channel "Trigger2"
  {
    event firetrigger "4_open_Doors"
    {
      time 11.666667 -1.000000
      param "4"
    }
  }
}

actor "Breen_01"
{
  channel "audio"
  {
    event speak "gas giants inhabited"
    {
      time 39.177860 49.003212
      param "citadel.br_oheli08_echo"
      fixedlength
      cctype "cc_master"
      cctoken ""
    }
    event speak "carbon stars with ancient satellites..."
    {
      time 33.583263 38.939091
      param "citadel.br_oheli07_echo"
      fixedlength
      cctype "cc_master"
      cctoken ""
    }
    event speak "intersect"
    {
      time 49.258469 54.014500
      param "citadel.br_oheli09_echo"
      fixedlength
      cctype "cc_master"
      cctoken ""
    }
  }
  faceposermodel "U:\HL2\hl2\models\breen.mdl"
}

mapname "maps\eli_lab.bsp"
scalesettings
{
  "CChoreoView" "24"
  "SceneRampTool" "100"
  "RampTool" "50"
  "ExpressionTool" "42"
  "GestureTool" "100"
}
fps 60
snap off
// Choreo version 1
event stoppoint "stop"
{
  time 43.888954 -1.000000
  param "noaction"
}
actor "Breen"
{
  channel "audio"
  {
    event speak "citadel.br_guest_a"
    {
      time 4.834263 7.596485
      param "citadel.br_guest_a"
      fixedlength
      cctype "cc_master"
      cctoken ""
    }
    event speak "citadel.br_guest_f"
    {
      time 23.708206 30.304600
      param "citadel.br_guest_f"
      fixedlength
      cctype "cc_slave"
      cctoken "citadel.br_guest_f_cc"
    }
    event speak "citadel.br_gravgun"
    {
      time 9.529407 11.495665
      param "citadel.br_gravgun"
      fixedlength
      cctype "cc_master"
      cctoken ""
    }
    event speak "citadel.br_guest_b"
    {
      time 12.745098 15.837139
      param "citadel.br_guest_b"
      fixedlength
      cctype "cc_master"
      cctoken "citadel.br_guest_f_cc"
    }
    event speak "citadel.br_guest_c"
    {
      time 16.235294 20.440487
      param "citadel.br_guest_c"
      fixedlength
      cctype "cc_slave"
      cctoken "citadel.br_guest_f_cc"
    }
    event speak "citadel.br_guest_d"
    {
      time 20.784313 23.134268
      param "citadel.br_guest_d"
      fixedlength
      cctype "cc_slave"
      cctoken "citadel.br_guest_f_cc"
    }
    event speak "citadel.br_dictate_a"
    {
      time 31.098043 37.558746
      param "citadel.br_dictate_a"
      fixedlength
      cctype "cc_master"
      cctoken ""
    }
    event speak "citadel.br_dictate_b"
    {
      time 37.333336 41.208870
      param "citadel.br_laugh01"
      fixedlength
      cctype "cc_master"
      cctoken ""
    }
    event speak "yes what is it"
    {
      time 42.211342 43.602112
      param "citadel.br_yesjudith"
      param2 ".4"
      fixedlength
      cctype "cc_master"
      cctoken ""
    }
  }
  channel "look at"
  {
    event lookat "look_player"
    {
      time 1.926009 4.180764
      param "!player"
      event_ramp
      {
        0.2080 0.2932
        0.3400 0.5714
        0.4582 0.7724
        0.6427 0.9387
        1.0533 0.9989
        1.5862 1.0000
        2.0595 1.0000
        2.2548 0.9951
      }
    }
    event lookat "physgun_soldier"
    {
      time 7.572957 12.219498
      param "physgun_soldier"
      event_ramp
      {
        0.8200 0.6061
        1.2533 0.7989
        1.3811 0.8308
        1.7676 0.8346
        2.2270 0.8476
        2.6973 0.8120
        2.8297 0.7068
        3.0000 0.4905
        3.1097 0.3739
        3.3000 0.2331
        4.5497 0.0000
        4.6465 0.0000
      }
    }
    event lookat "look_player"
    {
      time 11.219193 19.648205
      param "!player"
      event_ramp
      {
        0.5200 0.5909
        0.8333 0.7765
        1.3000 0.8561
        1.7133 0.8561
        8.3366 0.8106
        8.4166 0.8106
      }
    }
    event lookat "eli"
    {
      time 32.217598 34.347073
      param "eli"
      event_ramp
      {
        0.3867 0.5579
        0.7133 0.7556
        1.1400 0.8381
        1.2694 0.8412
        1.9784 0.8220
        2.1295 0.8155
      }
    }
    event lookat "!player"
    {
      time 33.103294 38.824394
      param "!player"
      event_ramp
      {
        0.2427 0.3799
        0.4753 0.6496
        0.7620 0.8116
        1.2260 0.8824
        2.5067 0.9053
        3.1934 0.9240
        3.2245 0.9240
        5.6675 0.9205
        5.7211 0.9129
      }
    }
    event lookat "Mossman"
    {
      time 24.429802 26.402264
      param "Mossman"
      event_ramp
      {
        0.5459 1.0000
        0.7133 1.0000
        0.8514 1.0000
        0.9879 1.0000
        1.0582 1.0000
        1.6924 1.0000
        1.8770 1.0000
        1.9725 1.0000
      }
    }
    event lookat "Mossman"
    {
      time 42.036850 45.535194
      param "Mossman"
      event_ramp
      {
        0.5126 0.5455
        0.6793 0.5947
        1.1541 0.5909
      }
    }
    event lookat "Eli"
    {
      time -0.215053 2.584630
      param "Eli"
      event_ramp
      {
        0.5933 0.7424
        0.8400 0.8485
        1.0533 0.8523
        2.1311 0.8636
        2.6045 0.8598
        2.7778 0.8485
      }
    }
    event lookat "spark_console"
    {
      time 3.251614 5.784630
      param "spark_console"
      event_ramp
      {
        0.5933 0.7424
        0.8400 0.8485
        1.0533 0.8523
        1.8644 0.8636
        2.3378 0.8598
        2.5111 0.8485
      }
    }
    event lookat "look_player"
    {
      time 4.851614 9.135355
      param "!player"
      event_ramp
      {
        0.5933 0.7424
        0.8400 0.8485
        1.0533 0.8523
        3.6152 0.8636
        4.0886 0.8598
        4.2619 0.8485
      }
    }
    event lookat "Eli"
    {
      time 18.410038 21.920834
      param "Eli"
      event_ramp
      {
        0.5933 0.7424
        0.8400 0.8485
        1.0533 0.8523
        2.8422 0.8636
        3.3156 0.8598
        3.4889 0.8485
      }
    }
    event lookat "look_player"
    {
      time 20.784784 25.103277
      param "!player"
      event_ramp
      {
        0.3667 0.5038
        0.5200 0.6477
        0.8333 0.7992
        1.3000 0.8637
        1.8600 0.8712
        4.2757 0.8485
        4.3185 0.8485
      }
    }
    event lookat "look_player"
    {
      time 25.691935 32.634205
      param "!player"
      event_ramp
      {
        0.2540 0.6022
        0.4293 0.7954
        0.8960 0.8788
        2.0200 0.8977
        6.9000 0.8561
        6.9405 0.8561
      }
    }
    event lookat "Mossman"
    {
      time 38.104416 40.263885
      param "Mossman"
      event_ramp
      {
        0.5480 0.9735
        0.7133 1.0000
        1.3130 1.0000
        1.4654 1.0000
        1.8795 1.0000
        2.1595 1.0000
      }
    }
    event lookat "!self"
    {
      time 39.605915 43.621590
      param "!self"
      event_ramp
      {
        0.2540 0.6022
        0.4293 0.7954
        3.3457 0.8788
        3.9232 0.8106
        4.0032 0.8106
      }
    }
    active "0"
  }
  channel "face to"
  {
    event face "soldier_takegun"
    {
      time 7.697701 11.212083
      param "soldier_takegun"
      event_ramp
      {
        0.8485 0.8127
        2.4190 0.9507
        2.7671 0.9538
        3.3967 0.9460
        3.5143 0.9370
      }
    }
    event face "player"
    {
      time 1.825321 3.488495
      param "!player"
      event_ramp
      {
        0.0892 0.1288
        0.1514 0.2426
        0.3095 0.5260
        0.3675 0.6241
        0.4892 0.7255
        0.6405 0.7820
        1.0372 0.8195
        1.2656 0.8158
        1.6295 0.7970
        1.6632 0.7857
      }
    }
    event face "player"
    {
      time 11.353426 16.641029
      param "!player"
      event_ramp
      {
        0.8485 0.8577
        1.1394 0.9540
        1.6394 0.9874
        4.0422 1.0000
        5.0089 1.0000
        5.2877 1.0000
      }
    }
    event face "eli"
    {
      time 32.112957 34.156532
      param "eli"
      event_ramp
      {
        0.3276 0.2802
        0.5966 0.4242
        1.0083 0.4810
        1.0322 0.4810
        1.0724 0.4810
        1.1871 0.4696
        1.9915 0.0000
      }
      lockbodyfacing
    }
    event face "player"
    {
      time 35.110062 37.050781
      param "!player"
      event_ramp
      {
        0.8485 0.7289
        1.2889 0.9735
        1.8658 1.0000
        1.9407 1.0000
      }
    }
    event face "mossman"
    {
      time 24.335411 26.327314
      param "mossman"
      event_ramp
      {
        0.4320 0.3637
        0.5240 0.4205
        0.6160 0.4584
        0.6952 0.4774
        0.8500 0.4925
        1.0307 0.4925
        1.1158 0.4925
        1.2889 0.4925
        1.4213 0.4925
        1.9919 0.0000
      }
      lockbodyfacing
    }
    event face "player"
    {
      time 4.302372 7.618061
      param "!player"
      event_ramp
      {
        0.6432 0.8047
        0.8129 0.9010
        1.0757 0.9248
        2.1650 0.9470
        2.5617 0.9382
        3.0368 0.9394
        3.3156 0.9129
      }
    }
    event face "eli"
    {
      time 18.637428 21.218578
      param "eli"
      event_ramp
      {
        1.0083 0.6477
        1.4047 0.6477
        1.5922 0.6477
        1.7856 0.6477
        1.9856 0.6174
        2.5811 0.0000
      }
    }
    event face "player"
    {
      time 21.654840 23.629181
      param "!player"
      event_ramp
      {
        0.3300 0.3674
        0.5240 0.6818
        0.6580 0.8409
        0.8018 0.9296
        0.9980 0.9697
        1.2840 0.9697
        1.6956 0.9697
        1.8620 0.9697
        1.9743 0.9697
      }
    }
    event face "mossman"
    {
      time 42.418633 45.503445
      param "mossman"
      event_ramp
      {
        0.2973 0.1666
        0.4569 0.2537
        0.6637 0.3068
        0.9838 0.3257
        2.3626 0.2465
        2.7297 0.1150
      }
      lockbodyfacing
    }
    event face "mossman"
    {
      time 37.523819 40.965004
      param "mossman"
      event_ramp
      {
        0.4320 0.2387
        0.5240 0.2802
        0.6160 0.2993
        0.6952 0.3068
        0.8500 0.3068
        2.2826 0.3144
        2.4616 0.3068
      }
      lockbodyfacing
    }
  }
  channel "move to"
  {
    event moveto "Mark_breen_3"
    {
      time 3.083105 5.404057
      param "Mark_breen_3"
      param2 "walk_all_moderate"
    }
    event moveto "Mark_breen_3b"
    {
      time 11.686687 14.293353
      param "Mark_breen_3b"
      param2 "walk_all_moderate"
    }
    event moveto "Mark_moss_3"
    {
      time 7.699756 9.576264
      param "Mark_moss_3"
      param2 "walk_all_moderate"
    }
  }
  channel "Trigger"
  {
    event firetrigger "1_soldier_approachBreen"
    {
      time 0.352158 -1.000000
      param "1"
    }
    event firetrigger "3_SS_soldier_deliver_3"
    {
      time 11.410980 -1.000000
      param "3"
    }
  }
  channel "postures"
  {
    event gesture "NULL"
    {
      time 0.000000 1.201754
      param ""
    }
    event gesture "B_p_ft_fwd"
    {
      time 21.075270 32.592758
      param "B_p_ft_fwd"
      absolutetags playback_time
      {
        "apex" 0.084111
        "loop" 0.164508
        "end" 0.868754
      }
      absolutetags shifted_time
      {
        "apex" 0.231481
        "loop" 0.462963
        "end" 0.555556
      }
      sequenceduration 3.633333
    }
    event gesture "B_p_ft_apartbig"
    {
      time 30.182327 44.622349
      param "B_p_ft_apartbig"
      absolutetags playback_time
      {
        "apex" 0.062244
        "loop" 0.156633
        "end" 0.859431
      }
      absolutetags shifted_time
      {
        "apex" 0.203252
        "loop" 0.487805
        "end" 0.569106
      }
      sequenceduration 4.133333
    }
  }
  channel "body"
  {
    event gesture "NULL"
    {
      time 0.000000 1.201754
      param ""
    }
    event gesture "B_bg_acctup"
    {
      time 1.913978 4.213978
      param "B_bg_acctup"
      event_ramp
      {
        0.0000 0.6388
        0.1133 0.6522
        2.2067 0.5184
        2.3000 0.5117
      }
      absolutetags playback_time
      {
        "apex" 0.117647
        "extreme" 0.224299
        "loop" 0.514706
        "end" 0.588235
      }
      absolutetags shifted_time
      {
        "apex" 0.117647
        "extreme" 0.294118
        "loop" 0.514706
        "end" 0.588235
      }
      sequenceduration 2.300000
    }
    event gesture "NULL"
    {
      time 4.795699 5.747312
      param ""
    }
    event gesture "B_bg_hipfwd"
    {
      time 6.236559 8.369893
      param "B_bg_hipfwd"
      absolutetags playback_time
      {
        "apex" 0.126984
        "extreme" 0.206349
        "loop" 0.535354
        "end" 0.666667
      }
      absolutetags shifted_time
      {
        "apex" 0.126984
        "extreme" 0.206349
        "loop" 0.476190
        "end" 0.555556
      }
      sequenceduration 2.133333
    }
    event gesture "NULL"
    {
      time 8.408602 9.639785
      param ""
    }
    event gesture "B_bg_leanbk_chindwn"
    {
      time 10.279571 12.009677
      param "B_bg_leanbk_chindwn"
      absolutetags playback_time
      {
        "apex" 0.156791
        "extreme" 0.337500
        "loop" 0.575000
        "end" 0.725000
      }
      absolutetags shifted_time
      {
        "apex" 0.137931
        "extreme" 0.258621
        "loop" 0.431034
        "end" 0.517241
      }
      sequenceduration 1.966667
    }
    event gesture "NULL"
    {
      time 11.784946 12.693549
      param ""
    }
    event gesture "b_bg_laugh"
    {
      time 37.483875 39.257378
      param "b_bg_laugh"
      event_ramp
      {
        0.0000 0.4242
        0.6980 0.9167
        1.7500 0.6061
        1.7680 0.5985
      }
      absolutetags playback_time
      {
        "apex" 0.190936
        "extreme" 0.381871
        "loop" 0.572807
        "end" 0.720025
      }
      absolutetags shifted_time
      {
        "apex" 0.158730
        "extreme" 0.317460
        "loop" 0.476190
        "end" 0.555556
      }
      sequenceduration 2.133333
    }
    event gesture "B_bg_sigh"
    {
      time 38.322582 41.287544
      param "B_bg_sigh"
      event_ramp
      {
        0.4500 0.9962
        2.9650 0.9848
      }
      absolutetags playback_time
      {
        "apex" 0.147813
        "extreme" 0.341105
        "loop" 0.511658
        "end" 0.682442
      }
      absolutetags shifted_time
      {
        "apex" 0.147727
        "extreme" 0.340909
        "loop" 0.511364
        "end" 0.681818
      }
      sequenceduration 2.966667
    }
    event gesture "B_bg_acctup"
    {
      time 41.763443 44.063442
      param "B_bg_acctup"
      absolutetags playback_time
      {
        "apex" 0.117647
        "extreme" 0.294118
        "loop" 0.514706
        "end" 0.588235
      }
      absolutetags shifted_time
      {
        "apex" 0.117647
        "extreme" 0.294118
        "loop" 0.514706
        "end" 0.588235
      }
      sequenceduration 2.300000
    }
    event gesture "NULL"
    {
      time 36.946236 37.854839
      param ""
    }
    event gesture "B_bg_acctup"
    {
      time 12.666667 14.972663
      param "B_bg_acctup"
      absolutetags playback_time
      {
        "apex" 0.117341
        "extreme" 0.293353
        "loop" 0.513368
        "end" 0.757171
      }
      absolutetags shifted_time
      {
        "apex" 0.117647
        "extreme" 0.294118
        "loop" 0.514706
        "end" 0.588235
      }
      sequenceduration 2.300000
    }
    event gesture "B_bg_leanfwd_chinout"
    {
      time 14.107528 16.783871
      param "B_bg_leanfwd_chinout"
      absolutetags playback_time
      {
        "apex" 0.114026
        "extreme" 0.304069
        "loop" 0.506782
        "end" 0.782258
      }
      absolutetags shifted_time
      {
        "apex" 0.155172
        "extreme" 0.413793
        "loop" 0.689655
        "end" 0.741379
      }
      sequenceduration 1.966667
    }
    event gesture "NULL"
    {
      time 15.870966 17.317204
      param ""
    }
    event gesture "NULL"
    {
      time 18.709677 19.811829
      param ""
    }
    event gesture "NULL"
    {
      time 21.096775 22.177420
      param ""
    }
    event gesture "B_bg_leanfwd_chinout"
    {
      time 21.763439 24.027197
      param "B_bg_leanfwd_chinout"
      absolutetags playback_time
      {
        "apex" 0.134808
        "extreme" 0.359488
        "loop" 0.599146
        "end" 0.775320
      }
      absolutetags shifted_time
      {
        "apex" 0.155172
        "extreme" 0.413793
        "loop" 0.689655
        "end" 0.741379
      }
      sequenceduration 1.966667
    }
    event gesture "B_bg_leanfwd_chinout"
    {
      time 28.817205 31.686874
      param "B_bg_leanfwd_chinout"
      absolutetags playback_time
      {
        "apex" 0.106344
        "extreme" 0.283584
        "loop" 0.541353
        "end" 0.776357
      }
      absolutetags shifted_time
      {
        "apex" 0.155172
        "extreme" 0.413793
        "loop" 0.689655
        "end" 0.741379
      }
      sequenceduration 1.966667
    }
    event gesture "B_bg_hipfwd"
    {
      time 30.774191 35.025505
      param "B_bg_hipfwd"
      event_ramp
      {
        0.0020 0.7567
        0.6960 0.9468
      }
      absolutetags playback_time
      {
        "apex" 0.063722
        "extreme" 0.103547
        "loop" 0.238956
        "end" 0.898379
      }
      absolutetags shifted_time
      {
        "apex" 0.126984
        "extreme" 0.206349
        "loop" 0.476190
        "end" 0.555556
      }
      sequenceduration 2.133333
    }
    event gesture "B_bg_hipback"
    {
      time 35.677422 38.563450
      param "B_bg_hipback"
      absolutetags playback_time
      {
        "apex" 0.134399
        "extreme" 0.201598
        "loop" 0.351997
        "end" 0.783582
      }
      absolutetags shifted_time
      {
        "apex" 0.126984
        "extreme" 0.206349
        "loop" 0.476190
        "end" 0.555556
      }
      sequenceduration 2.133333
    }
    event gesture "B_bg_sigh"
    {
      time 39.806454 42.698402
      param "B_bg_sigh"
      event_ramp
      {
        0.0000 0.5475
        0.3000 0.5932
        0.8260 0.7567
        1.7946 0.0000
        2.2200 0.0000
        2.8919 0.0000
        2.8919 0.0000
      }
      absolutetags playback_time
      {
        "apex" 0.186567
        "extreme" 0.392742
        "loop" 0.562832
        "end" 0.770269
      }
      absolutetags shifted_time
      {
        "apex" 0.147727
        "extreme" 0.340909
        "loop" 0.511364
        "end" 0.681818
      }
      sequenceduration 2.966667
    }
    event gesture "B_bg_hipfwd"
    {
      time 34.172043 37.013451
      param "B_bg_hipfwd"
      absolutetags playback_time
      {
        "apex" 0.148321
        "extreme" 0.241596
        "loop" 0.410505
        "end" 0.666310
      }
      absolutetags shifted_time
      {
        "apex" 0.126984
        "extreme" 0.206349
        "loop" 0.476190
        "end" 0.555556
      }
      sequenceduration 2.133333
    }
    event gesture "NULL"
    {
      time 23.010752 25.037634
      param ""
    }
    event gesture "NULL"
    {
      time 26.064516 28.413980
      param ""
    }
    event gesture "B_bg_hipfwd"
    {
      time 23.806452 26.843012
      param "B_bg_hipfwd"
      absolutetags playback_time
      {
        "apex" 0.089213
        "extreme" 0.144970
        "loop" 0.334547
        "end" 0.809859
      }
      absolutetags shifted_time
      {
        "apex" 0.126984
        "extreme" 0.206349
        "loop" 0.476190
        "end" 0.555556
      }
      sequenceduration 2.133333
    }
    event gesture "B_bg_hipback"
    {
      time 26.451611 30.070526
      param "B_bg_hipback"
      event_ramp
      {
        0.0060 0.9924
        0.5080 0.9924
        2.2880 0.3674
      }
      absolutetags playback_time
      {
        "apex" 0.074857
        "extreme" 0.136095
        "loop" 0.420118
        "end" 0.738002
      }
      absolutetags shifted_time
      {
        "apex" 0.126984
        "extreme" 0.206349
        "loop" 0.476190
        "end" 0.555556
      }
      sequenceduration 2.133333
    }
    event gesture "B_bg_leanbk_chindwn"
    {
      time 16.236561 19.886681
      param "B_bg_leanbk_chindwn"
      absolutetags playback_time
      {
        "apex" 0.088781
        "extreme" 0.180585
        "loop" 0.273481
        "end" 0.739892
      }
      absolutetags shifted_time
      {
        "apex" 0.137931
        "extreme" 0.258621
        "loop" 0.431034
        "end" 0.517241
      }
      sequenceduration 1.966667
    }
    event gesture "NULL"
    {
      time 41.043480 41.543480
      param ""
    }
    event gesture "B_bg_leanfwd_chinout"
    {
      time 9.275362 11.059456
      param "B_bg_leanfwd_chinout"
      event_ramp
      {
        0.0054 0.8371
        0.1081 0.8409
        0.4054 0.8409
        1.7841 0.5795
      }
      absolutetags playback_time
      {
        "apex" 0.219792
        "extreme" 0.504878
        "loop" 0.704914
        "end" 0.714914
      }
      absolutetags shifted_time
      {
        "apex" 0.155172
        "extreme" 0.413793
        "loop" 0.689655
        "end" 0.741379
      }
      sequenceduration 1.966667
    }
    event gesture "B_bg_hipback"
    {
      time 19.275362 21.408695
      param "B_bg_hipback"
      absolutetags playback_time
      {
        "apex" 0.126984
        "extreme" 0.206349
        "loop" 0.476190
        "end" 0.555556
      }
      absolutetags shifted_time
      {
        "apex" 0.126984
        "extreme" 0.206349
        "loop" 0.476190
        "end" 0.555556
      }
      sequenceduration 2.133333
    }
  }
  channel "headges"
  {
    event gesture "NULL"
    {
      time 0.000000 0.887097
      param ""
    }
    event gesture "B_hg_hshake"
    {
      time 40.108459 43.958027
      param "B_hg_hshake"
      event_ramp
      {
        0.4980 0.9924
        3.7020 0.9962
      }
      absolutetags playback_time
      {
        "apex" 0.113846
        "extreme" 0.350294
        "loop" 0.418730
        "end" 0.754794
      }
      absolutetags shifted_time
      {
        "apex" 0.147727
        "extreme" 0.454545
        "loop" 0.625000
        "end" 0.681818
      }
      sequenceduration 2.966667
    }
    event gesture "NULL"
    {
      time 36.946232 38.908600
      param ""
    }
    event gesture "B_hg_tiltroll"
    {
      time 6.043011 9.009678
      param "B_hg_tiltroll"
      absolutetags playback_time
      {
        "apex" 0.147727
        "extreme" 0.272727
        "loop" 0.511364
        "end" 0.568182
      }
      absolutetags shifted_time
      {
        "apex" 0.147727
        "extreme" 0.272727
        "loop" 0.511364
        "end" 0.568182
      }
    }
    event gesture "NULL"
    {
      time 8.279570 10.500000
      param ""
    }
    event gesture "B_hg_hshake"
    {
      time 9.161290 11.919831
      param "B_hg_hshake"
      absolutetags playback_time
      {
        "apex" 0.158873
        "extreme" 0.449612
        "loop" 0.612403
        "end" 0.657812
      }
      absolutetags shifted_time
      {
        "apex" 0.147727
        "extreme" 0.454545
        "loop" 0.625000
        "end" 0.681818
      }
      sequenceduration 2.966667
    }
    event gesture "NULL"
    {
      time 13.139785 14.779570
      param ""
    }
    event gesture "B_hg_tiltroll"
    {
      time 14.365592 17.332258
      param "B_hg_tiltroll"
      event_ramp
      {
        0.0020 0.8295
        0.9160 0.8219
      }
      absolutetags playback_time
      {
        "apex" 0.147727
        "extreme" 0.272727
        "loop" 0.511364
        "end" 0.568182
      }
      absolutetags shifted_time
      {
        "apex" 0.147727
        "extreme" 0.272727
        "loop" 0.511364
        "end" 0.568182
      }
      sequenceduration 2.966667
    }
    event gesture "NULL"
    {
      time 16.989248 19.596775
      param ""
    }
    event gesture "NULL"
    {
      time 31.851336 34.134411
      param ""
    }
    event gesture "B_hg_tiltroll"
    {
      time 35.913986 38.106461
      param "B_hg_tiltroll"
      event_ramp
      {
        0.0081 0.9848
        0.9730 0.9924
      }
      absolutetags playback_time
      {
        "apex" 0.199892
        "extreme" 0.369031
        "loop" 0.691933
        "end" 0.768815
      }
      absolutetags shifted_time
      {
        "apex" 0.147727
        "extreme" 0.272727
        "loop" 0.511364
        "end" 0.568182
      }
      sequenceduration 2.966667
    }
    event gesture "B_hg_hshake"
    {
      time 34.537640 37.296185
      param "B_hg_hshake"
      absolutetags playback_time
      {
        "apex" 0.171978
        "extreme" 0.426472
        "loop" 0.609787
        "end" 0.657813
      }
      absolutetags shifted_time
      {
        "apex" 0.147727
        "extreme" 0.454545
        "loop" 0.625000
        "end" 0.681818
      }
      sequenceduration 2.966667
    }
    event gesture "b_bg_dwnheadstrt"
    {
      time 42.709679 45.009678
      param "b_bg_dwnheadstrt"
      absolutetags playback_time
      {
        "apex" 0.132353
        "extreme" 0.235294
        "loop" 0.500000
        "end" 0.588235
      }
      absolutetags shifted_time
      {
        "apex" 0.132353
        "extreme" 0.235294
        "loop" 0.500000
        "end" 0.588235
      }
      sequenceduration 2.300000
    }
    event gesture "B_hg_hshake"
    {
      time 28.365591 31.704777
      param "B_hg_hshake"
      absolutetags playback_time
      {
        "apex" 0.131247
        "extreme" 0.336400
        "loop" 0.522581
        "end" 0.717315
      }
      absolutetags shifted_time
      {
        "apex" 0.147727
        "extreme" 0.454545
        "loop" 0.625000
        "end" 0.681818
      }
      sequenceduration 2.966667
    }
    event gesture "NULL"
    {
      time 27.032259 28.607527
      param ""
    }
    event gesture "B_hg_tiltrollup"
    {
      time 23.317436 27.332222
      param "B_hg_tiltrollup"
      absolutetags playback_time
      {
        "apex" 0.109161
        "extreme" 0.201528
        "loop" 0.377865
        "end" 0.863037
      }
      absolutetags shifted_time
      {
        "apex" 0.147727
        "extreme" 0.272727
        "loop" 0.511364
        "end" 0.568182
      }
      sequenceduration 2.966667
    }
    event gesture "B_hg_tiltroll"
    {
      time 26.344088 29.547277
      param "B_hg_tiltroll"
      absolutetags playback_time
      {
        "apex" 0.136819
        "extreme" 0.252589
        "loop" 0.473605
        "end" 0.600067
      }
      absolutetags shifted_time
      {
        "apex" 0.147727
        "extreme" 0.272727
        "loop" 0.511364
        "end" 0.568182
      }
      sequenceduration 2.966667
    }
    event gesture "NULL"
    {
      time 22.376812 24.094204
      param ""
    }
    event gesture "B_hg_tiltroll"
    {
      time 19.333334 22.300001
      param "B_hg_tiltroll"
      event_ramp
      {
        0.0027 0.6250
        0.0216 0.6250
        1.0081 0.9356
        2.9405 0.5530
        2.9667 0.5644
      }
      absolutetags playback_time
      {
        "apex" 0.147727
        "extreme" 0.272727
        "loop" 0.511364
        "end" 0.568182
      }
      absolutetags shifted_time
      {
        "apex" 0.147727
        "extreme" 0.272727
        "loop" 0.511364
        "end" 0.568182
      }
      sequenceduration 2.966667
    }
  }
  channel "gestures"
  {
    event gesture "NULL"
    {
      time 0.000000 4.331579
      param ""
    }
    event gesture "console_rt"
    {
      time 4.378745 6.746476
      param "console_rt"
      absolutetags playback_time
      {
        "in" 0.256656
        "loop" 0.370726
        "end" 0.628148
        "out" 0.781818
      }
      absolutetags shifted_time
      {
        "in" 0.230769
        "loop" 0.333333
        "end" 0.615385
        "out" 0.730769
      }
      sequenceduration 2.633333
    }
    event gesture "B_g_sweepout"
    {
      time 5.778401 9.020431
      param "B_g_sweepout"
      event_ramp
      {
        0.6067 0.8395
        1.8553 0.5987
        3.1753 0.4281
        3.2287 0.4147
      }
      absolutetags playback_time
      {
        "apex" 0.160714
        "accent" 0.437566
        "loop" 0.657244
        "end" 0.709177
      }
      absolutetags shifted_time
      {
        "apex" 0.174757
        "accent" 0.466019
        "loop" 0.679612
        "end" 0.728155
      }
      sequenceduration 3.466667
    }
    event gesture "NULL"
    {
      time 8.387097 10.005377
      param ""
    }
    event gesture "B_g_shrug"
    {
      time 8.666668 11.773182
      param "B_g_shrug"
      absolutetags playback_time
      {
        "apex" 0.195470
        "accent" 0.434377
        "loop" 0.542971
        "end" 0.695937
      }
      absolutetags shifted_time
      {
        "apex" 0.216867
        "accent" 0.481928
        "loop" 0.602410
        "end" 0.662651
      }
      sequenceduration 2.800000
    }
    event gesture "B_g_waveoff"
    {
      time 10.193550 13.122582
      param "B_g_waveoff"
      event_ramp
      {
        0.4913 0.7054
        0.6120 0.8560
        0.8113 0.9008
        1.7863 0.4080
      }
      absolutetags playback_time
      {
        "apex" 0.216814
        "accent" 0.441176
        "loop" 0.619924
        "end" 0.677512
      }
      absolutetags shifted_time
      {
        "apex" 0.180723
        "accent" 0.361446
        "loop" 0.602410
        "end" 0.662651
      }
      sequenceduration 2.800000
    }
    event gesture "NULL"
    {
      time 12.172044 13.381721
      param ""
    }
    event gesture "B_g_pray"
    {
      time 12.473123 17.144693
      param "B_g_pray"
      event_ramp
      {
        0.0200 0.9933
        3.7267 0.9900
      }
      absolutetags playback_time
      {
        "apex" 0.173312
        "hd1" 0.447005
        "accent" 0.543779
        "loop" 0.718763
        "end" 0.917051
      }
      absolutetags shifted_time
      {
        "apex" 0.289157
        "hd1" 0.386778
        "accent" 0.481928
        "loop" 0.602410
        "end" 0.662651
      }
      sequenceduration 2.800000
    }
    event gesture "NULL"
    {
      time 15.333334 17.811829
      param ""
    }
    event gesture "B_g_chopout"
    {
      time 20.473118 24.602690
      param "B_g_chopout"
      event_ramp
      {
        0.8100 0.9735
        1.5800 1.0000
        2.8441 0.9272
        3.6320 0.0038
      }
      absolutetags playback_time
      {
        "apex" 0.243722
        "accent" 0.456956
        "loop" 0.564767
        "end" 0.788148
      }
      absolutetags shifted_time
      {
        "apex" 0.180723
        "accent" 0.481928
        "loop" 0.602410
        "end" 0.662651
      }
      sequenceduration 2.800000
    }
    event gesture "B_g_upshrug"
    {
      time 27.698925 32.539234
      param "B_g_upshrug"
      event_ramp
      {
        0.7500 0.7235
        0.9600 0.8750
        1.2460 0.9773
        2.1933 1.0000
        2.6815 0.8997
        3.1267 0.7492
        4.0215 0.5819
        4.2733 0.5418
      }
      absolutetags playback_time
      {
        "apex" 0.151062
        "hd1" 0.328783
        "accent" 0.420958
        "loop" 0.570796
        "end" 0.804850
      }
      absolutetags shifted_time
      {
        "apex" 0.216867
        "hd1" 0.341641
        "accent" 0.481928
        "loop" 0.602410
        "end" 0.662651
      }
      sequenceduration 2.800000
    }
    event gesture "NULL"
    {
      time 22.709675 25.360212
      param ""
    }
    event gesture "B_g_rthd_chopdwn"
    {
      time 30.688175 35.544273
      param "B_g_rthd_chopdwn"
      event_ramp
      {
        1.4760 0.7414
        1.6560 0.7757
        1.8400 0.7529
        2.1120 0.6008
        2.3380 0.5551
        3.6753 0.4239
        4.8420 0.3080
        4.8560 0.3042
      }
      absolutetags playback_time
      {
        "apex" 0.186667
        "accent" 0.413333
        "loop" 0.551111
        "end" 0.805618
      }
      absolutetags shifted_time
      {
        "apex" 0.238636
        "accent" 0.443182
        "loop" 0.625000
        "end" 0.681818
      }
      sequenceduration 2.966667
    }
    event gesture "B_g_sweepout"
    {
      time 33.935482 38.267742
      param "B_g_sweepout"
      event_ramp
      {
        0.6867 0.9465
        0.9933 0.9666
        1.1200 0.9565
        1.3000 0.9599
        1.4933 0.9866
        1.7667 0.9933
        4.3323 0.9933
      }
      absolutetags playback_time
      {
        "apex" 0.153465
        "hd1" 0.470297
        "accent" 0.611364
        "loop" 0.743500
        "end" 0.782364
      }
      absolutetags shifted_time
      {
        "apex" 0.174757
        "hd1" 0.286667
        "accent" 0.466019
        "loop" 0.679612
        "end" 0.728155
      }
      sequenceduration 3.466667
    }
    event gesture "NULL"
    {
      time 37.505379 38.865593
      param ""
    }
    event gesture "B_g_rthd_tohead"
    {
      time 40.071064 45.534065
      param "B_g_rthd_tohead"
      absolutetags playback_time
      {
        "in" 0.118522
        "loop" 0.213150
        "end" 0.433618
        "out" 0.443618
      }
      absolutetags shifted_time
      {
        "in" 0.294872
        "loop" 0.538462
        "end" 0.641026
        "out" 0.743590
      }
      sequenceduration 2.633333
    }
    event gesture "NULL"
    {
      time 24.537638 28.370972
      param ""
    }
    event gesture "B_g_palmsup"
    {
      time 15.505379 20.351973
      param "B_g_palmsup"
      event_ramp
      {
        0.0020 0.0000
        0.7220 0.8485
        0.8400 0.9015
        1.3660 0.9318
        2.1160 0.9394
        2.7660 0.9430
        4.1200 0.9087
        4.6100 0.8867
      }
      absolutetags playback_time
      {
        "apex" 0.160627
        "accent" 0.466876
        "loop" 0.604716
        "end" 0.866667
      }
      absolutetags shifted_time
      {
        "apex" 0.161290
        "accent" 0.440860
        "loop" 0.677419
        "end" 0.698925
      }
      sequenceduration 3.133333
    }
    event gesture "NULL"
    {
      time 5.290323 7.876345
      param ""
    }
    event gesture "NULL"
    {
      time 18.623657 20.930111
      param ""
    }
    event gesture "B_g_palmsup"
    {
      time 18.731184 22.422955
      param "B_g_palmsup"
      event_ramp
      {
        0.7500 0.2776
        1.3660 0.7726
      }
      absolutetags playback_time
      {
        "apex" 0.136893
        "accent" 0.333333
        "loop" 0.574949
        "end" 0.744467
      }
      absolutetags shifted_time
      {
        "apex" 0.161290
        "accent" 0.440860
        "loop" 0.677419
        "end" 0.698925
      }
      sequenceduration 3.133333
    }
    event gesture "B_g_shrug"
    {
      time 23.462368 27.331678
      param "B_g_shrug"
      event_ramp
      {
        1.1840 0.9848
      }
      absolutetags playback_time
      {
        "apex" 0.156935
        "accent" 0.348744
        "loop" 0.435930
        "end" 0.755879
      }
      absolutetags shifted_time
      {
        "apex" 0.216867
        "accent" 0.481928
        "loop" 0.602410
        "end" 0.662651
      }
      sequenceduration 2.800000
    }
    event gesture "B_g_pray"
    {
      time 25.784948 29.374691
      param "B_g_pray"
      absolutetags playback_time
      {
        "apex" 0.225542
        "accent" 0.375904
        "loop" 0.469880
        "end" 0.736867
      }
      absolutetags shifted_time
      {
        "apex" 0.289157
        "accent" 0.481928
        "loop" 0.602410
        "end" 0.662651
      }
      sequenceduration 2.800000
    }
    event gesture "B_g_rthd_chopdwn"
    {
      time 41.971020 44.937687
      param "B_g_rthd_chopdwn"
      event_ramp
      {
        0.0054 0.9811
        1.0703 0.9886
      }
      absolutetags playback_time
      {
        "apex" 0.176471
        "accent" 0.443182
        "loop" 0.625000
        "end" 0.681818
      }
      absolutetags shifted_time
      {
        "apex" 0.238636
        "accent" 0.443182
        "loop" 0.625000
        "end" 0.681818
      }
      sequenceduration 2.966667
    }
  }
  channel "head"
  {
    event flexanimation "head"
    {
      time -0.000004 45.014492
      param ""
      flextimingtags
      {
        "hd1" 0.946546 1
      }
      flexanimations samples_use_time
      {
        "head_rightleft"         range 30.0 -30.0        
        {
          4.6802 0.5000
          4.7956 0.5000
          5.0223 0.5000
          6.5171 0.5000
          6.7320 0.5000
          7.0793 0.5000
          7.4665 0.5000
          7.9138 0.5000
          7.9656 0.5000
          9.3905 0.5000
          9.4899 0.5000
          9.6929 0.5000
          10.1225 0.5000
          10.3254 0.5000
          10.3951 0.5000
          10.4965 0.5000
          10.6159 0.5000
          10.7236 0.6700
          10.8546 0.7600
          11.4116 0.5200
          12.5266 0.5200
          13.2587 0.4500
          14.5478 0.3942
          15.2281 0.3942
          16.3898 0.3942
          16.6050 0.4600
          17.3132 0.5722
          17.8941 0.6200
          18.5386 0.6200
          18.6097 0.6187
          18.8730 0.4400
          19.6846 0.3816
          20.1023 0.3600
          20.7787 0.4100
          20.9179 0.4084
          21.1328 0.4084
          22.1195 0.4084
          22.5730 0.3700
          23.1539 0.3700
          23.4125 0.3700
          23.7352 0.4400
          23.8976 0.4400
          24.2915 0.3700
          24.4126 0.3900
          25.9345 0.5000
          26.1493 0.4300
          26.7915 0.4300
          26.9108 0.4300
          27.0206 0.4300
          27.2514 0.4300
          28.3363 0.5000
          29.4428 0.5031
          29.5837 0.5000
          29.9079 0.4000
          29.9938 0.4000
          30.4036 0.4000
          30.5073 0.4000
          31.0603 0.4100
          31.2730 0.5000
          31.6025 0.5304
          31.7139 0.5304
          32.3107 0.4404
          32.6277 0.4200
          32.8363 0.4312
          33.1391 0.4332
          33.3460 0.4332
          33.4733 0.4500
          33.6643 0.4600
          33.8255 0.4700
          34.7091 0.4400
          34.8464 0.4391
          35.8470 0.4900
          36.3630 0.5200
          38.5354 0.5000
          39.2833 0.5000
          39.7130 0.5000
        }
        "head_updown"         range 15.0 -15.0        
        {
          4.6802 0.5000
          4.7956 0.5000
          5.0223 0.7000
          6.5171 0.7000
          6.7320 0.7000
          7.0793 0.3500
          7.4665 0.4400
          7.9138 0.5000
          7.9656 0.5000
          9.3905 0.5000
          9.4899 0.5000
          9.6929 0.5000
          10.0148 0.5000
          10.3254 0.5000
          10.3951 0.5000
          10.6159 0.6900
          10.7193 0.8900
          10.8546 0.9500
          11.4116 0.5100
          12.5266 0.5100
          13.2587 0.6500
          14.4501 0.6500
          14.5478 0.6405
          14.7644 0.6900
          15.0548 0.3100
          15.2281 0.3300
          15.5163 0.3300
          16.3898 0.3300
          16.6050 0.4000
          17.3132 0.5700
          17.7389 0.6000
          17.8941 0.3500
          18.4471 0.5400
          18.6097 0.5906
          18.8730 0.6400
          19.6846 0.7008
          19.8754 0.7500
          20.1023 0.5200
          20.4411 0.4700
          20.7787 0.5100
          20.9179 0.5465
          21.0844 0.7100
          21.1328 0.7400
          22.1195 0.6100
          22.3774 0.6600
          22.5730 0.3800
          22.8588 0.4700
          23.1539 0.4900
          23.4125 0.4900
          23.7352 0.3000
          23.8976 0.3005
          24.2915 0.4900
          24.3950 0.4900
          24.6712 0.4900
          24.7576 0.4500
          24.9003 0.2700
          25.1469 0.4100
          25.2003 0.4200
          25.3478 0.4000
          25.6761 0.2400
          25.9345 0.5000
          26.1493 0.5300
          26.3922 0.5300
          26.7915 0.5300
          27.0206 0.6200
          27.2514 0.6400
          27.4734 0.6026
          28.3363 0.5000
          29.0617 0.5200
          29.2925 0.7100
          29.6357 0.6400
          29.8057 0.4300
          29.9938 0.4700
          30.4036 0.4700
          30.5073 0.4700
          31.0603 0.5100
          31.2730 0.4400
          31.4128 0.4000
          31.5602 0.4100
          31.7139 0.6000
          31.9919 0.7700
          32.2112 0.7600
          32.3645 0.7600
          32.6123 0.3600
          32.8363 0.5424
          33.2006 0.5817
          33.3460 0.4000
          33.6643 0.4200
          33.8255 0.6200
          34.1004 0.7700
          34.6634 0.6100
          34.7091 0.6200
          34.8464 0.7100
          35.0123 0.6700
          35.1982 0.3800
          35.4471 0.3600
          35.7097 0.3600
          35.9585 0.4300
          36.0898 0.7400
          36.2119 0.8000
          36.4962 0.7800
          36.6427 0.7500
          36.8803 0.8400
          37.0394 0.5000
          37.1230 0.4200
          37.3768 0.5000
          37.6752 0.5300
          38.5354 0.8400
          38.8298 0.7800
          39.2833 0.7100
          39.6438 0.7100
          40.4435 0.9600
          40.8954 1.0000
          41.1835 0.6700
          41.9564 0.5000
          42.0996 0.5000
          42.4219 0.8400
          43.2057 0.5000
          43.3011 0.5000
        }
        "head_tilt"         range 15.0 -15.0        
        {
          4.6802 0.5000
          4.7956 0.5000
          5.0223 0.5000
          6.5171 0.5000
          6.7320 0.5000
          7.0793 0.5000
          7.4665 0.5000
          7.9138 0.5000
          7.9656 0.5000
          9.3905 0.5000
          9.4899 0.5000
          9.6929 0.5000
          10.1225 0.5000
          10.3254 0.5000
          10.3951 0.5000
          10.4965 0.5000
          10.6159 0.5000
          10.7276 0.2200
          10.8546 0.1600
          11.2405 0.4300
          11.4116 0.5100
          12.5266 0.5100
          13.2587 0.3700
          14.5478 0.2591
          15.2281 0.2591
          16.3898 0.2591
          16.6050 0.3500
          17.3132 0.5324
          17.8941 0.6200
          18.6097 0.6176
          18.8730 0.7200
          19.6846 0.7541
          20.1023 0.7700
          20.7787 0.7300
          20.9179 0.7314
          21.1328 0.5700
          22.1195 0.5700
          22.3394 0.5400
          22.5730 0.2500
          23.1539 0.2300
          23.4125 0.2300
          23.8078 0.4400
          24.2915 0.4500
          25.1469 0.5000
          25.9345 0.5000
          26.1493 0.5000
          26.7915 0.5000
          27.0992 0.5000
          27.2090 0.5000
          28.3363 0.5000
          29.4428 0.5042
          29.5837 0.5000
          29.9079 0.3600
          29.9938 0.3600
          30.4036 0.3600
          30.5073 0.3600
          31.0603 0.3600
          31.2730 0.5000
          31.6025 0.5356
          31.7139 0.5356
          32.3107 0.5356
          32.6085 0.2600
          32.8363 0.2547
          33.1391 0.2856
          33.3460 0.2856
          33.6643 0.4000
          33.8255 0.5500
          34.0805 0.6600
          34.8464 0.6000
          35.2442 0.7300
          35.7535 0.7300
          35.8470 0.7200
          35.9783 0.6100
          36.3351 0.5900
          36.6427 0.4100
          37.3768 0.4100
          37.6752 0.4100
          38.5354 0.0700
          39.2833 0.5100
          39.7130 0.5100
        }
        "head_forwardback"         range 0.2 -0.2        
        {
          4.6802 0.5000
          4.7956 0.5000
          5.0223 0.5000
          6.5171 0.6200
          6.7320 0.6300
          7.0793 0.5000
          7.4665 0.5000
          7.9138 0.5000
          7.9656 0.5000
          9.3905 0.5000
          9.4899 0.5000
          9.6929 0.6400
          10.1225 0.5100
          10.3254 0.5100
          10.3951 0.5100
          10.4965 0.6000
          10.6159 0.6600
          10.8546 0.5200
          11.4116 0.5200
          12.5266 0.5200
          13.2587 0.5200
          14.5478 0.5196
          15.2281 0.5196
          16.3898 0.5196
          16.6050 0.5196
          17.3132 0.5196
          17.8941 0.5196
          18.6097 0.5196
          18.8730 0.6100
          19.6846 0.6151
          20.1023 0.4500
          20.7787 0.5000
          20.9179 0.4981
          21.1328 0.6400
          22.1195 0.6400
          22.2957 0.6400
          22.5730 0.4900
          23.1539 0.4900
          23.4125 0.4900
          23.7352 0.5600
          23.8976 0.5480
          24.2915 0.5200
          24.6059 0.5100
          24.6735 0.5100
          24.7730 0.3300
          24.9003 0.2100
          25.1469 0.2000
          25.6642 0.2000
          25.7437 0.2000
          25.9345 0.5100
          26.1493 0.5600
          26.6469 0.5700
          26.7915 0.5600
          27.3938 0.4978
          27.4734 0.4978
          28.3363 0.5000
          29.4428 0.5002
          29.5837 0.5000
          29.9079 0.5000
          29.9938 0.5000
          30.4036 0.5000
          30.5073 0.5000
          31.0603 0.5000
          31.2730 0.6900
          31.6025 0.7383
          31.7139 0.7383
          32.2112 0.7383
          32.3107 0.7383
          32.6854 0.4900
          32.8363 0.4900
          33.1391 0.4900
          33.3037 0.5100
          33.6643 0.5700
          33.8255 0.5600
          34.6236 0.5600
          34.7091 0.5600
          34.8464 0.6201
          34.9100 0.6200
          35.2363 0.4100
          35.3954 0.4000
          35.7973 0.4200
          35.8470 0.4300
          35.9783 0.5800
          36.0527 0.6400
          36.2396 0.6500
          36.3789 0.5800
          36.6427 0.4900
          37.3768 0.4900
          37.6752 0.5000
          38.5354 0.6600
          39.2833 0.3500
          39.7130 0.3500
          41.9564 0.5000
          42.0996 0.5000
          42.4219 0.6700
          43.2057 0.5000
          43.3011 0.5000
        }
        "blink"        
        {
          18.4002 0.0000
          18.4559 0.8800
          18.5196 0.0300
          20.7408 0.0000
          20.7886 0.9300
          20.8642 0.0600
          24.3647 0.0000
          24.4138 0.8100
          24.4927 0.0300
          26.0654 0.0000
          26.1013 0.9200
          26.1609 0.0200
          27.1012 0.0000
          27.2285 0.8400
          27.5309 0.0000
          30.4088 0.0000
          30.4645 0.9400
          30.5123 0.0600
          32.0667 0.0000
          32.1232 0.9500
          32.1709 0.0400
          37.6325 0.0000
          37.6922 0.9100
          37.7518 0.0400
          38.6865 0.0300
          38.7223 0.9500
          38.7860 0.0100
          39.1762 0.0200
          39.2915 0.6400
          39.3451 0.6600
          40.0175 0.2600
          41.9019 0.1500
          41.9338 0.1500
          42.0042 1.0000
          42.0281 1.0000
          42.1027 1.0000
          42.1823 1.0000
          42.6279 0.0100
        }
        "eyes_updown"         range 30.0 -30.0        
        {
          39.1425 0.5000
          39.2221 0.5000
          39.3693 0.0000
          40.2286 0.0000
          42.1462 0.0000
          42.1939 0.0000
          42.3169 0.5000
          42.3527 0.5000
        }
        "eyes_rightleft"         range 30.0 -30.0        
        {
          39.1425 0.5000
          39.2221 0.5000
          39.3693 0.3100
          39.4329 0.3100
          39.8693 0.3400
          39.9289 0.3400
          39.9727 0.4200
          40.0284 0.4100
          40.1531 0.4000
          40.2286 0.4100
          41.9116 0.4400
          41.9593 0.4400
          42.0707 0.5000
          42.1065 0.5000
        }
      }
    }
  }
  channel "face"
  {
    event flexanimation "face"
    {
      time 0.000000 45.043476
      param ""
      flextimingtags
      {
        "hd1" 0.949835 1
      }
      flexanimations samples_use_time
      {
        "lid_raiser"         combo        
        {
          16.7082 0.0000
          22.3629 0.0300
          22.4345 0.4400
          22.7956 0.0000
          22.9468 0.0000
          23.0701 0.0000
          23.6112 0.0000
          23.6948 0.0000
          23.9215 0.0000
          24.6227 0.0000
          24.7023 0.6000
          24.9251 0.0000
          25.0444 0.0000
          25.7524 0.0000
          26.3134 0.0000
          26.8306 0.0000
          28.7880 0.0000
          28.8517 0.0000
          30.3842 0.0000
          30.4717 0.0000
          32.7742 0.0000
          33.2477 0.0000
          33.5261 0.0000
          33.6495 0.0000
          34.6919 0.0000
          34.7714 0.0000
          35.1653 0.0000
          42.5439 0.0000
          42.7149 0.0000
          42.8104 0.0000
        }
        {
          16.7082 0.5000
          22.7956 0.5000
          22.9468 0.5000
          23.0701 0.5000
          23.6112 0.5000
          23.6948 0.5000
          23.9215 0.5000
          24.6227 0.5000
          24.9251 0.5000
          25.0444 0.5000
          25.7524 0.5000
          26.3134 0.5000
          26.8306 0.5000
          28.7880 0.5000
          28.8517 0.5000
          30.3842 0.5000
          30.4717 0.5000
          32.7742 0.5000
          33.2477 0.5000
          33.5261 0.5000
          33.6495 0.5000
          34.6919 0.5000
          34.7714 0.5000
          35.1653 0.5000
          42.5439 0.5000
          42.7149 0.5000
          42.8104 0.5000
        }
        "lid_tightener"         combo        
        {
          2.2797 0.3800
          2.4946 0.0000
          3.1470 0.0000
          3.9229 0.0000
          3.9666 0.0000
          4.5328 0.0000
          4.8988 0.0000
          6.0606 0.0000
          6.3590 0.0000
          6.9047 0.0000
          7.0662 0.0000
          7.6422 0.0000
          8.5453 0.0000
          8.6830 0.0000
          9.1922 0.0000
          9.2972 0.0000
          9.4707 0.0000
          9.8089 0.0000
          10.0357 0.0000
          10.3261 0.0000
          10.5410 0.0000
          10.6921 0.0000
          11.0622 0.0000
          20.5134 0.0000
          20.8880 0.0000
          21.1102 0.0000
          22.0332 0.0000
          22.1633 0.0000
          22.3344 0.0000
          23.0465 0.0000
          23.6672 0.0000
          23.8635 0.0000
          24.0783 0.0000
          24.1659 0.0000
          24.4483 0.0000
          24.7467 0.0000
          25.1060 0.0000
          25.3594 0.0000
          25.5743 0.0000
          26.0915 0.0000
          26.1711 0.0000
          26.2665 0.0000
          26.5888 0.0000
          26.6843 0.0000
          26.7795 0.0000
          27.0183 0.0000
          27.2201 0.0000
          27.4061 0.0000
          27.5414 0.0000
          28.5798 0.0000
          28.7151 0.0000
          28.8344 0.0000
          29.4153 0.0000
          29.5625 0.0000
          30.6392 0.0000
          30.9814 0.0000
          31.6299 0.0000
          32.3588 0.0000
          32.5099 0.0000
          33.0033 0.0000
          33.2422 0.0000
          33.3934 0.0000
          34.3363 0.0000
          34.9848 0.0000
          35.1758 0.0000
          35.8203 0.0000
          35.9958 0.0000
          36.3658 0.0000
          36.3658 0.0000
          36.5170 0.0000
          37.4520 0.0000
          37.6230 0.0000
          38.2715 0.0000
          38.5748 0.0000
          38.9161 0.0000
          39.0235 0.0000
          39.2166 0.0000
          39.4951 0.0000
          40.5932 0.0000
          40.8279 0.0000
          41.3889 0.0000
          42.0839 0.0000
          42.2927 0.0000
          42.4224 0.0000
          42.8457 0.0000
          43.0407 0.0000
          43.4704 0.0000
        }
        {
          2.2797 0.5000
          2.4946 0.5000
          3.1470 0.5000
          3.9229 0.5000
          3.9666 0.5000
          4.5328 0.5000
          4.8988 0.5000
          6.0606 0.5000
          6.3590 0.5000
          6.9047 0.5000
          7.0662 0.5000
          7.6422 0.5000
          8.5453 0.5000
          8.6830 0.5000
          9.1922 0.5000
          9.2972 0.5000
          9.4707 0.5000
          9.8089 0.5000
          10.0357 0.5000
          10.3261 0.5000
          10.5410 0.5000
          10.6921 0.5000
          11.0622 0.5000
          20.5134 0.5000
          20.8880 0.5000
          21.1102 0.5000
          22.0332 0.5000
          22.1633 0.5000
          22.3344 0.5000
          23.0465 0.5000
          23.6672 0.5000
          23.8635 0.5000
          24.0783 0.5000
          24.1659 0.5000
          24.4483 0.5000
          24.7467 0.5000
          25.1060 0.5000
          25.3594 0.5000
          25.5743 0.5000
          26.0915 0.5000
          26.1711 0.5000
          26.2665 0.5000
          26.5888 0.5000
          26.6843 0.5000
          26.7795 0.5000
          27.0183 0.5000
          27.2201 0.5000
          27.4061 0.5000
          27.5414 0.5000
          28.5798 0.5000
          28.7151 0.5000
          28.8344 0.5000
          29.4153 0.5000
          29.5625 0.5000
          30.6392 0.5000
          30.9814 0.5000
          31.6299 0.5000
          32.3588 0.5000
          32.5099 0.5000
          33.0033 0.5000
          33.2422 0.5000
          33.3934 0.5000
          34.3363 0.5000
          34.9848 0.5000
          35.1758 0.5000
          35.8203 0.5000
          35.9958 0.5000
          36.3658 0.5000
          36.3658 0.5000
          36.5170 0.5000
          37.4520 0.5000
          37.6230 0.5000
          38.2715 0.5000
          38.5748 0.5000
          38.9161 0.5000
          39.0235 0.5000
          39.2166 0.5000
          39.4951 0.5000
          40.5932 0.5000
          40.8279 0.5000
          41.3889 0.5000
          42.0839 0.5000
          42.2927 0.5000
          42.4224 0.5000
          42.8457 0.5000
          43.0407 0.5000
          43.4704 0.5000
        }
        "lid_droop"         combo        
        {
          12.8376 0.0000
          12.9529 0.2300
          13.0962 0.2300
          14.5245 0.2300
          16.5371 0.2300
          16.7082 0.0000
          22.7956 0.0000
          22.9468 0.4000
          23.0701 0.4000
          23.6112 0.4000
          23.6948 0.4000
          23.9215 0.0000
          24.6227 0.0000
          24.9251 0.3300
          25.0444 0.3300
          25.7524 0.3300
          26.8306 0.3100
          28.7880 0.3100
          29.0863 0.3200
          30.3444 0.3600
          30.3842 0.3500
          30.4717 0.0000
          32.7742 0.0000
          33.2477 0.0000
          33.5261 0.3900
          33.6495 0.3900
          34.8919 0.3900
          34.9714 0.3900
          35.1653 0.0000
          42.5439 0.0000
          42.7149 0.4400
          42.8104 0.4400
        }
        {
          12.8376 0.5000
          12.9529 0.5000
          13.0962 0.5000
          14.5245 0.5000
          16.5371 0.5000
          16.7082 0.5000
          22.7956 0.5000
          22.9468 0.5000
          23.0701 0.5000
          23.6112 0.5000
          23.6948 0.5000
          23.9215 0.5000
          24.6227 0.5000
          24.9251 0.5000
          25.0444 0.5000
          25.7524 0.5000
          26.3134 0.5000
          26.8306 0.5000
          28.7880 0.5000
          28.8517 0.5000
          30.3842 0.5000
          30.4717 0.5000
          32.7742 0.5000
          33.2477 0.5000
          33.5261 0.5000
          33.6495 0.5000
          34.6919 0.5000
          34.7714 0.5000
          35.1653 0.5000
          42.5439 0.5000
          42.7149 0.5000
          42.8104 0.5000
        }
        "blink"        
        {
          22.3320 0.0000
          22.6980 0.0000
          23.5684 0.0600
          23.6480 0.6400
          23.7722 0.5100
          24.0100 0.0600
          27.7361 0.0000
          29.8008 0.0000
          35.8239 0.0000
        }
        "inner_raiser"         combo        
        {
          2.2797 0.0000
          2.4946 0.5600
          3.1470 0.5600
          3.9229 0.0000
          3.9666 0.0000
          4.5328 0.0000
          4.8988 0.7100
          6.0606 0.7100
          6.3590 1.0000
          6.9047 1.0000
          7.0662 1.0000
          7.6422 1.0000
          8.5453 0.6400
          8.6830 0.6189
          9.1922 0.6189
          9.2972 0.6400
          9.4707 1.0000
          9.8089 1.0000
          10.0357 1.0000
          10.3261 1.0000
          10.5410 1.0000
          10.6921 0.1600
          11.0622 0.1600
          11.2770 0.0000
          12.3740 0.0000
          12.8475 0.0000
          13.0186 0.8800
          13.2016 0.8800
          14.4469 0.8900
          14.7174 0.8900
          14.8136 0.8800
          15.1744 0.7400
          15.3462 0.7100
          15.5166 0.9600
          15.6877 1.0000
          15.8690 0.8800
          16.4896 0.0000
          16.5750 0.7800
          17.2832 0.7800
          17.5378 0.7800
          17.7089 1.0000
          18.8070 0.8100
          19.0871 0.7500
          19.2717 0.9800
          19.7495 0.8400
          19.9405 0.9000
          20.5134 0.7285
          20.8880 0.7300
          21.1102 1.0000
          22.0332 1.0000
          22.1633 1.0000
          22.3344 1.0000
          23.0465 1.0000
          23.6672 1.0000
          23.8635 1.0000
          24.0783 1.0000
          24.1659 1.0000
          24.4483 0.6800
          24.7467 0.9500
          25.1060 0.9500
          25.3594 0.9500
          25.5743 0.9500
          26.0915 0.6500
          26.1711 1.0000
          26.2665 1.0000
          26.5888 1.0000
          26.6843 1.0000
          26.7795 0.9500
          27.0183 0.9500
          27.2201 0.9500
          27.4061 1.0000
          27.5414 1.0000
          28.5798 1.0000
          28.7151 1.0000
          28.8344 1.0000
          29.0256 0.4600
          29.4153 0.4700
          29.5625 0.9600
          30.6392 0.8500
          30.9814 0.5200
          31.1523 0.5600
          31.3154 0.9900
          31.6299 1.0000
          32.3588 1.0000
          32.5099 1.0000
          33.0033 1.0000
          33.2422 0.7500
          33.3934 0.7500
          34.3363 1.0000
          34.9848 1.0000
          35.1758 1.0000
          35.8203 1.0000
          35.9958 1.0000
          36.3658 1.0000
          36.3658 1.0000
          36.5170 1.0000
          37.4520 1.0000
          37.6230 1.0000
          38.2715 1.0000
          38.5748 1.0000
          38.9161 1.0000
          39.0235 1.0000
          39.2166 1.0000
          39.4951 0.5000
          40.5932 0.5000
          40.8279 0.9300
          41.3889 0.8500
          42.0839 0.4600
          42.2927 0.4500
          42.4224 1.0000
          42.8457 1.0000
          43.0407 1.0000
          43.4704 1.0000
        }
        {
          2.2797 0.5000
          2.4946 0.5000
          3.1470 0.5000
          3.9229 0.5000
          3.9666 0.5000
          4.5328 0.5000
          4.8988 0.7400
          6.0606 0.7400
          6.3590 0.7400
          6.9047 0.7400
          7.0662 0.8600
          7.6422 0.8600
          8.5453 0.6000
          8.6830 0.5999
          9.1922 0.5999
          9.2972 0.6000
          9.4707 0.6000
          9.8089 0.6000
          10.0357 0.5999
          10.3261 0.6000
          10.5410 0.6000
          10.6921 0.6000
          11.0622 0.6000
          11.2770 0.5000
          12.3740 0.5000
          12.8475 0.5000
          13.0186 0.5000
          13.2016 0.5000
          14.4469 0.5000
          14.7174 0.5000
          14.8136 0.5000
          15.2167 0.5000
          15.3462 0.5000
          15.8690 0.5000
          16.4896 0.5000
          16.5750 0.5000
          17.2832 0.5000
          17.5378 0.5000
          17.7089 0.5000
          18.8070 0.5000
          19.1448 0.5000
          19.7495 0.5000
          19.9405 0.5000
          20.5134 0.5000
          20.8880 0.5000
          21.1102 0.5000
          22.0332 0.5000
          22.1633 0.5000
          22.3344 0.5000
          23.0465 0.5000
          23.6672 0.5000
          23.8635 0.5000
          24.0783 0.5000
          24.1659 0.5000
          24.4483 0.5000
          24.7467 0.5000
          25.1060 0.5000
          25.3594 0.5000
          25.5743 0.5000
          26.0915 0.2400
          26.1711 0.2400
          26.2665 0.2400
          26.5888 0.2400
          26.6843 0.2400
          26.7795 0.5000
          27.0183 0.5000
          27.2201 0.5000
          27.4061 0.5000
          27.5414 0.5000
          28.5798 0.5000
          28.7151 0.5000
          28.8344 0.5000
          29.4153 0.5000
          29.5625 0.5000
          30.6392 0.5000
          30.9814 0.5000
          31.6299 0.5000
          32.3588 0.5000
          32.5099 0.5000
          33.0033 0.5000
          33.2422 0.5000
          33.3934 0.5000
          34.3363 0.5000
          34.9848 0.5000
          35.1758 0.5000
          35.8203 0.5000
          35.9958 0.5000
          36.3658 0.5000
          36.3658 0.5000
          36.5170 0.4800
          37.4520 0.4800
          37.6230 0.4800
          38.2715 0.4800
          38.5748 0.4800
          38.9161 0.4800
          39.0235 0.4800
          39.2166 0.4800
          39.4951 0.4800
          40.5932 0.4800
          40.8279 0.4800
          41.3889 0.4800
          42.0839 0.4800
          42.2927 0.4800
          42.4224 0.4800
          42.8457 0.4800
          43.0407 0.4800
          43.4704 0.4800
        }
        "outer_raiser"         combo        
        {
          2.2797 0.0000
          2.4946 0.4000
          3.1470 0.4000
          3.9229 0.0000
          3.9666 0.0000
          4.5328 0.0000
          4.8988 0.5500
          6.0606 0.5500
          6.3590 0.0000
          6.9047 0.0000
          7.0662 0.8400
          7.6422 0.8400
          8.5453 0.1300
          8.6830 0.1041
          9.1922 0.1041
          9.2972 0.1300
          9.4707 0.5700
          9.8089 0.5905
          10.0357 0.0000
          10.3261 0.0000
          10.5410 0.0000
          10.6921 0.0000
          11.0622 0.0000
          11.2770 0.0000
          12.3740 0.0000
          12.8475 0.0000
          13.0186 0.0000
          13.2016 0.0000
          14.4469 0.0000
          14.7174 0.0000
          14.8136 0.7500
          14.8679 0.9300
          15.2693 0.8400
          15.3732 0.8200
          15.5663 0.3400
          15.7219 0.0300
          16.4896 0.0000
          16.5750 0.0000
          17.2832 0.0000
          17.5378 0.0000
          17.7089 0.2400
          18.8070 0.2400
          19.1448 0.1600
          19.7495 0.1000
          19.9405 0.7100
          20.0595 0.8500
          20.5134 0.5339
          20.8880 0.3300
          21.1102 0.0000
          22.0332 0.0000
          22.1633 0.0000
          22.2274 0.1100
          22.3344 0.6800
          22.5854 0.8700
          22.7963 0.3600
          23.0465 0.3300
          23.6672 0.3300
          23.8635 0.3300
          24.0783 0.3300
          24.1659 1.0000
          24.4483 0.6100
          24.7467 0.6100
          25.1637 0.6100
          25.2857 0.4100
          25.4528 0.0000
          25.5743 0.0000
          26.0915 0.0000
          26.1711 0.5800
          26.2665 0.8800
          26.5888 0.8800
          26.6843 0.5800
          26.7795 0.0000
          27.0183 0.0000
          27.2201 0.0000
          27.4061 0.0000
          27.5414 0.0000
          28.5798 0.0000
          28.7151 0.0000
          28.8344 0.3100
          29.4153 0.1800
          29.5625 0.9200
          29.7338 0.8700
          29.8835 0.2700
          30.0904 0.2600
          30.6392 0.1600
          30.9814 0.0000
          31.1483 0.0400
          31.3035 0.6700
          31.5093 0.7300
          31.6299 0.4700
          31.7823 0.4700
          31.9732 0.5000
          32.1568 0.0300
          32.3588 0.0000
          32.5099 0.2800
          32.8331 0.2700
          33.0033 0.2800
          33.2422 0.2400
          33.3934 0.2400
          34.3363 0.2400
          34.9848 0.2400
          35.1758 0.1100
          35.8203 0.1100
          35.9958 0.4600
          36.3658 0.4600
          36.3658 0.4600
          36.5170 0.9000
          36.9485 0.9400
          37.1275 0.4800
          37.4520 0.3900
          37.6230 0.0000
          38.2715 0.0000
          38.5748 0.0000
          38.9161 0.0000
          39.0235 0.0000
          39.2166 0.4400
          39.4951 0.0000
          40.5932 0.0000
          40.8279 0.0000
          41.3889 0.0000
          42.0839 0.0000
          42.2927 0.0000
          42.4224 0.0000
          42.8457 0.0000
          43.0407 0.5500
          43.4704 0.2000
        }
        {
          2.2797 0.5000
          2.4946 0.5000
          3.1470 0.5000
          3.9229 0.5000
          3.9666 0.5000
          4.5328 0.5000
          4.8988 0.7400
          6.0606 0.7400
          6.3590 0.7400
          6.9047 0.7400
          7.0662 0.8300
          7.6422 0.8300
          8.5453 0.5700
          8.6830 0.5699
          9.1922 0.5699
          9.2972 0.5700
          9.4707 0.5700
          9.8089 0.5700
          10.0357 0.5699
          10.3261 0.5700
          10.5410 0.5700
          10.6921 0.5700
          11.0622 0.5700
          11.2770 0.5000
          12.3740 0.5000
          12.8475 0.5000
          13.0186 0.5000
          13.2016 0.5000
          14.4469 0.5000
          14.7174 0.5000
          14.8136 0.5000
          15.2167 0.5000
          15.3462 0.5000
          15.8690 0.5000
          16.4896 0.5000
          16.5750 0.5000
          17.2832 0.5000
          17.5378 0.5000
          17.7089 0.5000
          18.8070 0.5000
          19.1448 0.5000
          19.7495 0.5000
          19.9405 0.5000
          20.5134 0.5000
          20.8880 0.5000
          21.1102 0.5000
          22.0332 0.5000
          22.1633 0.5000
          22.3344 0.5000
          23.0465 0.5000
          23.6672 0.5000
          23.8635 0.5000
          24.0783 0.5000
          24.1659 0.5000
          24.4483 0.5000
          24.7467 0.5000
          25.1060 0.5000
          25.3594 0.5000
          25.5743 0.5000
          26.0915 0.5000
          26.1711 0.5000
          26.2665 0.5000
          26.5888 0.5000
          26.6843 0.5000
          26.7795 0.5000
          27.0183 0.5000
          27.2201 0.5000
          27.4061 0.5000
          27.5414 0.5000
          28.5798 0.5000
          28.7151 0.5000
          28.8344 0.5000
          29.4153 0.5000
          29.5625 0.5000
          30.6392 0.5000
          30.9814 0.5000
          31.6299 0.5000
          32.3588 0.5000
          32.5099 0.5000
          33.0033 0.5000
          33.2422 0.5000
          33.3934 0.5000
          34.3363 0.5000
          34.9848 0.5000
          35.1758 0.5000
          35.8203 0.5000
          35.9958 0.5000
          36.3658 0.5000
          36.3658 0.5000
          36.5170 1.0000
          37.4520 1.0000
          37.6230 0.5000
          38.2715 0.5000
          38.5748 0.5000
          38.9161 0.5000
          39.0235 0.5000
          39.2166 0.5000
          39.4951 0.5000
          40.5932 0.5000
          40.8279 0.5000
          41.3889 0.5000
          42.0839 0.5000
          42.2927 0.5000
          42.4224 0.5000
          42.8457 0.5000
          43.0407 0.5000
          43.4704 0.5000
        }
        "lowerer"         combo        
        {
          2.2399 0.6700
          2.2797 0.6400
          2.4946 0.0000
          3.1470 0.0000
          3.9229 0.0000
          3.9666 0.0000
          4.5328 0.0000
          4.8988 0.0000
          6.0606 0.0000
          6.3590 0.4100
          6.9047 0.4100
          7.0662 0.4100
          7.6422 0.4100
          8.5453 0.3900
          8.6830 0.4128
          9.1922 0.4128
          9.2972 0.3900
          9.4707 0.0000
          9.8089 0.0000
          10.0357 0.6600
          10.3261 0.2500
          10.5410 0.2500
          10.6921 0.9300
          11.0622 0.9300
          11.2770 0.0000
          12.3740 0.0000
          12.8475 0.0000
          13.0186 0.6800
          13.2016 0.6800
          14.2433 0.5300
          14.4469 0.0000
          14.7174 0.0000
          14.8136 0.0000
          14.9501 0.5300
          15.0859 0.5100
          15.1770 0.5100
          15.3512 0.6700
          15.5532 0.0000
          15.6384 0.0000
          15.8347 0.0000
          16.4896 0.0000
          16.5750 0.4400
          17.2832 0.5200
          17.5378 0.5200
          17.7089 0.0000
          18.8070 0.2800
          19.1448 0.4800
          19.2717 0.0000
          19.7495 0.2300
          19.9405 0.0000
          20.5134 0.0000
          20.8880 0.0000
          21.1102 0.6400
          22.0332 0.6400
          22.1633 0.7300
          22.2194 0.6000
          22.3547 0.2200
          22.5059 0.0400
          23.0465 0.0000
          23.6672 0.0000
          23.8635 0.7100
          23.9362 0.7400
          24.0277 0.7400
          24.0783 0.7100
          24.1659 0.7000
          24.4483 0.7000
          24.7467 0.0000
          25.1060 0.0000
          25.3594 0.0000
          25.5743 0.0000
          25.9838 0.2523
          26.1711 0.0500
          26.2665 0.0500
          26.5888 0.0500
          26.6843 0.0500
          26.7795 0.0400
          27.0183 0.0400
          27.2201 0.4500
          27.4061 0.2500
          27.5414 0.0000
          28.5798 0.0000
          28.7151 0.0000
          28.8344 0.4100
          29.4153 0.4100
          29.5625 0.0000
          29.7883 0.0800
          29.8943 0.4100
          30.0892 0.4400
          30.6392 0.2500
          30.9814 0.5300
          31.1563 0.5100
          31.2929 0.0800
          31.5014 0.0660
          31.6299 0.6177
          32.0249 0.6177
          32.1682 0.6500
          32.3588 0.6800
          32.5099 0.0000
          32.7075 0.0100
          32.8229 0.2400
          32.9533 0.2600
          33.2422 0.1900
          33.3934 0.4800
          34.3363 0.5600
          34.9848 0.5600
          35.1758 0.0000
          35.8203 0.0000
          35.9958 0.6500
          36.3658 0.6500
          36.3658 0.6500
          36.5170 0.0000
          36.9763 0.0600
          37.1554 0.6400
          37.4520 0.3900
          37.6230 0.4000
          38.2715 0.6400
          38.4236 0.6600
          38.5509 0.4300
          38.5748 0.4123
          38.8294 0.4200
          38.9161 0.3400
          39.0235 0.0000
          39.2166 0.0000
          39.4951 0.3100
          40.5932 0.3100
          40.8279 0.0000
          41.3889 0.5400
          42.0839 0.2700
          42.2927 0.2700
          42.4224 0.7000
          42.8457 0.7000
          43.0407 0.0000
          43.4704 0.4800
        }
        {
          2.2797 0.5000
          2.4946 0.5000
          3.1470 0.5000
          3.9229 0.5000
          3.9666 0.5000
          4.5328 0.5000
          4.8988 0.5000
          6.0606 0.5000
          6.3590 0.5000
          6.9047 0.5000
          7.0662 0.0000
          7.6422 0.0000
          8.5453 0.5000
          8.6830 0.5002
          9.1922 0.5002
          9.2972 0.5000
          9.4707 0.5000
          9.8089 0.5000
          10.0357 0.5002
          10.3261 0.5000
          10.5410 0.5000
          10.6921 0.5000
          11.0622 0.5000
          11.2770 0.5000
          12.3740 0.5000
          12.8475 0.5000
          13.0186 0.5000
          13.2016 0.5000
          14.4469 0.5000
          14.7174 0.5000
          14.8136 0.5000
          15.2167 0.5000
          15.3462 0.5000
          15.8690 0.5000
          16.4896 0.5000
          16.5750 0.5000
          17.2832 0.5000
          17.5378 0.5000
          17.7089 0.5000
          18.8070 0.5000
          19.1448 0.5000
          19.7495 0.5000
          19.9405 0.5000
          20.5134 0.5000
          20.8880 0.5000
          21.1102 0.5000
          22.0332 0.5000
          22.1633 0.5000
          22.3344 0.5000
          23.0465 0.5000
          23.6672 0.5000
          23.8635 0.5000
          24.0783 0.5000
          24.1659 0.5000
          24.4483 0.5000
          24.7467 0.5000
          25.1060 0.5000
          25.3594 0.5000
          25.5743 0.5000
          26.0915 0.0000
          26.1711 0.0000
          26.2665 0.0000
          26.5888 0.0000
          26.6843 0.0000
          26.7795 0.0000
          27.0183 0.5000
          27.2201 0.5000
          27.4061 0.5000
          27.5414 0.5000
          28.5798 0.5000
          28.7151 0.5000
          28.8344 0.5000
          29.4153 0.5000
          29.5625 0.5000
          30.6392 0.5000
          30.9814 0.5000
          31.6299 0.5000
          32.3588 0.5000
          32.5099 0.5000
          33.0033 0.5000
          33.2422 0.5000
          33.3934 0.5000
          34.3363 0.5000
          34.9848 0.5000
          35.1758 0.5000
          35.8203 0.5000
          35.9958 0.5000
          36.3658 0.5000
          36.3658 0.5000
          36.5170 0.0000
          36.9803 0.0700
          37.1633 0.5000
          37.4520 0.4800
          37.6230 0.5300
          38.2715 0.5300
          38.5748 0.5300
          38.9161 0.5300
          39.0235 0.5300
          39.2166 0.5300
          39.4951 0.5300
          40.5932 0.5300
          40.8279 0.5300
          41.3889 0.5300
          42.0839 0.5300
          42.2927 0.5300
          42.4224 0.5300
          42.8457 0.5300
          43.0407 0.5300
          43.4704 0.5300
        }
        "cheek_raiser"         combo        
        {
          2.2797 0.2500
          2.4946 0.0000
          3.1470 0.0000
          3.9229 0.0000
          3.9666 0.0000
          4.5328 0.0000
          4.8988 0.0000
          6.0606 0.0000
          6.3590 0.0000
          6.9047 0.0000
          7.0662 0.0000
          7.6422 0.0000
          8.5453 0.0000
          8.6830 0.0000
          9.1922 0.0000
          9.2972 0.0000
          9.4707 0.0000
          9.8089 0.0565
          10.0357 0.6600
          10.3261 0.1800
          10.5410 0.1800
          10.6921 0.8800
          11.0622 0.8800
          11.2810 0.0400
          12.3740 0.2300
          12.8475 0.2300
          13.0186 0.0000
          13.2016 0.0000
          14.4469 0.0000
          14.7174 0.0000
          14.8136 0.0000
          15.2167 0.0000
          15.3462 0.0000
          15.8690 0.0000
          16.4896 0.0000
          16.5750 0.0000
          17.2832 0.0000
          17.5378 0.0000
          17.7089 0.0000
          18.8070 0.0000
          19.1448 0.0000
          19.7495 0.0000
          19.9405 0.0000
          20.5134 0.0000
          20.8880 0.0000
          21.1102 0.0000
          22.0332 0.0000
          22.1633 0.0000
          22.3344 0.0000
          23.0465 0.0000
          23.6672 0.0000
          23.8635 0.0000
          24.0783 0.0000
          24.1659 0.0000
          24.4483 0.0000
          24.7467 0.0000
          25.1060 0.0000
          25.3594 0.0000
          25.5743 0.0000
          26.0915 0.0000
          26.1711 0.0000
          26.2665 0.0000
          26.5888 0.0000
          26.6843 0.0000
          26.7795 0.0000
          27.0183 0.0000
          27.2201 0.0000
          27.4061 0.0000
          27.5414 0.0000
          28.5798 0.0000
          28.7151 0.0000
          28.8344 0.0000
          29.4153 0.0000
          29.5625 0.0000
          30.6392 0.0000
          30.9814 0.0000
          31.6299 0.0000
          32.3588 0.0000
          32.5099 0.0000
          33.0033 0.0000
          33.2422 0.0000
          33.3934 0.0000
          34.3363 0.0000
          34.9848 0.0000
          35.1758 0.0000
          35.8203 0.0000
          35.9958 0.0000
          36.3658 0.0000
          36.3658 0.0000
          36.5170 0.0000
          37.4520 0.0000
          37.6230 0.4500
          38.2715 0.4500
          38.4594 0.5000
          38.5748 0.0298
          38.5867 0.0000
          38.9161 0.0000
          39.0235 0.4800
          39.2166 0.4500
          39.4951 0.0000
          40.5932 0.0000
          40.8279 0.0000
          41.3889 0.0000
          42.0839 0.0000
          42.2927 0.0000
          42.4224 0.0000
          42.8457 0.0000
          43.0407 0.0000
          43.4704 0.0000
        }
        {
          2.2797 0.5000
          2.4946 0.5000
          3.1470 0.5000
          3.9229 0.5000
          3.9666 0.5000
          4.5328 0.5000
          4.8988 0.5000
          6.0606 0.5000
          6.3590 0.5000
          6.9047 0.5000
          7.0662 0.5000
          7.6422 0.5000
          8.5453 0.5000
          8.6830 0.5000
          9.1922 0.5000
          9.2972 0.5000
          9.4707 0.5000
          9.8089 0.5000
          10.0357 0.5000
          10.3261 0.5000
          10.5410 0.5000
          10.6921 0.5000
          11.0622 0.5000
          12.3740 0.5000
          12.8475 0.5000
          13.0186 0.5000
          13.2016 0.5000
          14.4469 0.5000
          14.7174 0.5000
          14.8136 0.5000
          15.2167 0.5000
          15.3462 0.5000
          15.8690 0.5000
          16.4896 0.5000
          16.5750 0.5000
          17.2832 0.5000
          17.5378 0.5000
          17.7089 0.5000
          18.8070 0.5000
          19.1448 0.5000
          19.7495 0.5000
          19.9405 0.5000
          20.5134 0.5000
          20.8880 0.5000
          21.1102 0.5000
          22.0332 0.5000
          22.1633 0.5000
          22.3344 0.5000
          23.0465 0.5000
          23.6672 0.5000
          23.8635 0.5000
          24.0783 0.5000
          24.1659 0.5000
          24.4483 0.5000
          24.7467 0.5000
          25.1060 0.5000
          25.3594 0.5000
          25.5743 0.5000
          26.0915 0.5000
          26.1711 0.5000
          26.2665 0.5000
          26.5888 0.5000
          26.6843 0.5000
          26.7795 0.5000
          27.0183 0.5000
          27.2201 0.5000
          27.4061 0.5000
          27.5414 0.5000
          28.5798 0.5000
          28.7151 0.5000
          28.8344 0.5000
          29.4153 0.5000
          29.5625 0.5000
          30.6392 0.5000
          30.9814 0.5000
          31.6299 0.5000
          32.3588 0.5000
          32.5099 0.5000
          33.0033 0.5000
          33.2422 0.5000
          33.3934 0.5000
          34.3363 0.5000
          34.9848 0.5000
          35.1758 0.5000
          35.8203 0.5000
          35.9958 0.5000
          36.3658 0.5000
          36.3658 0.5000
          36.5170 0.5000
          37.4520 0.5000
          37.6230 0.5000
          38.2715 0.5000
          38.5748 0.5000
          38.9161 0.5000
          39.0235 0.5000
          39.2166 0.5000
          39.4951 0.5000
          40.5932 0.5000
          40.8279 0.5000
          41.3889 0.5000
          42.0839 0.5000
          42.2927 0.5000
          42.4224 0.5000
          42.8457 0.5000
          43.0407 0.5000
          43.4704 0.5000
        }
        "upper_raiser"         combo        
        {
          42.1447 0.0000
          42.3158 0.6900
          42.5306 0.6900
          42.8091 0.5700
          43.4138 0.5700
        }
        {
          42.1447 0.5000
          42.3158 1.0000
          42.5306 1.0000
          42.8091 1.0000
          43.4138 1.0000
        }
        "corner_puller"         combo        
        {
          12.8639 0.0400
          13.1105 0.8200
          13.2259 0.9300
          13.8921 0.8200
          13.9557 0.8000
          14.1865 0.0700
          15.2495 0.0100
          15.7111 0.4500
          16.2740 0.4500
          16.6202 0.0000
          19.9566 0.0000
          20.2539 0.3300
          21.0189 0.0000
          22.3320 0.0000
          22.8044 0.7500
          23.0787 1.0000
          23.3441 0.8200
          23.6222 0.7700
          23.7172 0.7800
          23.7761 0.7500
          24.0503 0.0000
          25.2038 0.0000
          25.8189 0.9900
          27.0518 0.0100
          27.7361 0.4400
          29.8008 0.4400
          30.5329 1.0000
          30.9626 1.0000
          31.2649 0.3900
          33.0270 0.0000
          33.7153 0.4500
          34.4911 0.4900
          35.0243 0.0500
          35.6509 0.0200
          36.0149 0.0000
          36.8472 0.0000
          37.4488 0.0000
          37.6915 0.3400
          38.3400 0.3400
          38.3400 0.3400
          38.5748 0.3400
          38.7896 0.3400
          38.7896 0.3400
          41.9206 0.3300
          42.0531 0.2700
          42.2387 0.1200
          42.7961 0.1900
          43.2361 0.4800
        }
        {
          15.7111 0.6600
          16.2740 0.6600
          16.6202 0.6600
          19.9566 0.6600
          20.1078 0.6600
          21.0189 0.6600
          22.3320 0.5000
          22.6095 0.6100
          22.8044 0.7400
          23.0989 0.8100
          23.7722 0.6100
          24.8422 0.6100
          25.0849 0.6100
          25.2958 0.6100
          27.7361 0.8500
          29.8008 0.8500
          30.5329 0.8500
          30.9626 0.8500
          31.2649 0.5300
          33.0270 0.5300
          33.7034 0.5300
          33.7153 0.5300
          35.8239 0.5300
          36.0149 0.5200
          36.8472 0.5200
          37.4488 0.5000
          37.6915 0.5000
          38.3400 0.5000
          38.3400 0.5000
          38.5748 0.5000
          38.7896 0.5000
          38.7896 0.5000
          42.2108 0.5000
          42.2387 0.5000
          42.8400 0.5000
        }
        "corner_depressor"         combo        
        {
          12.6882 0.0000
          12.9105 0.3900
          13.0521 0.3814
          13.1795 0.1800
          13.8385 0.1300
          14.0215 0.3400
          14.1395 0.3814
          14.6806 0.0000
          23.7137 0.0400
          24.0519 0.7200
          25.1420 0.7200
          25.6751 0.1200
          31.2030 0.0000
          31.4179 0.0000
          32.4324 0.0000
          32.6884 0.3900
          33.4403 0.3900
          33.8382 0.0000
        }
        {
          12.6882 0.5000
          13.0105 0.5000
          13.1329 0.5000
          14.1395 0.5000
          14.6806 0.5000
          31.2030 0.5000
          31.4179 0.5000
          32.4324 0.5000
          32.6884 0.5000
          33.4403 0.5000
          33.8382 0.5000
          41.9212 0.5000
          42.1994 0.5000
          42.4740 0.5000
          42.8400 0.5000
        }
        "chin_raiser"        
        {
          12.6882 0.0000
          13.0105 0.2800
          13.1329 0.2739
          14.1395 0.2739
          14.6806 0.0000
          31.2030 0.0000
          31.4179 0.0000
          32.4324 0.0000
          32.6884 0.2900
          33.4403 0.2900
          33.8382 0.0000
        }
        "jaw_drop"        
        {
          37.4767 0.0300
          38.5748 0.4499
          38.7896 0.8600
          38.9169 0.3800
          39.1994 0.3800
          39.4580 0.0000
          40.0389 0.0000
          40.2776 0.3600
          41.1167 0.1400
        }
        "mouth_drop"         combo        
        {
          37.5125 0.0200
          38.5748 0.2246
          38.7896 0.3900
          38.9169 0.1100
          39.1994 0.1100
          39.4580 0.0000
          40.0389 0.0000
          40.2776 0.2800
          41.1167 0.1600
        }
        {
          38.5748 0.5000
          38.7896 0.5000
          38.9169 0.5000
          39.1994 0.5000
          39.4580 0.5000
          40.0389 0.5000
          40.2776 0.5000
          41.1167 0.5000
        }
        "smile"        
        {
          9.5063 0.0200
          9.7291 0.3500
          9.8156 0.5800
          10.0106 0.7300
          10.2135 0.4000
          10.8739 0.0400
          13.1783 0.0300
          13.6070 0.0300
          24.5321 0.0100
          24.7907 0.3300
          25.3801 0.3600
          25.7030 0.3900
          26.2630 0.5100
          26.7720 0.7200
          26.8757 0.8300
          27.1383 0.7600
          27.3529 0.0500
          29.8680 0.0200
          30.0709 0.3900
          30.6757 0.0300
          31.4038 0.2700
          33.2737 0.0400
          34.8252 0.0400
          35.8239 0.2300
          37.4488 0.0000
          37.6915 0.5300
          38.3400 1.0000
          38.5748 0.8611
          38.7896 0.7000
          38.7896 0.7000
          40.8183 0.5200
          42.0609 0.4900
          42.1301 0.4400
          42.2493 0.3100
          42.4502 0.1500
        }
      }
    }
  }
  faceposermodel "U:\HL2\hl2\models\breen.mdl"
}

actor "Eli"
{
  channel "Audio"
  {
    event speak "good god"
    {
      time 1.038503 3.661179
      param "citadel.eli_goodgod"
      fixedlength
      cctype "cc_master"
      cctoken ""
    }
  }
  channel "look at"
  {
    event lookat "breen"
    {
      time 6.222222 9.186031
      param "breen"
      event_ramp
      {
        0.5267 0.7391
        0.7000 0.8696
        0.9600 0.9565
        1.3400 0.9967
        2.9638 0.9933
      }
    }
    event lookat "physgun_soldier"
    {
      time 8.031746 11.186031
      param "physgun_soldier"
      event_ramp
      {
        0.6266 0.7324
        0.8000 0.8462
        1.0600 0.9431
        2.1667 0.9967
        3.1543 0.9933
      }
    }
    event lookat "breen"
    {
      time 9.777777 13.027301
      param "breen"
      event_ramp
      {
        0.5267 0.7391
        0.7000 0.8696
        0.9600 0.9565
        1.3400 0.9967
        3.2495 0.9933
      }
    }
    event lookat "look_player"
    {
      time 14.064516 19.249523
      param "!player"
      event_ramp
      {
        0.6266 0.7324
        0.8000 0.8462
        1.0600 0.9431
        1.5000 0.9967
        5.1850 0.9933
      }
    }
    event lookat "look_player"
    {
      time 0.285714 7.535238
      param "!player"
      event_ramp
      {
        0.3733 0.7324
        0.5467 0.8696
        0.8067 0.9565
        1.1467 0.9967
        7.2495 0.9933
      }
    }
    event lookat "breen"
    {
      time 18.380951 22.963808
      param "breen"
      event_ramp
      {
        0.5267 0.7391
        0.7000 0.8696
        0.9600 0.9565
        1.3400 0.9967
        4.5828 0.9933
      }
    }
    event lookat "breen"
    {
      time 28.793650 33.979679
      param "breen"
      event_ramp
      {
        0.5267 0.7391
        0.7000 0.8696
        0.9600 0.9565
        1.3400 0.9967
        5.1860 0.9933
      }
    }
    event lookat "look_player"
    {
      time 21.968254 26.487619
      param "!player"
      event_ramp
      {
        0.6266 0.7324
        0.8000 0.8462
        1.0600 0.9431
        3.5317 0.9967
        4.5193 0.9933
      }
    }
    event lookat "mossman"
    {
      time 25.396824 29.916189
      param "mossman"
      event_ramp
      {
        0.5267 0.7391
        0.7000 0.8696
        0.9600 0.9565
        1.3400 0.9967
        4.5193 0.9933
      }
    }
    event lookat "look_player"
    {
      time 32.190479 36.709843
      param "!player"
      event_ramp
      {
        0.6266 0.7324
        0.8000 0.8462
        1.0600 0.9431
        3.5317 0.9967
        4.5193 0.9933
      }
    }
    event lookat "breen"
    {
      time 34.793648 41.624123
      param "breen"
      event_ramp
      {
        0.5267 0.7391
        0.7000 0.8696
        0.9600 0.9565
        1.3400 0.9967
        6.8304 0.9933
      }
    }
    event lookat "mossman"
    {
      time 40.419048 44.938416
      param "mossman"
      event_ramp
      {
        0.5267 0.7391
        0.7000 0.8696
        0.9600 0.9565
        1.3400 0.9967
        4.5193 0.9933
      }
    }
    event lookat "physgun_soldier"
    {
      time 12.010241 15.164526
      param "physgun_soldier"
      event_ramp
      {
        0.6266 0.7324
        0.8000 0.8462
        1.0600 0.9431
        2.1667 0.9967
        3.1543 0.9933
      }
    }
  }
  channel "body"
  {
    event gesture "NULL"
    {
      time 0.000000 1.166667
      param ""
    }
    event gesture "E_bg_arcbk_str_pod"
    {
      time 0.666666 3.161377
      param "E_bg_arcbk_str_pod"
      event_ramp
      {
        0.0133 0.9967
      }
      absolutetags playback_time
      {
        "apex" 0.174761
        "extreme" 0.324072
        "loop" 0.473383
        "end" 0.687805
      }
      absolutetags shifted_time
      {
        "apex" 0.128571
        "extreme" 0.228571
        "loop" 0.428571
        "end" 0.571429
      }
      sequenceduration 2.366667
    }
    event gesture "E_bg_chinout_pod"
    {
      time 1.807885 5.464875
      param "E_bg_chinout_pod"
      event_ramp
      {
        0.0000 0.9933
        1.9267 0.9967
      }
      absolutetags playback_time
      {
        "apex" 0.157139
        "extreme" 0.277326
        "loop" 0.406759
        "end" 0.764706
      }
      absolutetags shifted_time
      {
        "apex" 0.142857
        "extreme" 0.328571
        "loop" 0.528571
        "end" 0.671429
      }
      sequenceduration 2.366667
    }
    event gesture "NULL"
    {
      time 1.866667 4.988889
      param ""
    }
    event gesture "NULL"
    {
      time 7.870968 9.897850
      param ""
    }
    event gesture "E_bg_arcbk_str_pod"
    {
      time 9.333334 11.868508
      param "E_bg_arcbk_str_pod"
      absolutetags playback_time
      {
        "apex" 0.127964
        "extreme" 0.332707
        "loop" 0.467947
        "end" 0.599915
      }
      absolutetags shifted_time
      {
        "apex" 0.128571
        "extreme" 0.228571
        "loop" 0.428571
        "end" 0.571429
      }
      sequenceduration 2.366667
    }
    event gesture "E_bg_chinout_pod"
    {
      time 10.516129 13.603642
      param "E_bg_chinout_pod"
      event_ramp
      {
        0.0067 0.6288
      }
      absolutetags playback_time
      {
        "apex" 0.109504
        "extreme" 0.251859
        "loop" 0.405165
        "end" 0.748141
      }
      absolutetags shifted_time
      {
        "apex" 0.142857
        "extreme" 0.328571
        "loop" 0.528571
        "end" 0.671429
      }
      sequenceduration 2.366667
    }
    event gesture "NULL"
    {
      time 28.688173 30.758066
      param ""
    }
    event gesture "E_bg_hshake_pod"
    {
      time 37.591400 42.101078
      param "E_bg_hshake_pod"
      absolutetags playback_time
      {
        "apex" 0.112065
        "extreme" 0.380952
        "loop" 0.666667
        "end" 0.747619
      }
      absolutetags shifted_time
      {
        "apex" 0.161290
        "extreme" 0.397849
        "loop" 0.591398
        "end" 0.698925
      }
      sequenceduration 3.133333
    }
    event gesture "NULL"
    {
      time 22.753624 24.876812
      param ""
      event_ramp
      {
        0.0054 0.5376
        0.7892 0.6917
      }
    }
    event gesture "E_bg_arcbk_str_pod"
    {
      time 18.057972 23.642031
      param "E_bg_arcbk_str_pod"
      event_ramp
      {
        0.0000 0.5677
        0.0324 0.5714
        5.5552 0.4211
        5.5823 0.4211
      }
      absolutetags playback_time
      {
        "apex" 0.054492
        "extreme" 0.096874
        "loop" 0.181640
        "end" 0.725389
      }
      absolutetags shifted_time
      {
        "apex" 0.128571
        "extreme" 0.228571
        "loop" 0.428571
        "end" 0.571429
      }
      sequenceduration 2.366667
    }
    event gesture "E_bg_chinout_pod"
    {
      time 14.637681 19.139879
      param "E_bg_chinout_pod"
      event_ramp
      {
        0.0000 0.5301
        0.0865 0.5489
        4.4649 0.4361
        4.5022 0.4361
      }
      absolutetags playback_time
      {
        "apex" 0.096774
        "extreme" 0.258065
        "loop" 0.509677
        "end" 0.827280
      }
      absolutetags shifted_time
      {
        "apex" 0.142857
        "extreme" 0.328571
        "loop" 0.528571
        "end" 0.671429
      }
      sequenceduration 2.366667
    }
    event gesture "E_bg_arcbk_str_pod"
    {
      time 12.521739 16.374506
      param "E_bg_arcbk_str_pod"
      event_ramp
      {
        0.0027 0.6429
      }
      absolutetags playback_time
      {
        "apex" 0.078978
        "extreme" 0.140406
        "loop" 0.263261
        "end" 0.662287
      }
      absolutetags shifted_time
      {
        "apex" 0.128571
        "extreme" 0.228571
        "loop" 0.428571
        "end" 0.571429
      }
      sequenceduration 2.366667
    }
    event gesture "E_bg_hshake_pod"
    {
      time 25.449276 29.365219
      param "E_bg_hshake_pod"
      event_ramp
      {
        0.0027 0.5940
        0.0324 0.5902
        3.8838 0.3759
        3.9159 0.3571
      }
      absolutetags playback_time
      {
        "apex" 0.129056
        "extreme" 0.470588
        "loop" 0.669118
        "end" 0.742647
      }
      absolutetags shifted_time
      {
        "apex" 0.161290
        "extreme" 0.397849
        "loop" 0.591398
        "end" 0.698925
      }
      sequenceduration 3.133333
    }
    event gesture "E_bg_arcbk_chindwn_pod"
    {
      time 29.304348 34.591656
      param "E_bg_arcbk_chindwn_pod"
      event_ramp
      {
        0.0000 0.5902
        0.0378 0.5940
      }
      absolutetags playback_time
      {
        "apex" 0.032022
        "extreme" 0.102472
        "loop" 0.172921
        "end" 0.754689
      }
      absolutetags shifted_time
      {
        "apex" 0.079365
        "extreme" 0.253968
        "loop" 0.428571
        "end" 0.634921
      }
      sequenceduration 2.133333
    }
    event gesture "NULL"
    {
      time 36.666668 39.775364
      param ""
    }
    event gesture "E_bg_chinout_pod"
    {
      time 32.956524 37.062321
      param "E_bg_chinout_pod"
      event_ramp
      {
        0.0027 0.3947
        0.0324 0.3947
        4.0851 0.3346
        4.1067 0.3346
      }
      absolutetags playback_time
      {
        "apex" 0.082346
        "extreme" 0.302817
        "loop" 0.492958
        "end" 0.802817
      }
      absolutetags shifted_time
      {
        "apex" 0.142857
        "extreme" 0.328571
        "loop" 0.528571
        "end" 0.671429
      }
      sequenceduration 2.366667
    }
  }
  channel "head"
  {
  }
  channel "face"
  {
    event flexanimation "face"
    {
      time 0.000000 45.000000
      param ""
      flexanimations samples_use_time
      {
        "lid_tightener"         combo        
        {
          1.0503 0.0000
          1.3965 0.0000
          2.2956 0.0000
          2.7014 0.3600
          4.0939 0.3600
          5.1378 0.2600
          6.1802 0.2600
          6.5860 0.6100
          9.3131 0.6100
          9.7547 0.0000
          10.8882 0.4800
          11.7992 0.4800
          12.6670 0.4800
          13.9441 0.4800
          14.0873 0.5600
          14.7239 0.1500
          17.4807 0.1500
          18.0298 0.1500
          18.7263 0.7400
          20.0591 0.7400
          21.8355 0.7400
          22.0654 0.2500
          24.4446 0.2500
          25.1384 0.2500
          25.6039 0.2500
          26.1808 1.0000
          27.7479 1.0000
          28.7625 1.0000
          29.4866 1.0000
          32.2321 1.0000
          32.6853 1.0000
          34.7462 0.8790
          35.5578 0.8790
          37.6445 0.8790
          38.4243 0.9300
          40.5993 0.9300
          41.9043 0.7100
          44.4532 0.7100
        }
        {
          1.0503 0.5000
          1.3965 0.5000
          2.2956 0.5000
          2.7014 0.5000
          4.0939 0.5000
          5.1378 0.5000
          6.1802 0.5000
          6.5860 0.5000
          9.3131 0.5000
          9.7547 0.5000
          10.8882 0.5000
          11.7992 0.5000
          12.6670 0.5000
          13.9441 0.5000
          14.0873 0.5000
          14.7239 0.5000
          17.4807 0.5000
          18.0298 0.5000
          18.7263 0.5000
          20.0591 0.5000
          21.8355 0.5000
          22.0654 0.5000
          24.4446 0.5000
          25.1384 0.5000
          25.6039 0.5000
          26.1808 0.5000
          27.7479 0.5000
          28.7625 0.5000
          29.4866 0.5000
          32.2321 0.5000
          32.6853 0.5000
          34.7462 0.5000
          35.5578 0.5000
          37.6445 0.5000
          38.4243 0.5000
          40.5993 0.5000
          41.9043 0.5000
          44.4532 0.5000
        }
        "inner_raiser"         combo        
        {
          1.0503 0.0000
          1.3965 0.7500
          2.2956 0.7500
          2.7014 0.7500
          4.0939 0.7500
          5.1378 0.7500
          6.1802 0.7500
          6.5860 0.7500
          9.3131 0.7500
          9.7547 0.6900
          12.6670 0.7900
          13.9441 0.7900
          14.0873 0.6500
          14.7239 0.6500
          17.4807 0.6500
          18.0298 0.6500
          18.7263 0.6800
          20.0591 0.6800
          21.8355 0.6800
          22.0654 0.6800
          24.4446 0.6800
          25.1384 0.8100
          25.6039 0.8100
          26.1808 1.0000
          27.7479 1.0000
          28.7625 1.0000
          29.4866 1.0000
          32.2321 1.0000
          32.6853 1.0000
          34.7462 0.8790
          35.5578 0.