0700
          44.9698 0.4400
          46.0082 0.2200
          47.3960 0.1700
          54.6598 0.0000
          55.1836 0.0000
          55.4665 0.6800
          55.7284 0.8558
          55.8675 0.1900
          56.3022 0.0000
          56.5738 0.0000
          58.5464 0.0000
          58.7985 0.1400
          59.6262 0.0000
          60.8937 0.0000
          61.7537 0.1300
          62.2238 1.0000
          63.5236 1.0000
          63.7240 0.0000
          63.8922 0.0000
          64.7263 0.0000
          72.5684 0.0000
          72.7559 0.3800
          74.1462 0.3800
          74.8187 1.0000
          75.9762 0.5300
          76.2324 0.5300
          76.4701 0.1800
        }
        {
          30.1860 0.5000
          30.6969 0.5000
          31.3629 0.5000
          32.6627 0.5000
          33.2964 0.5000
          34.0358 0.5000
          35.3615 0.5000
          35.6266 0.5000
          41.7576 0.5000
          42.5788 0.5000
          43.3095 0.5000
          44.4239 0.5000
          44.8636 0.6700
          45.1392 1.0000
          46.0082 0.5000
          54.6598 0.5000
          55.1836 0.5000
          55.4665 0.5000
          55.5909 0.5000
          55.6362 0.5000
          56.3022 0.5000
          56.5738 0.5000
          58.5464 0.5000
          58.7985 0.5000
          59.6262 0.5000
          60.8937 0.5000
          61.7537 0.5000
          62.2238 0.5000
          63.5236 0.5000
          63.7240 0.5000
          63.8922 0.5000
          64.7263 0.5000
          72.5684 0.5000
          72.7559 0.5000
          74.1462 0.5000
          74.8187 0.5000
          75.9762 0.5000
          76.2324 0.5000
          76.4701 0.5000
        }
        "corner_puller"         combo        
        {
          55.9100 0.0200
          56.2979 0.7000
          56.8541 0.0300
          72.5684 0.0000
        }
        {
          56.2979 0.5000
          72.5684 0.5000
        }
        "corner_depressor"         combo        
        {
          30.1860 0.0000
          30.6969 0.7100
          31.3629 0.0000
          32.6627 0.0000
          33.2964 0.7100
          34.0358 0.7148
          35.3615 0.7148
          35.6266 0.7400
          38.0653 0.6700
          38.8089 0.3000
          39.6420 0.2400
          39.9783 0.7400
          40.4126 0.2800
          41.7576 0.0000
          42.5788 0.4300
          43.3095 0.7500
          44.4239 0.7500
          44.8636 0.7500
          46.0082 0.7500
          54.6598 0.0000
          55.1836 0.0000
          55.4665 0.6000
          55.5909 0.7551
          55.6362 0.7551
          56.3022 0.7551
          71.3569 0.5100
          71.6281 0.5100
          72.2040 0.5100
          72.5684 0.5008
          72.7559 0.6500
          74.1462 0.6500
          74.8187 0.6500
          75.9762 0.6500
          76.2324 0.6500
          76.4701 0.3000
        }
        {
          30.1860 0.5000
          30.6969 0.5000
          31.3629 0.5000
          32.6627 0.5000
          33.2964 0.5000
          34.0358 0.5000
          35.3615 0.5000
          35.6266 0.5000
          41.7576 0.5000
          42.5788 0.5000
          43.3095 0.5000
          44.4239 0.5000
          44.8636 0.5000
          46.0082 0.5000
          54.6598 0.5000
          55.1836 0.5000
          55.4665 0.5000
          55.5909 0.5000
          55.6362 0.5000
          56.3022 0.5000
          71.3569 0.5000
          71.6281 0.5000
          72.2040 0.5000
          72.5684 0.5000
          72.7559 0.5000
          74.1462 0.5000
          74.8187 0.5000
          75.9762 0.5000
          76.2324 0.5000
          76.4701 0.5000
        }
        "chin_raiser"        
        {
          30.1860 0.0000
          30.6969 0.6000
          31.3629 0.0000
          32.6627 0.0000
          33.2964 0.6000
          34.0358 0.6040
          35.3615 0.6040
          35.6266 0.3000
          41.7576 0.0000
          42.5788 0.0000
          43.3095 0.1800
          44.4239 0.1800
          44.8011 0.1800
          44.9678 0.3300
          45.5497 0.1900
          46.0082 0.1500
          54.6598 0.0000
          55.1836 0.0000
          55.4665 0.7000
          55.7097 0.7710
          55.8424 0.0000
          56.3022 0.4500
          56.5738 0.0000
          58.5464 0.0000
          58.7985 0.5900
          59.6262 0.0000
          60.8937 0.0000
          61.7537 0.2100
          62.2238 0.5800
          63.5236 0.6300
          63.7240 0.0000
          63.8922 0.0000
          64.7263 0.0000
          72.5684 0.0000
          72.7559 0.2600
          74.1462 0.2600
          74.8187 0.2600
          75.9762 0.9600
          76.2324 0.9600
          76.4701 0.5000
        }
        "part"         combo        
        {
          44.8094 0.0300
          44.9711 0.5300
          45.1457 0.5600
          45.7535 0.2800
          47.2796 0.3100
          61.7583 0.0200
          62.4954 0.5800
          63.2714 0.9000
          63.5236 0.6300
          63.7240 0.7900
          63.8922 0.3400
          64.7263 0.3400
          72.5684 0.1372
        }
        {
          62.2238 0.5000
          63.5236 0.5000
          63.7240 0.5000
          63.8922 0.5000
          64.7263 0.5000
          72.5684 0.5000
        }
        "puckerer"         combo        
        {
          54.6598 0.0000
          55.1836 0.0000
          55.6040 0.3500
          55.7284 0.7000
          55.7737 1.0000
          56.0585 0.0000
          72.5684 0.0000
        }
        {
          54.6598 0.5000
          55.1836 0.5000
          55.4665 0.5000
          55.5909 0.5000
          55.6362 0.5000
          56.3022 0.5000
          72.5684 0.5000
        }
        "stretcher"         combo        
        {
          30.1860 0.0000
          30.6969 0.7000
          31.3629 0.0000
          32.6627 0.0000
          33.2964 0.7000
          34.0358 0.7049
          35.3615 0.7049
          35.6266 0.3800
          41.7576 0.0000
          42.5788 0.1000
          43.3095 0.1000
          44.4239 0.1000
          44.8636 0.1000
          46.0082 0.0000
          62.2238 1.0000
          63.5236 1.0000
          63.7240 0.0000
          63.8922 0.0000
          64.7263 0.0000
          72.5684 0.0000
          74.1462 1.0000
          74.8187 1.0000
          75.9762 1.0000
          76.2324 1.0000
          76.4701 0.3100
        }
        {
          30.1860 0.5000
          30.6969 0.5000
          31.3629 0.5000
          32.6627 0.5000
          33.2964 0.5000
          34.0358 0.5000
          35.3615 0.5000
          35.6266 0.5000
          41.7576 0.5000
          42.5788 0.5000
          43.3095 0.5000
          44.4239 0.5000
          44.8636 0.5000
          46.0082 0.5000
          62.2238 0.5000
          63.5236 0.5000
          63.7240 0.5000
          63.8922 0.5000
          64.7263 0.5000
          72.5684 0.5000
          74.1462 0.5000
          74.8187 0.5000
          75.9762 0.5000
          76.2324 0.5000
          76.4701 0.5000
        }
        "bite"        
        {
          33.6479 0.0400
          34.0358 0.7600
          34.4368 0.0200
          35.3615 0.0000
          35.6266 0.0000
          73.4267 0.0200
          74.1462 1.0000
          74.8187 0.0000
          75.9762 0.0000
          76.2324 0.0000
          76.4701 0.0000
        }
        "jaw_clencher"        
        {
          55.0025 0.0000
          55.1900 1.0000
          55.6621 1.0000
          55.7849 0.0000
          56.0824 0.0000
          56.5738 0.0000
          58.5464 0.0000
          58.7985 0.0000
          59.6262 0.0000
          60.8937 0.0000
          61.7537 0.0000
          62.2238 1.0000
          63.5236 1.0000
          63.7240 0.0000
          63.8922 0.0000
          64.7263 0.0000
          72.5684 0.0000
        }
        "jaw_drop"        
        {
          35.3550 0.0200
          35.6266 0.6600
          35.8775 0.0400
          36.5824 0.0000
          36.8669 0.4600
          37.0867 0.4600
          37.7528 0.0000
          41.1368 0.0100
          41.3373 0.3000
          41.5506 0.3800
          42.0874 0.0000
          55.0025 0.0000
          55.1900 0.0000
          55.6621 0.0000
          55.7849 0.4600
          56.0824 0.0000
          56.5738 0.0000
          58.5464 0.0000
          58.7985 0.0000
          59.6262 0.0000
          60.8937 0.0000
          61.7537 0.0000
          63.4525 0.0000
          63.5753 0.8100
          63.7240 0.7100
          63.8922 0.0000
          64.7263 0.0000
          71.3569 0.0000
          71.6281 0.3500
          72.2040 0.0000
          72.5684 0.0000
          76.2507 0.0200
          76.4701 0.4400
        }
        "mouth_drop"         combo        
        {
          35.3537 0.0500
          35.6266 0.8000
          35.8775 0.0200
          36.5824 0.0000
          36.8669 0.2300
          37.0867 0.2300
          37.7528 0.0000
          41.1303 0.0400
          41.5506 0.5600
          42.0874 0.0000
          55.0025 0.0000
          55.1900 0.0000
          55.6621 0.0000
          55.7849 0.5100
          56.0824 0.0000
          56.5738 0.0000
          58.5464 0.0000
          58.7985 0.0000
          59.6262 0.0000
          60.8937 0.0000
          61.7537 0.0000
          63.4525 0.0000
          63.5753 0.5700
          63.7240 0.7000
          63.8922 0.0000
          64.7263 0.0000
          71.3569 0.0000
          71.6281 0.7800
          72.2040 0.0000
          72.5684 0.0000
          76.3348 0.0500
          76.4701 0.8500
        }
        {
          35.6266 0.5000
          36.5824 0.5000
          36.8669 0.5000
          37.0867 0.5000
          37.7528 0.5000
          41.5506 0.5000
          42.0874 0.5000
          55.0025 0.5000
          55.1900 0.5000
          55.6621 0.5000
          55.7849 0.5000
          56.0824 0.5000
          56.5738 0.5000
          58.5464 0.5000
          58.7985 0.5000
          59.6262 0.5000
          60.8937 0.5000
          61.7537 0.5000
          63.4525 0.5000
          63.5753 0.5000
          63.7240 0.5000
          63.8922 0.5000
          64.7263 0.5000
          71.3569 0.5000
          71.6281 0.5000
          72.2040 0.5000
          72.5684 0.5000
          76.4701 0.5000
        }
        "eyes_updown"         range 30.0 -30.0        
        {
          42.6830 0.5000
          42.7632 0.5000
          42.9941 0.2000
          43.0837 0.2000
          43.2226 0.2000
          43.2364 0.2000
          43.3899 0.1100
          43.4519 0.1100
          43.5416 0.1100
          43.6037 0.1100
          43.7770 0.1800
          43.7977 0.1800
          43.9701 0.1800
          44.0115 0.1800
          44.1667 0.5000
          44.2494 0.5000
          44.5181 0.5000
          44.5504 0.5000
          44.7315 0.5000
          72.5684 0.5000
        }
        "eyes_rightleft"         range 30.0 -30.0        
        {
          42.6955 0.5000
          42.7632 0.5000
          42.9941 0.6700
          43.0837 0.6700
          43.2226 0.6700
          43.2364 0.6700
          43.3899 0.5800
          43.4519 0.5800
          43.5416 0.5800
          43.6037 0.5800
          43.7770 0.6400
          43.7977 0.6400
          43.9701 0.6400
          44.0115 0.6400
          44.1667 0.5000
          44.2494 0.5000
          44.5181 0.5000
          44.5504 0.5000
          72.5684 0.5000
        }
      }
    }
  }
}

actor "Mossman"
{
  channel "Audio"
  {
    event speak "not lose sight"
    {
      time 0.779710 5.266014
      param "citadel.mo_bargain"
      param2 ".6"
      fixedlength
      cctype "cc_master"
      cctoken ""
    }
  }
  channel "lookAt"
  {
    event lookat "Breen"
    {
      time 0.050878 10.847292
      param "Breen"
      event_ramp
      {
        0.7024 0.1705
        1.0462 0.2728
        1.4231 0.3372
        2.4571 0.3674
        9.2550 0.3561
        10.7089 0.3523
        10.7963 0.3523
      }
    }
    event lookat "Eli"
    {
      time 9.607018 12.328773
      param "Eli"
      event_ramp
      {
        0.5000 0.1477
        0.8077 0.2008
        1.0462 0.2008
        1.4231 0.2008
        1.6305 0.2008
        2.6343 0.2008
        2.7217 0.2008
      }
    }
    event lookat "breen"
    {
      time 11.150876 13.802457
      param "breen"
      event_ramp
      {
        0.5000 0.5265
        0.8077 0.7841
        1.0462 0.8864
        1.3529 0.9356
        1.4102 0.9432
        2.4848 0.9280
        2.6515 0.9166
      }
    }
    event lookat "!player"
    {
      time 12.484211 15.907718
      param "!player"
      event_ramp
      {
        0.5000 0.1818
        0.8077 0.2955
        1.0462 0.3409
        1.4231 0.3409
        1.8821 0.3409
        3.3360 0.3409
        3.4234 0.3409
      }
    }
    event lookat "Breen"
    {
      time 14.694738 17.556843
      param "Breen"
      event_ramp
      {
        0.5000 0.5265
        0.8077 0.7841
        1.0462 0.8864
        1.9960 0.9697
        2.1249 0.9660
        2.7746 0.9659
        2.8620 0.9659
      }
    }
    event lookat "Eli"
    {
      time 17.782457 21.170881
      param "Eli"
      event_ramp
      {
        0.5000 0.5265
        0.8077 0.7841
        1.0462 0.8864
        1.4231 0.9508
        1.8471 0.9697
        3.3010 0.9659
        3.3884 0.9659
      }
    }
    event lookat "Breen"
    {
      time 19.817547 25.942806
      param "Breen"
      event_ramp
      {
        0.5000 0.5265
        0.8077 0.7841
        1.0462 0.8864
        1.4231 0.9508
        4.5839 0.9697
        6.0378 0.9659
        6.1252 0.9659
      }
    }
    event lookat "Eli"
    {
      time 22.879925 29.276144
      param "Eli"
      event_ramp
      {
        0.3692 0.5265
        0.6308 0.7841
        0.8693 0.8864
        1.2462 0.9508
        4.8549 0.9697
        6.3088 0.9659
        6.3962 0.9659
      }
    }
    event lookat "logic_fade_view"
    {
      time 16.800003 18.960352
      param "logic_fade_view"
      event_ramp
      {
        0.5000 0.5265
        0.8077 0.7841
        1.0462 0.8864
        1.4231 0.9508
        2.0729 0.9659
        2.1603 0.9659
      }
    }
    event lookat "Breen"
    {
      time 27.887720 32.855083
      param "Breen"
      event_ramp
      {
        0.5000 0.5265
        0.8077 0.7841
        1.0462 0.8864
        1.4231 0.9508
        3.4260 0.9697
        4.8799 0.9659
        4.9673 0.9659
      }
    }
    event lookat "!player"
    {
      time 31.528748 36.034569
      param "!player"
      event_ramp
      {
        0.5000 0.5265
        0.8077 0.7841
        1.0462 0.8864
        1.4231 0.9508
        2.9645 0.9697
        4.4184 0.9659
        4.5058 0.9659
      }
    }
    event lookat "alyx"
    {
      time 34.400543 39.367905
      param "alyx"
      event_ramp
      {
        0.5000 0.5265
        0.8077 0.7841
        1.0462 0.8864
        1.4231 0.9508
        3.4260 0.9697
        4.8799 0.9659
        4.9673 0.9659
      }
    }
    event lookat "Eli"
    {
      time 38.028072 41.994087
      param "Eli"
      event_ramp
      {
        0.3692 0.5265
        0.6308 0.7841
        0.8693 0.8864
        1.2462 0.9508
        2.4247 0.9697
        3.8786 0.9659
        3.9660 0.9659
      }
    }
    event lookat "Breen"
    {
      time 45.631310 54.117188
      param "Breen"
      event_ramp
      {
        0.5000 0.5265
        0.8077 0.7841
        1.0462 0.8864
        1.4231 0.9508
        6.9445 0.9697
        8.3984 0.9659
        8.4858 0.9659
      }
    }
    event lookat "!player"
    {
      time 39.939007 44.547394
      param "!player"
      event_ramp
      {
        0.5000 0.5265
        0.8077 0.7841
        1.0462 0.8864
        1.4231 0.9508
        3.0671 0.9697
        4.5210 0.9659
        4.6084 0.9659
      }
    }
    event lookat "Eli"
    {
      time 43.053711 47.019726
      param "Eli"
      event_ramp
      {
        0.3692 0.5265
        0.6308 0.7841
        0.8693 0.8864
        1.2462 0.9508
        2.4247 0.9697
        3.8786 0.9659
        3.9660 0.9659
      }
    }
    event lookat "alyx"
    {
      time 52.697979 59.717190
      param "alyx"
      event_ramp
      {
        0.5000 0.5265
        0.8077 0.7841
        1.0462 0.8864
        1.4231 0.9508
        5.4778 0.9697
        6.9317 0.9659
        7.0191 0.9659
      }
    }
    event lookat "Breen"
    {
      time 57.697975 66.183853
      param "Breen"
      event_ramp
      {
        0.5000 0.5265
        0.8077 0.7841
        1.0462 0.8864
        1.4231 0.9508
        6.9445 0.9697
        8.3984 0.9659
        8.4858 0.9659
      }
    }
    event lookat "alyx"
    {
      time 64.164650 68.517189
      param "alyx"
      event_ramp
      {
        0.5000 0.5265
        0.8077 0.7841
        1.0462 0.8864
        1.4231 0.9508
        2.8111 0.9697
        4.2650 0.9659
        4.3524 0.9659
      }
    }
    event lookat "Breen"
    {
      time 66.814651 73.633850
      param "Breen"
      event_ramp
      {
        0.5000 0.5265
        0.8077 0.7841
        1.0462 0.8864
        1.4231 0.9508
        5.2778 0.9697
        6.7317 0.9659
        6.8191 0.9659
      }
    }
    event lookat "Eli"
    {
      time 71.970383 77.519730
      param "Eli"
      event_ramp
      {
        0.3692 0.5265
        0.6308 0.7841
        0.8693 0.8864
        1.2462 0.9508
        4.0080 0.9697
        5.4619 0.9659
        5.5493 0.9659
      }
    }
    active "0"
  }
  channel "face to"
  {
    event face "breen"
    {
      time 0.257778 7.250256
      param "breen"
      event_ramp
      {
        0.6000 0.6515
        0.9462 0.8182
        1.3000 0.9053
        2.2769 0.9621
        3.6231 0.9697
        4.8944 0.9394
        6.0079 0.9280
        6.7387 0.9053
        6.9847 0.8561
      }
    }
    event face "breen"
    {
      time 70.064316 77.062874
      param "breen"
    }
    event face "alyx"
    {
      time 35.445030 44.949471
      param "alyx"
      event_ramp
      {
        1.0231 0.9321
        8.5270 1.0000
        9.5044 1.0000
      }
    }
    event face "eli"
    {
      time 24.813454 35.072926
      param "eli"
      event_ramp
      {
        1.0231 0.9321
        9.2820 1.0000
        10.2594 1.0000
      }
    }
  }
  channel "move to"
  {
    event moveto "mark_breen_6"
    {
      time 36.008495 39.388496
      param "mark_breen_6"
      param2 "walk_all_moderate"
    }
    event moveto "mark_moss_3"
    {
      time 0.024090 3.404091
      param "mark_moss_3"
      param2 "walk_all_moderate"
    }
  }
  channel "temp"
  {
    event sequence "null"
    {
      time 7.403509 12.870176
      param "breen_moss"
      fixedlength
    }
  }
  channel "posture"
  {
    event gesture "NULL"
    {
      time 0.000000 0.547619
      param ""
    }
    event gesture "M_p_submiss"
    {
      time 11.818713 20.413059
      param "M_p_submiss"
      event_ramp
      {
        0.9692 0.9962
        8.5943 0.9924
      }
      absolutetags playback_time
      {
        "apex" 0.103465
        "loop" 0.189686
        "end" 0.771552
      }
      absolutetags shifted_time
      {
        "apex" 0.275510
        "loop" 0.489796
        "end" 0.551020
      }
      sequenceduration 3.300000
    }
    event gesture "NULL"
    {
      time 35.990742 39.740738
      param ""
    }
    event gesture "M_p_submiss"
    {
      time 40.166668 75.800003
      param "M_p_submiss"
      absolutetags playback_time
      {
        "apex" 0.056075
        "loop" 0.105140
        "end" 0.918228
      }
      absolutetags shifted_time
      {
        "apex" 0.275510
        "loop" 0.489796
        "end" 0.551020
      }
      sequenceduration 3.300000
    }
  }
  channel "body"
  {
    event gesture "NULL"
    {
      time 0.000000 0.857143
      param ""
    }
    event gesture "M_headdroop"
    {
      time 18.703705 26.524809
      param "M_headdroop"
      event_ramp
      {
        0.0000 0.8333
        0.1154 0.8295
        2.5538 0.7992
        6.0412 0.7727
        6.1294 0.7689
        7.7592 0.4811
      }
      absolutetags playback_time
      {
        "apex" 0.051544
        "extreme" 0.237656
        "hd1" 0.654639
        "loop" 0.782192
        "end" 0.794772
      }
      absolutetags shifted_time
      {
        "apex" 0.093750
        "extreme" 0.328125
        "hd1" 0.529785
        "loop" 0.773438
        "end" 0.781250
      }
      sequenceduration 4.300000
    }
    event gesture "NULL"
    {
      time 10.444445 10.444445
      param ""
    }
    event gesture "NULL"
    {
      time 16.740742 18.537037
      param ""
    }
    event gesture "M_bg_acctdwn_chinout"
    {
      time 2.148149 5.063071
      param "M_bg_acctdwn_chinout"
      event_ramp
      {
        0.0000 0.6705
        0.0632 0.6856
        2.8737 0.3864
        2.9149 0.3788
        2.9149 0.3864
      }
      absolutetags playback_time
      {
        "apex" 0.116036
        "extreme" 0.232071
        "loop" 0.406125
        "end" 0.675100
      }
      absolutetags shifted_time
      {
        "apex" 0.147059
        "extreme" 0.294118
        "loop" 0.514706
        "end" 0.588235
      }
      sequenceduration 2.300000
    }
    event gesture "M_bg_acctdwn_chinout"
    {
      time 3.777778 6.707407
      param "M_bg_acctdwn_chinout"
      event_ramp
      {
        0.0053 0.6288
        0.0737 0.6212
        2.8823 0.4773
        2.9191 0.4697
      }
      absolutetags playback_time
      {
        "apex" 0.115453
        "extreme" 0.230907
        "loop" 0.404086
        "end" 0.734073
      }
      absolutetags shifted_time
      {
        "apex" 0.147059
        "extreme" 0.294118
        "loop" 0.514706
        "end" 0.588235
      }
      sequenceduration 2.300000
    }
    event gesture "M_bg_htiltrt"
    {
      time 1.000000 3.434533
      param "M_bg_htiltrt"
      absolutetags playback_time
      {
        "apex" 0.097365
        "extreme" 0.307692
        "loop" 0.553846
        "end" 0.610542
      }
      absolutetags shifted_time
      {
        "apex" 0.111111
        "extreme" 0.349206
        "loop" 0.523810
        "end" 0.555556
      }
      sequenceduration 2.133333
    }
    event gesture "NULL"
    {
      time 9.333333 11.611112
      param ""
    }
    event gesture "M_bg_accentup"
    {
      time 13.148148 17.040741
      param "M_bg_accentup"
      event_ramp
      {
        0.0158 0.4129
        0.0895 0.4205
        3.8417 0.3561
        3.8926 0.3636
      }
      absolutetags playback_time
      {
        "apex" 0.103927
        "extreme" 0.181872
        "loop" 0.363744
        "end" 0.519635
      }
      absolutetags shifted_time
      {
        "apex" 0.136364
        "extreme" 0.238636
        "loop" 0.477273
        "end" 0.681818
      }
      sequenceduration 2.966667
    }
    event gesture "M_bg_accentup"
    {
      time 24.030306 27.481821
      param "M_bg_accentup"
      event_ramp
      {
        0.0000 0.6515
      }
      absolutetags playback_time
      {
        "apex" 0.257682
        "extreme" 0.345588
        "loop" 0.550702
        "end" 0.726514
      }
      absolutetags shifted_time
      {
        "apex" 0.136364
        "extreme" 0.238636
        "loop" 0.477273
        "end" 0.681818
      }
      sequenceduration 2.966667
    }
  }
  channel "headg"
  {
    event gesture "NULL"
    {
      time 0.000000 1.301620
      param ""
    }
  }
  channel "gesture"
  {
    event gesture "NULL"
    {
      time 0.000000 0.761905
      param ""
    }
    event gesture "M_g_hd_clasp"
    {
      time 0.105263 2.982487
      param "M_g_hd_clasp"
      absolutetags playback_time
      {
        "in" 0.175647
        "loop" 0.376383
        "end" 0.651884
        "out" 0.820653
      }
      absolutetags shifted_time
      {
        "in" 0.161290
        "loop" 0.602151
        "end" 0.698925
        "out" 0.806452
      }
      sequenceduration 3.133333
    }
    event gesture "M_g_shrug"
    {
      time 1.664716 4.844896
      param "M_g_shrug"
      absolutetags playback_time
      {
        "apex" 0.220460
        "accent" 0.406111
        "loop" 0.644334
        "end" 0.703181
      }
      absolutetags shifted_time
      {
        "apex" 0.204545
        "accent" 0.409091
        "loop" 0.625000
        "end" 0.681818
      }
      sequenceduration 2.966667
    }
    event gesture "NULL"
    {
      time 1.228071 6.500001
      param ""
    }
    event gesture "M_g_shrug"
    {
      time 3.122807 7.680117
      param "M_g_shrug"
      event_ramp
      {
        0.5846 0.5606
        1.3077 0.7879
        3.2043 0.7235
        4.4522 0.4432
        4.5573 0.4432
      }
      absolutetags playback_time
      {
        "apex" 0.170748
        "accent" 0.308972
        "loop" 0.506048
        "end" 0.715423
      }
      absolutetags shifted_time
      {
        "apex" 0.204545
        "accent" 0.409091
        "loop" 0.625000
        "end" 0.681818
      }
      sequenceduration 2.966667
    }
    event gesture "NULL"
    {
      time 13.087720 13.587720
      param ""
    }
    event gesture "M_g_arms_crossed"
    {
      time 18.596493 27.666220
      param "M_g_arms_crossed"
      absolutetags playback_time
      {
        "in" 0.055793
        "loop" 0.133902
        "end" 0.683372
        "out" 0.875878
      }
      absolutetags shifted_time
      {
        "in" 0.180723
        "loop" 0.433735
        "end" 0.602410
        "out" 0.783133
      }
      sequenceduration 2.800000
    }
    event gesture "NULL"
    {
      time 24.771931 29.552633
      param ""
    }
    event gesture "M_g_hdclasp_low"
    {
      time 29.017546 36.920891
      param "M_g_hdclasp_low"
      absolutetags playback_time
      {
        "in" 0.132080
        "loop" 0.178948
        "end" 0.715557
        "out" 0.805098
      }
      absolutetags shifted_time
      {
        "in" 0.316327
        "loop" 0.428571
        "end" 0.551020
        "out" 0.653061
      }
      sequenceduration 3.300000
    }
    event gesture "M_g_rthd_heart"
    {
      time 34.807018 43.392105
      param "M_g_rthd_heart"
      event_ramp
      {
        0.8538 0.9886
        8.5697 0.9924
      }
      absolutetags playback_time
      {
        "in" 0.066801
        "loop" 0.141461
        "end" 0.595067
        "out" 0.786408
      }
      absolutetags shifted_time
      {
        "in" 0.204819
        "loop" 0.433735
        "end" 0.602410
        "out" 0.746988
      }
      sequenceduration 2.800000
    }
    event gesture "NULL"
    {
      time 46.833332 52.916668
      param ""
    }
    event gesture "M_bg_accentup"
    {
      time 56.481483 62.448151
      param "M_bg_accentup"
      absolutetags playback_time
      {
        "apex" 0.067801
        "extreme" 0.118652
        "loop" 0.236173
        "end" 0.608696
      }
      absolutetags shifted_time
      {
        "apex" 0.136364
        "extreme" 0.238636
        "loop" 0.477273
        "end" 0.681818
      }
      sequenceduration 2.966667
    }
    event gesture "NULL"
    {
      time 63.000000 64.314819
      param ""
    }
    event gesture "M_bg_htiltleft"
    {
      time 65.296295 68.429626
      param "M_bg_htiltleft"
      event_ramp
      {
        0.0000 0.4662
        0.0667 0.4812
        3.0778 0.3346
        3.1333 0.3233
      }
      absolutetags playback_time
      {
        "apex" 0.075650
        "extreme" 0.237757
        "loop" 0.356636
        "end" 0.623529
      }
      absolutetags shifted_time
      {
        "apex" 0.111111
        "extreme" 0.349206
        "loop" 0.523810
        "end" 0.555556
      }
      sequenceduration 2.133333
    }
    event gesture "NULL"
    {
      time 68.518517 70.018517
      param ""
    }
    event gesture "M_bg_hshake"
    {
      time 70.888893 75.022224
      param "M_bg_hshake"
      absolutetags playback_time
      {
        "apex" 0.097815
        "extreme" 0.513514
        "loop" 0.720721
        "end" 0.756757
      }
      absolutetags shifted_time
      {
        "apex" 0.129032
        "extreme" 0.569892
        "loop" 0.645161
        "end" 0.698925
      }
      sequenceduration 3.133333
    }
  }
  channel "head"
  {
    event flexanimation "head"
    {
      time -0.000002 78.000000
      param ""
      flexanimations samples_use_time
      {
        "head_rightleft"         range 30.0 -30.0        
        {
          0.4396 0.5000
          0.8469 0.5000
          1.6228 0.5000
          1.9589 0.5000
          2.2887 0.5000
          2.9934 0.5000
          3.0516 0.5000
          8.1095 0.5000
          8.2647 0.5000
          8.8401 0.4000
          9.5448 0.4000
          9.9456 0.5000
          9.9909 0.5000
        }
        "head_updown"         range 15.0 -15.0        
        {
          0.4396 0.5000
          0.8469 0.6600
          1.6228 0.6600
          1.9589 0.4900
          2.2887 0.5700
          2.9934 0.5000
          3.0516 0.5000
          8.1095 0.5000
          8.2647 0.5000
          8.8401 0.2600
          9.5448 0.2600
          9.9456 0.5000
          9.9909 0.5000
        }
        "head_tilt"         range 15.0 -15.0        
        {
          0.4396 0.5000
          0.8469 0.5000
          1.6228 0.5000
          1.9589 0.5000
          2.5012 0.5000
          3.1434 0.1500
          3.2016 0.1500
          5.3572 0.1800
          5.4695 0.1700
          7.2673 0.4900
          7.3579 0.4900
          8.1095 0.5000
          8.2647 0.5000
          8.8401 0.4500
          9.5448 0.4500
          9.9456 0.5000
          9.9909 0.5000
        }
        "head_forwardback"         range 0.2 -0.2        
        {
          0.4396 0.5000
          0.8469 0.6000
          1.6228 0.6000
          1.9589 0.4400
          2.2887 0.5000
          2.9934 0.5000
          3.0516 0.5000
          8.1095 0.5000
          8.2647 0.5000
          8.8401 0.5000
          9.5448 0.5000
          9.9456 0.5000
          9.9909 0.5000
        }
      }
    }
  }
  channel "face"
  {
    event flexanimation "face"
    {
      time -0.000000 78.000000
      param ""
      flexanimations samples_use_time
      {
        "lid_tightener"         combo        
        {
          5.7941 0.0000
          6.0139 0.0000
          6.3501 0.0000
          16.1007 0.0000
          16.3270 0.3900
          17.2127 0.3900
          18.1145 0.4200
          19.0067 0.0600
          24.0121 0.0000
          24.6797 0.0000
          25.5825 0.0000
          29.7484 0.0000
          30.1528 0.0000
          32.0618 0.0000
          34.8954 0.0000
          35.6477 0.0000
          41.0643 0.0000
          41.7365 0.0000
          44.2285 0.0000
          45.1783 0.0000
          52.0078 0.0000
          54.0108 0.5000
          56.2583 0.5000
          56.4295 0.5000
          57.3417 0.0000
          59.0156 0.0000
          59.4294 0.0000
          61.3478 0.0000
          64.9329 0.0000
          66.1648 0.0000
          71.3915 0.0000
          72.1635 0.0000
          74.6386 0.0000
        }
        {
          5.7941 0.5000
          6.0139 0.5000
          6.3501 0.5000
          14.6945 0.5000
          14.9207 0.5000
          15.8065 0.5000
          24.0121 0.5000
          24.6797 0.5000
          25.5825 0.5000
          29.7484 0.5000
          30.1528 0.5000
          32.0618 0.5000
          34.8954 0.5000
          35.6477 0.5000
          41.0643 0.5000
          41.7365 0.5000
          44.2285 0.5000
          45.1783 0.5000
          52.0078 0.5000
          54.0108 0.5000
          56.2583 0.5000
          56.4295 0.5000
          57.3417 0.5000
          59.0156 0.5000
          59.4294 0.5000
          61.3478 0.5000
          64.9329 0.5000
          66.1648 0.5000
          71.3915 0.5000
          72.1635 0.5000
          74.6386 0.5000
        }
        "blink"        
        {
          5.9142 0.0000
          5.9530 0.9900
          6.1211 0.0000
          7.8384 0.0000
          7.9354 0.8300
          8.0388 0.3100
          8.1820 0.2400
          8.9513 0.2000
          9.0354 0.2000
          9.1056 0.2700
          9.1638 0.9100
          9.2349 0.0200
          10.8770 0.0300
          10.9352 0.8600
          11.0063 0.3500
          11.0654 0.3000
          11.4451 0.2800
          11.8865 0.3200
          11.9438 0.3500
          12.0020 0.8200
          12.0796 0.0500
          19.7378 0.0500
          19.8542 0.9900
          19.9447 0.1900
          19.9964 0.1900
          22.7541 0.2000
          22.8123 0.2000
          22.9222 0.9000
          23.0062 0.2300
          24.0121 0.0000
          24.6797 0.0000
          25.5825 0.0000
          29.7484 0.0000
          30.1528 0.0000
          32.0618 0.0000
          34.8954 0.0000
          35.6477 0.0000
          41.0643 0.0000
          41.7365 0.0000
          44.2285 0.0000
          45.1783 0.0000
          52.0078 0.0000
          54.0108 0.0000
          56.2583 0.0000
          56.4295 0.0000
          57.3417 0.0000
          59.0156 0.0000
          59.4294 0.0000
          61.3478 0.0000
          64.9329 0.0000
          66.1648 0.0000
          71.3915 0.0000
          72.1635 0.0000
          74.6386 0.0000
        }
        "inner_raiser"         combo        
        {
          0.2845 0.2600
          1.1702 0.2600
          1.6098 0.2600
          1.8749 0.7300
          2.2046 0.7300
          2.5408 0.7300
          2.8899 0.7500
          3.2261 0.5200
          3.6186 0.4800
          3.8144 0.7500
          4.2692 0.7500
          4.3963 0.8400
          4.8747 0.8400
          5.9712 0.7400
          6.2442 0.7700
          6.6591 0.8598
          7.7136 0.7898
          8.4506 0.7900
          9.2652 0.7900
          9.4850 0.8600
          10.0023 0.8600
          10.3320 0.8685
          10.6294 0.8685
          11.4440 0.7100
          11.9266 1.0000
          12.2240 0.7100
          12.8123 0.7100
          13.3295 0.7100
          14.6290 0.7100
          15.2562 0.4800
          16.2971 0.4800
          18.1866 0.4800
          18.8525 0.4800
          19.8481 0.7800
          20.1455 1.0000
          21.0377 1.0000
          21.4713 1.0000
          21.7299 0.6500
          23.1393 0.6500
          23.4367 0.6500
          24.0121 0.9300
          24.6797 0.9300
          25.5825 0.9303
          29.7484 0.9303
          30.1528 1.0000
          32.0618 1.0000
          34.8954 1.0000
          35.6477 1.0000
          41.0643 1.0000
          41.7365 1.0000
          44.2285 1.0000
          45.1783 1.0000
          52.0078 1.0000
          54.0108 1.0000
          56.2583 1.0000
          56.4295 1.0000
          57.3417 1.0000
          59.0156 0.8100
          59.4294 0.6400
          61.3478 0.6400
          64.9329 0.6400
          66.1648 0.6400
          71.3915 0.6400
          72.1635 0.8000
          74.6386 0.8800
        }
        {
          0.2845 0.5000
          1.1702 0.5000
          1.6098 0.5000
          1.8749 0.5000
          2.2046 0.5000
          2.5408 0.5000
          2.8899 0.5000
          3.2261 0.5000
          3.6186 0.5000
          3.8144 0.5000
          4.2692 0.5000
          4.3963 0.5000
          4.8747 0.5000
          5.9712 0.5000
          6.2442 0.4900
          6.6591 0.4919
          7.7136 0.4919
          8.4506 0.4919
          9.2652 0.4919
          9.4850 0.4919
          10.0023 0.4919
          10.3320 0.4919
          10.6294 0.4919
          11.4440 0.4919
          11.9266 0.4919
          12.2240 0.4919
          12.8123 0.4919
          13.3295 0.4919
          14.6290 0.4919
          15.2562 0.4919
          16.2971 0.4919
          18.1866 0.4919
          18.8525 0.4919
          19.8481 0.4919
          20.1455 0.4919
          21.0377 0.4919
          21.4713 0.4919
          21.7299 0.4919
          23.1393 0.4919
          23.4367 0.4919
          24.0121 0.4920
          24.6797 0.4920
          25.5825 0.4920
          29.7484 0.4920
          30.1528 0.4920
          32.0618 0.4920
          34.8954 0.4920
          35.6477 0.4920
          41.0643 0.4920
          41.7365 0.4920
          44.2285 0.4920
          45.1783 0.4920
          52.0078 0.4920
          54.0108 0.4920
          56.2583 0.4920
          56.4295 0.4920
          57.3417 0.4920
          59.0156 0.4920
          59.4294 0.4920
          61.3478 0.4920
          64.9329 0.4920
          66.1648 0.4920
          71.3915 0.4920
          72.1635 0.4920
          74.6386 0.4952
        }
        "outer_raiser"         combo        
        {
          0.2845 0.0000
          1.1702 0.0000
          1.6098 0.0000
          1.8749 0.3400
          2.2046 0.0000
          2.5408 0.0000
          2.8899 0.3500
          3.2261 0.0000
          3.6186 0.2500
          3.8144 0.2400
          4.2692 0.0000
          4.3963 0.0000
          4.8747 0.0000
          5.9712 0.0000
          6.2442 0.3100
          6.4090 0.3300
          6.6591 0.3464
          7.7136 0.2864
          8.4506 0.0000
          9.2652 0.0000
          9.4850 0.0000
          10.0023 0.0000
          10.3320 0.0000
          10.6294 0.0000
          11.4440 0.0000
          11.9266 0.0000
          12.2240 0.0000
          12.8123 0.0000
          13.3295 0.0000
          14.6290 0.0000
          15.2562 0.0000
          16.2971 0.0000
          18.1866 0.0000
          18.8525 0.0000
          19.8481 0.0000
          20.1455 0.0000
          21.0377 0.0000
          21.4713 0.0000
          21.7299 0.0000
          23.1393 0.0000
          23.4367 0.0000
          24.0121 0.0000
          24.6797 0.0000
          25.5825 0.0000
          29.7484 0.0000
          30.1528 0.0000
          32.0618 0.0000
          34.8954 0.0000
          35.6477 0.0000
          41.0643 0.0000
          41.7365 0.0000
          44.2285 0.0000
          45.1783 0.0000
          52.0078 0.0000
          54.0108 0.0000
          56.2583 0.0000
          56.4295 0.0000
          57.3417 0.5400
          59.0156 0.4600
          59.4294 0.3300
          61.3478 0.3300
          64.9329 0.3300
          66.1648 0.3300
          71.3915 0.3300
          72.1635 0.4100
          74.6386 0.2863
        }
        {
          0.2845 0.5000
          1.1702 0.5000
          1.6098 0.5000
          1.8749 0.5000
          2.2046 0.5000
          2.5408 0.5000
          2.8899 0.5000
          3.2261 0.5000
          3.6186 0.5000
          3.8144 0.5000
          4.2692 0.5000
          4.3963 0.5000
          4.8747 0.5000
          5.9712 0.5000
          6.2442 0.4900
          6.6591 0.4919
          7.7136 0.4919
          8.4506 0.4919
          9.2652 0.4919
          9.4850 0.4919
          10.0023 0.4919
          10.3320 0.5000
          10.6294 0.5000
          11.4440 0.5000
          11.9266 0.5000
          12.2240 0.5000
          12.8123 0.5000
          13.3295 0.5000
          14.6290 0.5000
          15.2562 0.5000
          16.2971 0.5000
          18.1866 0.5000
          18.8525 0.5000
          19.8481 0.5000
          20.1455 0.5000
          21.0377 0.5000
          21.4713 0.5000
          21.7299 0.5000
          23.1393 0.5000
          23.4367 0.5000
          24.0121 0.5000
          24.6797 0.5000
          25.5825 0.5000
          29.7484 0.5000
          30.1528 0.5000
          32.0618 0.5000
          34.8954 0.5000
          35.6477 0.5000
          41.0643 0.5000
          41.7365 0.5000
          44.2285 0.5000
          45.1783 0.5000
          52.0078 0.5000
          54.0108 0.5000
          56.2583 0.5000
          56.4295 0.5000
          57.3417 0.5000
          59.0156 0.5000
          59.4294 0.5000
          61.3478 0.5000
          64.9329 0.5000
          66.1648 0.5000
          71.3915 0.5000
          72.1635 0.5000
          74.6386 0.5000
        }
        "lowerer"         combo        
        {
          0.2845 0.0000
          1.1702 0.0000
          1.6098 0.0000
          1.8749 0.0000
          2.2046 0.4900
          2.5408 0.4900
          2.8899 0.0000
          3.2261 0.0000
          3.6186 0.0000
          3.8144 0.0000
          4.2692 0.0000
          4.3963 0.3600
          4.5367 0.4300
          4.8747 0.4400
          5.9306 0.3700
          5.9712 0.3500
          6.2442 0.0000
          6.6591 0.0506
          7.7136 0.0506
          8.4506 0.0506
          9.2652 0.0506
          9.4850 0.3400
          10.0023 0.4500
          10.3320 0.3852
          10.6294 0.0000
          11.4440 0.0000
          11.9266 0.4100
          12.2240 0.4100
          12.8123 0.4100
          13.3295 0.1600
          14.6290 0.1600
          15.2562 0.5600
          16.2971 0.5600
          18.1866 0.5300
          18.8525 0.0000
          19.8481 0.0000
          20.1455 0.5300
          21.0377 0.5300
          21.4713 0.5300
          21.7299 0.1600
          23.1393 0.1600
          23.4367 0.2500
          24.0121 0.5700
          24.6797 0.0000
          25.5825 0.0088
          29.7484 0.0088
          30.1528 0.5600
          32.0618 0.5600
          34.8954 0.5600
          35.6477 0.1300
          41.0643 0.1300
          41.7365 0.4000
          44.2285 0.4000
          45.1783 0.1500
          52.0078 0.1500
          54.0108 0.6100
          56.2583 0.6100
          56.4295 0.6100
          57.3417 0.2100
          59.0156 0.2100
          59.4294 0.2000
          61.3478 0.2800
          64.9329 0.2800
          66.1648 0.0000
          71.3915 0.0000
          72.1635 0.0000
          74.6386 0.0000
        }
        {
          0.2845 0.5000
          1.1702 0.5000
          1.6098 0.5000
          1.8749 0.5000
          2.2046 0.5000
          2.5408 0.5000
          2.8899 0.5000
          3.2261 0.5000
          3.6186 0.5000
          3.8144 0.5000
          4.2692 0.5000
          4.3963 0.5000
          4.8747 0.5000
          5.9712 0.5000
          6.2442 0.4900
          6.6591 0.4919
          7.7136 0.4919
          8.4506 0.4919
          9.2652 0.4919
          9.4850 0.4919
          10.0023 0.4919
          10.3320 0.4919
          10.6294 0.4919
          11.4440 0.4919
          11.9266 0.4919
          12.2240 0.4919
          12.8123 0.4919
          13.3295 0.4919
          14.6290 0.4919
          15.2562 0.4919
          16.2971 0.4919
          18.1866 0.4919
          18.8525 0.4919
          19.8481 0.4919
          20.1455 0.4919
          21.0377 0.4919
          21.4713 0.4919
          21.7299 0.4919
          23.1393 0.4919
          23.4367 0.4919
          24.0121 0.5000
          24.6797 0.5000
          25.5825 0.5000
          29.7484 0.5000
          30.1528 0.5000
          32.0618 0.5000
          34.8954 0.5000
          35.6477 0.5000
          41.0643 0.5000
          41.7365 0.5000
          44.2285 0.5000
          45.1783 0.5000
          52.0078 0.5000
          54.0108 0.5000
          56.2583 0.5000
          56.4295 0.5000
          57.3417 0.5000
          59.0156 0.5000
          59.4294 0.5000
          61.3478 0.5000
          64.9329 0.5000
          66.1648 0.5000
          71.3915 0.5000
          72.1635 0.5000
          74.6386 0.5000
        }
        "cheek_raiser"         combo        
        {
          5.7941 0.0000
          6.0139 0.2500
          6.3501 0.0000
          14.6945 0.0000
          14.9207 0.0000
          15.8065 0.0000
          24.0121 0.0000
          24.6797 0.0000
          25.5825 0.0000
          29.7484 0.0000
          30.1528 0.0000
          32.0618 0.0000
          34.8954 0.0000
          35.6477 0.0000
          41.0643 0.0000
          41.7365 0.0000
          44.2285 0.0000
          45.1783 0.0000
          52.0078 0.0000
          54.0108 0.4800
          56.2583 0.4800
          56.4295 0.4800
          57.3417 0.0000
          59.0156 0.0000
          59.4294 0.3900
          61.3478 0.3900
          64.9329 0.3900
          66.1648 0.2500
          71.3915 0.2500
          72.1635 0.0000
          74.6386 0.0000
        }
        {
          5.7941 0.5000
          6.0139 0.5000
          6.3501 0.5000
          14.6945 0.5000
          14.9207 0.5000
          15.8065 0.5000
          24.0121 0.5000
          24.6797 0.5000
          25.5825 0.5000
          29.7484 0.5000
          30.1528 0.5000
          32.0618 0.5000
          34.8954 0.5000
          35.6477 0.5000
          41.0643 0.5000
          41.7365 0.5000
          44.2285 0.5000
          45.1783 0.5000
          52.0078 0.5000
          54.0108 0.5000
          56.2583 0.5000
          56.4295 0.5000
          57.3417 0.5000
          59.0156 0.5000
          59.4294 0.5000
          61.3478 0.5000
          64.9329 0.5000
          66.1648 0.5000
          71.3915 0.5000
          72.1635 0.5000
          74.6386 0.5000
        }
        "upper_raiser"         combo        
        {
          5.7941 0.0000
          5.9451 0.3900
          6.3501 0.0000
          16.1007 0.0000
          16.3270 0.3300
          17.2127 0.2400
          17.9270 0.0200
          24.0121 0.0000
          24.6797 0.0000
          25.5825 0.0000
          29.7484 0.0000
          30.1528 0.0000
          32.0618 0.0000
          34.8954 0.0000
          35.6477 0.0000
          41.0643 0.0000
          41.7365 0.0000
          44.2285 0.0000
          45.1783 0.0000
          52.0078 0.0000
          54.0108 0.3600
          56.2583 0.3600
          56.4295 0.3600
          57.3417 0.0000
          59.0156 0.0000
          59.4294 0.0000
          61.3478 0.1300
          64.9329 0.1300
          66.1648 0.0000
          71.3915 0.0000
          72.1635 0.0000
          74.6386 0.0000
        }
        {
          5.7941 0.5000
          6.0139 0.5000
          6.3501 0.5000
          15.9875 0.5100
          16.1007 0.5000
          16.3270 0.1800
          17.2127 0.2700
          17.9594 0.5000
          18.1275 0.5000
          24.0121 0.5000
          24.6797 0.5000
          25.5825 0.5000
          29.7484 0.5000
          30.1528 0.5000
          32.0618 0.5000
          34.8954 0.5000
          35.6477 0.5000
          41.0643 0.5000
          41.7365 0.5000
          44.2285 0.5000
          45.1783 0.5000
          52.0078 0.5000
          54.0108 0.5000
          56.2583 0.5000
          56.4295 0.5000
          57.3417 0.5000
          59.0156 0.5000
          59.4294 0.5000
          61.3478 0.8100
          64.9329 0.8100
          66.1648 0.5000
          71.3915 0.5000
          72.1635 0.5000
          74.6386 0.5000
        }
        "corner_depressor"         combo        
        {
          5.7773 0.2900
          6.2014 0.2900
          7.0871 0.2900
          7.6819 0.6900
          8.7939 0.4600
          24.0121 0.0000
          24.6797 0.5400
          25.5825 0.5318
          29.7484 0.5318
          30.1528 0.5318
          32.0618 0.5318
          34.8954 0.5318
          35.6477 0.5318
          41.0643 0.5318
          41.7365 0.5318
          44.2285 0.5318
          45.1783 0.5318
          52.0078 0.5318
          54.0108 0.5318
          56.2583 0.5318
          56.4295 0.5318
          57.3417 0.2600
          59.0156 0.4600
          59.4294 0.0000
          61.3478 0.3300
          64.9329 0.3300
          66.1648 0.0500
          71.3915 0.0500
          72.1635 0.9000
          74.6386 0.6600
        }
        {
          5.7773 0.5000
          6.2014 0.5000
          7.0871 0.5000
          7.6819 0.5000
          8.7939 0.5000
          24.0121 0.5000
          24.6797 0.5000
          25.5825 0.5000
          29.7484 0.5000
          30.1528 0.5000
          32.0618 0.5000
          34.8954 0.5000
          35.6477 0.5000
          41.0643 0.5000
          41.7365 0.5000
          44.2285 0.5000
          45.1783 0.5000
          52.0078 0.5000
          54.0108 0.5000
          56.2583 0.5000
          56.4295 0.5000
          57.3417 0.5000
          59.0156 0.5000
          59.4294 0.5000
          61.3478 0.5000
          64.9329 0.5000
          66.1648 0.5000
          71.3915 0.5000
          72.1635 0.5000
          74.6386 0.5000
        }
        "chin_raiser"        
        {
          5.7941 0.0000
          5.9701 0.0600
          6.3501 0.0000
          16.1007 0.0000
          16.3270 0.1100
          17.2127 0.0000
          24.0121 0.0000
          24.6797 0.0000
          25.5825 0.0000
          29.7484 0.0000
          30.1528 0.0000
          32.0618 0.0000
          34.8954 0.0000
          35.6477 0.0000
          41.0643 0.0000
          41.7365 0.0000
          44.2285 0.0000
          45.1783 0.0000
          52.0078 0.0000
          54.0108 0.3100
          56.2583 0.3100
          56.4295 0.3100
          57.3417 0.0000
          59.0156 0.0000
          59.4294 0.3300
          61.3478 0.3400
          64.9329 0.3400
          66.1648 0.0000
          71.3915 0.0000
          72.1635 0.0000
          74.6386 0.0000
        }
        "jaw_drop"        
        {
          5.7773 0.0000
          6.2014 0.3900
          7.0871 0.2500
          7.6819 0.0000
          8.7939 0.0000
          24.0121 0.0000
          24.6797 0.4600
          25.4791 0.4600
          25.9643 0.1100
          29.7484 0.1100
          30.1528 0.1100
          32.0618 0.1100
          34.8954 0.1100
          35.6477 0.1100
          41.0643 0.1100
          41.7365 0.1100
          44.2285 0.1100
          45.1783 0.1100
          52.0078 0.1100
          54.0108 0.1100
          56.2583 0.1100
          56.4295 0.1100
          57.3417 0.5400
          59.0156 0.3400
          59.4294 0.0000
          61.3478 0.0000
          64.9329 0.0000
          66.1648 0.4400
          70.9824 0.0000
          71.5816 0.5900
          72.8568 0.1900
        }
        "mouth_drop"         combo        
        {
          5.7773 0.0000
          6.2014 0.3400
          7.0871 0.3300
          7.6819 0.0000
          8.7939 0.0000
          24.0121 0.0000
          24.6797 0.3800
          25.4321 0.3300
          25.9643 0.0000
          29.7484 0.0000
          30.1528 0.0000
          32.0618 0.0000
          34.8954 0.0000
          35.6477 0.0000
          41.0643 0.0000
          41.7365 0.0000
          44.2285 0.0000
          45.1783 0.0000
          52.0078 0.0000
          54.0108 0.0000
          56.2583 0.0000
          56.4295 0.0000
          57.3417 0.6300
          59.0156 0.2800
          59.4294 0.0000
          61.3478 0.0000
          64.9329 0.0000
          66.1648 0.4200
          70.9824 0.0000
          71.5816 0.6900
          72.8568 0.2900
        }
        {
          5.7773 0.5000
          6.2014 0.5000
          7.0871 0.5000
          7.6819 0.5000
          8.7939 0.5000
          24.0121 0.5000
          24.6797 0.5000
          25.5825 0.5000
          29.7484 0.5000
          30.1528 0.5000
          32.0618 0.5000
          34.8954 0.5000
          35.6477 0.5000
          41.0643 0.5000
          41.7365 0.5000
          44.2285 0.5000
          45.1783 0.5000
          52.0078 0.5000
          54.0108 0.5000
          56.2583 0.5000
          56.4295 0.5000
          57.3417 0.5000
          59.0156 0.5000
          59.4294 0.5000
          61.3478 0.5000
          64.9329 0.5000
          66.1648 0.5000
          71.3915 0.5000
          72.1635 0.5000
          74.6386 0.5000
        }
        "eyes_updown"         range 30.0 -30.0        
        {
          7.7667 0.5100
          7.8573 0.5100
          8.3615 0.3500
          8.4585 0.3500
          9.1632 0.3500
          9.2149 0.3500
          9.3248 0.5000
          9.3636 0.5000
          10.8571 0.5000
          10.9218 0.5000
          11.0963 0.2300
          11.1933 0.2300
          11.4040 0.2200
          11.4687 0.2200
          11.5786 0.2700
          11.6562 0.2700
          11.9051 0.2800
          11.9439 0.2800
          12.0667 0.5000
          12.1378 0.5000
          19.6694 0.5000
          19.7341 0.5000
          19.8699 0.2400
          19.8957 0.2400
          22.3948 0.2400
          22.4724 0.2400
          23.2029 0.5000
          23.2870 0.5000
          24.0121 0.5000
          24.6797 0.5000
          25.5825 0.5000
          29.7484 0.5000
          30.1528 0.5000
          32.0618 0.5000
          34.8954 0.5000
          35.6477 0.5000
          41.0643 0.5000
          41.7365 0.5000
          44.2285 0.5000
          45.1783 0.5000
          52.0078 0.5000
          54.0108 0.5000
          56.2583 0.5000
          56.4295 0.5000
          57.3417 0.5000
          59.0156 0.5000
          59.4294 0.5000
          61.3478 0.5000
          64.9329 0.5000
          66.1648 0.5000
          71.3915 0.5000
          72.1635 0.5000
          74.6386 0.5000
        }
        "eyes_rightleft"         range 30.0 -30.0        
        {
          7.7667 0.5100
          7.8573 0.5100
          8.3615 0.6000
          8.4585 0.6000
          9.1632 0.6000
          9.2149 0.6000
          9.3248 0.5000
          9.3636 0.5000
          10.8571 0.5000
          10.9218 0.5000
          11.0963 0.6100
          11.1933 0.6100
          11.4040 0.6000
          11.4687 0.6000
          11.5786 0.6800
          11.6562 0.6800
          11.9051 0.6900
          11.9439 0.6900
          12.0667 0.5000
          12.1378 0.5000
          19.6694 0.5000
          19.7341 0.5000
          19.8699 0.6000
          19.8957 0.6000
          22.3948 0.6000
          22.4724 0.6000
          23.2029 0.5000
          23.2870 0.5000
          24.0121 0.5000
          24.6797 0.5000
          25.5825 0.5000
          29.7484 0.5000
          30.1528 0.5000
          32.0618 0.5000
          34.8954 0.5000
          35.6477 0.5000
          41.0643 0.5000
          41.7365 0.5000
          44.2285 0.5000
          45.1783 0.5000
          52.0078 0.5000
          54.0108 0.5000
          56.2583 0.5000
          56.4295 0.5000
          57.3417 0.5000
          59.0156 0.5000
          59.4294 0.5000
          61.3478 0.5000
          64.9329 0.5000
          66.1648 0.5000
          71.3915 0.5000
          72.1635 0.5000
          74.6386 0.5000
        }
        "corner_puller"         combo        
        {
          59.4294 0.0000
          61.3478 0.0000
          64.9329 0.0000
          66.1648 0.0000
          71.3915 0.0000
          72.1635 0.0000
          74.6386 0.0000
        }
        {
          59.4294 0.6600
          61.3478 0.6600
          64.9329 0.6600
          66.1648 0.6600
          71.3915 0.6600
          72.1635 0.6600
          74.6386 0.5000
        }
        "smile"        
        {
          59.4294 0.0000
          61.3478 0.0000
          64.9329 0.0000
          66.1648 0.0000
          71.3915 0.0000
          72.1635 0.0000
          74.6386 0.0000
        }
      }
    }
  }
}

mapname "maps\d3_breen_01.bsp"
scalesettings
{
  "CChoreoView" "18"
  "SceneRampTool" "100"
  "RampTool" "36"
  "ExpressionTool" "22"
  "GestureTool" "100"
}
fps 60
snap off
// Choreo version 1
event stoppoint "pow"
{
  time 36.966492 -1.000000
  param "noaction"
}
actor "Breen"
{
  channel "audio"
  {
    event speak "citadel.br_newleader_a"
    {
      time 7.162943 9.159383
      param "citadel.br_newleader_a"
      fixedlength
      cctype "cc_master"
      cctoken "citadel.br_newleader_a_cc"
    }
    event speak "citadel.br_nopoint"
    {
      time 0.858600 5.791729
      param "citadel.br_nopoint"
      fixedlength
      cctype "cc_master"
      cctoken ""
    }
    event speak "citadel.br_bidder_a"
    {
      time 21.438440 22.843134
      param "citadel.br_bidder_a"
      fixedlength
      cctype "cc_master"
      cctoken ""
    }
    event speak "citadel.br_nothingtosay_a"
    {
      time 28.877035 31.696627
      param "citadel.br_nothingtosay_a"
      fixedlength
      cctype "cc_master"
      cctoken ""
    }
    event speak "citadel.br_newleader_b"
    {
      time 9.228070 14.045168
      param "citadel.br_newleader_b"
      fixedlength
      cctype "cc_slave"
      cctoken "citadel.br_newleader_a_cc"
    }
    event speak "citadel.br_newleader_c"
    {
      time 14.315788 19.590776
      param "citadel.br_newleader_c"
      fixedlength
      cctype "cc_slave"
      cctoken "citadel.br_newleader_a_cc"
    }
    event speak "citadel.br_nothingtosay_b"
    {
      time 32.385960 35.061695
      param "citadel.br_nothingtosay_b"
      fixedlength
      cctype "cc_master"
      cctoken ""
    }
    event speak "citadel.br_bidder_b"
    {
      time 23.403503 26.079899
      param "citadel.br_bidder_b"
      fixedlength
      cctype "cc_master"
      cctoken ""
    }
  }
  channel "look at"
  {
    event lookat "!player"
    {
      time 8.381022 28.691925
      param "!player"
      event_ramp
      {
        0.7167 0.8026
        0.9833 0.9442
        1.5000 0.9957
        2.5833 1.0000
        3.4250 1.0000
        18.0040 1.0000
        18.5540 1.0000
        19.0873 1.0000
        20.1790 1.0000
        20.3109 1.0000
      }
    }
    event lookat "mossman"
    {
      time 6.537669 9.387879
      param "mossman"
      event_ramp
      {
        0.5750 0.3375
        0.9333 0.5038
        1.3750 0.5463
        1.6396 0.5417
        2.6351 0.5417
        2.8502 0.5417
      }
    }
    event lookat "eli"
    {
      time 0.096109 7.887158
      param "eli"
      event_ramp
      {
        0.5750 0.6481
        0.8167 0.8455
        1.0917 0.9442
        1.4417 0.9785
        1.9500 0.9899
        2.6167 0.9924
        4.5369 0.9924
        5.6341 0.9924
        7.1759 0.9962
        7.5759 0.9962
        7.7911 0.9962
      }
    }
    event lookat "!self"
    {
      time 27.429445 30.034346
      param "!self"
      event_ramp
      {
        0.5750 0.3413
        0.8167 0.4857
        1.0917 0.5692
        2.3897 0.6023
        2.5500 0.6023
        2.6049 0.6023
      }
    }
    event lookat "!player"
    {
      time 29.111984 32.891491
      param "!player"
      event_ramp
      {
        0.5750 0.6481
        0.8167 0.8455
        1.0917 0.9442
        1.4417 0.9785
        1.9500 0.9785
        2.0189 0.9828
        2.6125 0.9828
        2.6167 0.9828
        3.1644 0.9962
        3.5644 0.9962
        3.7796 0.9962
      }
    }
    event lookat "eli"
    {
      time 31.810398 34.415298
      param "eli"
      event_ramp
      {
        0.5750 0.3413
        0.8167 0.4857
        1.0917 0.5692
        2.3897 0.6023
        2.5500 0.6023
        2.6049 0.6023
      }
    }
    event lookat "!player"
    {
      time 33.429447 37.907368
      param "!player"
      event_ramp
      {
        0.5750 0.6481
        0.8167 0.8455
        1.0917 0.9442
        1.4417 0.9785
        2.6484 0.9785
        2.7173 0.9828
        3.3109 0.9828
        3.3151 0.9828
        3.8628 0.9962
        4.2628 0.9962
        4.4780 0.9962
      }
    }
    event lookat "eli"
    {
      time 36.254841 38.859741
      param "eli"
      event_ramp
      {
        0.5750 0.7201
        0.8167 0.8645
        1.0917 0.9480
        2.3897 0.9811
        2.5500 0.9811
        2.6049 0.9811
      }
    }
  }
  channel "face to"
  {
    event face "Mossman"
    {
      time 6.604699 8.317949
      param "Mossman"
      event_ramp
      {
        0.6667 0.4046
        0.8918 0.4432
        0.9061 0.4432
        1.0000 0.4432
        1.0303 0.4432
        1.0334 0.4432
        1.6334 0.4432
        1.7133 0.4432
      }
    }
    event face "!player"
    {
      time 8.441465 24.454229
      param "!player"
      event_ramp
      {
        0.6667 0.7682
        1.0000 0.9270
        1.4667 0.9871
        2.3667 1.0000
        3.4750 1.0000
        13.3936 1.0000
        14.5520 1.0000
        16.0128 1.0000
      }
    }
    event face "!player"
    {
      time 32.052181 37.753445
      param "!player"
      event_ramp
      {
        1.1422 0.9707
        4.5907 0.9962
        5.4665 1.0000
        5.7012 1.0000
      }
    }
    event face "eli"
    {
      time 0.920043 6.159219
      param "eli"
      event_ramp
      {
        0.6667 0.7682
        1.0000 0.9270
        1.4667 0.9871
        2.3667 1.0000
        2.6200 1.0000
        2.7709 1.0000
        3.7784 1.0000
        5.2392 1.0000
      }
    }
    event face "mark_breen_look_desk1"
    {
      time 0.012106 0.866097
      param "mark_breen_look_desk1"
      event_ramp
      {
        0.3612 0.1086
        0.3683 0.1086
        0.5136 0.1237
        0.5151 0.1237
        0.7741 0.1161
        0.8540 0.1161
      }
      lockbodyfacing
    }
    active "0"
  }
  channel "move to"
  {
    event moveto "Mark_breen_3f"
    {
      time 34.646725 37.509212
      param "Mark_breen_3f"
      param2 "walk_all_moderate"
    }
    event moveto "Mark_breen_10c"
    {
      time 14.405791 17.663553
      param "Mark_breen_10c"
      param2 "walk_all_moderate"
    }
  }
  channel "Trigger"
  {
    event firetrigger "1_eli_FinalRotate"
    {
      time 1.000000 -1.000000
      param "1"
    }
    event firetrigger "2_alyx_FinalRotate"
    {
      time 3.350877 -1.000000
      param "2"
    }
    event firetrigger "3_player_FinalRotate"
    {
      time 8.068654 -1.000000
      param "3"
    }
  }
  channel "postures"
  {
    event gesture "NULL"
    {
      time 0.000000 1.201754
      param ""
    }
    event gesture "NULL"
    {
      time 31.434343 31.934343
      param ""
    }
    event gesture "B_p_leanrt"
    {
      time 35.535355 38.906063
      param "B_p_leanrt"
      absolutetags playback_time
      {
        "apex" 0.249517
        "loop" 0.499034
        "end" 0.610778
      }
      absolutetags shifted_time
      {
        "apex" 0.231481
        "loop" 0.462963
        "end" 0.555556
      }
      sequenceduration 3.633333
    }
  }
  channel "body"
  {
    event gesture "NULL"
    {
      time 0.000000 1.201754
      param ""
    }
    event gesture "B_bg_acctdwn"
    {
      time 1.269841 3.553962
      param "B_bg_acctdwn"
      absolutetags playback_time
      {
        "apex" 0.118464
        "extreme" 0.265487
        "loop" 0.518284
        "end" 0.801921
      }
      absolutetags shifted_time
      {
        "apex" 0.117647
        "extreme" 0.294118
        "loop" 0.514706
        "end" 0.588235
      }
      sequenceduration 2.300000
    }
    event gesture "B_bg_hipfwd"
    {
      time 2.478238 5.306429
      param "B_bg_hipfwd"
      absolutetags playback_time
      {
        "apex" 0.220384
        "extreme" 0.448460
        "loop" 0.668812
        "end" 0.752428
      }
      absolutetags shifted_time
      {
        "apex" 0.126984
        "extreme" 0.206349
        "loop" 0.476190
        "end" 0.555556
      }
      sequenceduration 2.133333
    }
    event gesture "NULL"
    {
      time 6.633897 7.359191
      param ""
    }
    event gesture "B_bg_hipback"
    {
      time 10.697481 14.076192
      param "B_bg_hipback"
      absolutetags playback_time
      {
        "apex" 0.127513
        "extreme" 0.219400
        "loop" 0.350879
        "end" 0.719375
      }
      absolutetags shifted_time
      {
        "apex" 0.126984
        "extreme" 0.206349
        "loop" 0.476190
        "end" 0.555556
      }
      sequenceduration 2.133333
    }
    event gesture "B_bg_hipfwd"
    {
      time 12.857142 14.990476
      param "B_bg_hipfwd"
      absolutetags playback_time
      {
        "apex" 0.126984
        "extreme" 0.206349
        "loop" 0.476190
        "end" 0.555556
      }
      absolutetags shifted_time
      {
        "apex" 0.126984
        "extreme" 0.206349
        "loop" 0.476190
        "end" 0.555556
      }
      sequenceduration 2.133333
    }
    event gesture "NULL"
    {
      time 14.539682 17.420635
      param ""
    }
    event gesture "B_bg_leanfwd_chinout"
    {
      time 18.444445 22.334267
      param "B_bg_leanfwd_chinout"
      absolutetags playback_time
      {
        "apex" 0.078454
        "extreme" 0.209211
        "loop" 0.348685
        "end" 0.779770
      }
      absolutetags shifted_time
      {
        "apex" 0.155172
        "extreme" 0.413793
        "loop" 0.689655
        "end" 0.741379
      }
      sequenceduration 1.966667
    }
    event gesture "B_bg_leanbk_chindwn"
    {
      time 21.079365 25.698637
      param "B_bg_leanbk_chindwn"
      absolutetags playback_time
      {
        "apex" 0.086214
        "extreme" 0.137598
        "loop" 0.211004
        "end" 0.752703
      }
      absolutetags shifted_time
      {
        "apex" 0.137931
        "extreme" 0.258621
        "loop" 0.431034
        "end" 0.517241
      }
      sequenceduration 1.966667
    }
    event gesture "B_bg_acctdwn"
    {
      time 24.063494 28.035658
      param "B_bg_acctdwn"
      event_ramp
      {
        0.0000 0.9886
        3.0917 0.9848
      }
      absolutetags playback_time
      {
        "apex" 0.124066
        "extreme" 0.226247
        "loop" 0.353975
        "end" 0.827062
      }
      absolutetags shifted_time
      {
        "apex" 0.117647
        "extreme" 0.294118
        "loop" 0.514706
        "end" 0.588235
      }
      sequenceduration 2.300000
    }
    event gesture "B_bg_leanfwd_chinout"
    {
      time 4.301075 7.729295
      param "B_bg_leanfwd_chinout"
      absolutetags playback_time
      {
        "apex" 0.089018
        "extreme" 0.237381
        "loop" 0.395635
        "end" 0.712598
      }
      absolutetags shifted_time
      {
        "apex" 0.155172
        "extreme" 0.413793
        "loop" 0.689655
        "end" 0.741379
      }
      sequenceduration 1.966667
    }
    event gesture "B_bg_hipfwd"
    {
      time 6.473119 8.606452
      param "B_bg_hipfwd"
      absolutetags playback_time
      {
        "apex" 0.126984
        "extreme" 0.206349
        "loop" 0.476190
        "end" 0.555556
      }
      absolutetags shifted_time
      {
        "apex" 0.126984
        "extreme" 0.206349
        "loop" 0.476190
        "end" 0.555556
      }
      sequenceduration 2.133333
    }
    event gesture "B_bg_acctup"
    {
      time 9.032258 12.075375
      param "B_bg_acctup"
      absolutetags playback_time
      {
        "apex" 0.088918
        "extreme" 0.222295
        "loop" 0.389018
        "end" 0.688785
      }
      absolutetags shifted_time
      {
        "apex" 0.117647
        "extreme" 0.294118
        "loop" 0.514706
        "end" 0.588235
      }
      sequenceduration 2.300000
    }
    event gesture "NULL"
    {
      time 35.311832 35.811832
      param ""
    }
    event gesture "B_bg_sigh"
    {
      time 26.683613 30.020626
      param "B_bg_sigh"
      event_ramp
      {
        0.0083 0.5417
        0.1000 0.5568
        0.3417 0.6212
        0.8656 0.8182
        1.0656 0.8334
        1.4781 0.7841
        1.8451 0.6212
        2.2764 0.1288
        2.5014 0.0000
      }
      absolutetags playback_time
      {
        "apex" 0.199312
        "hd1" 0.596386
        "extreme" 0.740964
        "loop" 0.819277
        "end" 0.831325
      }
      absolutetags shifted_time
      {
        "apex" 0.147727
        "hd1" 0.192223
        "extreme" 0.340909
        "loop" 0.511364
        "end" 0.681818
      }
      sequenceduration 2.966667
    }
    event gesture "B_bg_hipfwd"
    {
      time 32.494625 35.144093
      param "B_bg_hipfwd"
      absolutetags playback_time
      {
        "apex" 0.199649
        "extreme" 0.263553
        "loop" 0.480828
        "end" 0.741935
      }
      absolutetags shifted_time
      {
        "apex" 0.126984
        "extreme" 0.206349
        "loop" 0.476190
        "end" 0.555556
      }
      sequenceduration 2.133333
    }
    event gesture "B_bg_leanbk_chindwn"
    {
      time 28.181818 31.978043
      param "B_bg_leanbk_chindwn"
      absolutetags playback_time
      {
        "apex" 0.212793
        "extreme" 0.336202
        "loop" 0.516014
        "end" 0.756233
      }
      absolutetags shifted_time
      {
        "apex" 0.137931
        "extreme" 0.258621
        "loop" 0.431034
        "end" 0.517241
      }
      sequenceduration 1.966667
    }
    event gesture "NULL"
    {
      time 32.020206 33.328285
      param ""
    }
    event gesture "B_bg_leanfwd_chinout"
    {
      time 30.747477 32.714142
      param "B_bg_leanfwd_chinout"
      event_ramp
      {
        0.0083 0.6098
        0.0500 0.6174
        1.9000 0.5038
        1.9500 0.5000
      }
      absolutetags playback_time
      {
        "apex" 0.155172
        "extreme" 0.413793
        "loop" 0.689655
        "end" 0.741379
      }
      absolutetags shifted_time
      {
        "apex" 0.155172
        "extreme" 0.413793
        "loop" 0.689655
        "end" 0.741379
      }
      sequenceduration 1.966667
    }
    event gesture "B_bg_leanbk_chindwn"
    {
      time 0.383839 2.489851
      param "B_bg_leanbk_chindwn"
      event_ramp
      {
        0.0167 0.7803
        0.0667 0.7765
        2.0417 0.6705
        2.1000 0.6667
      }
      absolutetags playback_time
      {
        "apex" 0.186360
        "extreme" 0.299064
        "loop" 0.442227
        "end" 0.549184
      }
      absolutetags shifted_time
      {
        "apex" 0.137931
        "extreme" 0.258621
        "loop" 0.431034
        "end" 0.517241
      }
      sequenceduration 1.966667
    }
    event gesture "NULL"
    {
      time 28.020203 30.237373
      param ""
    }
  }
  channel "headg"
  {
    event gesture "NULL"
    {
      time 0.000000 1.106060
      param ""
    }
    event gesture "B_hg_hshake"
    {
      time 0.141415 3.108082
      param "B_hg_hshake"
      event_ramp
      {
        0.0000 0.9962
        1.0833 0.9962
      }
      absolutetags playback_time
      {
        "apex" 0.147727
        "extreme" 0.454545
        "loop" 0.625000
        "end" 0.681818
      }
      absolutetags shifted_time
      {
        "apex" 0.147727
        "extreme" 0.454545
        "loop" 0.625000
        "end" 0.681818
      }
      sequenceduration 2.966667
    }
    event gesture "NULL"
    {
      time 4.404041 6.641415
      param ""
    }
    event gesture "B_hg_tiltrollup"
    {
      time 7.555557 10.522223
      param "B_hg_tiltrollup"
      event_ramp
      {
        0.8083 0.9962
        2.9333 1.0000
      }
      absolutetags playback_time
      {
        "apex" 0.147727
        "extreme" 0.272727
        "loop" 0.511364
        "end" 0.568182
      }
      absolutetags shifted_time
      {
        "apex" 0.147727
        "extreme" 0.272727
        "loop" 0.511364
        "end" 0.568182
      }
      sequenceduration 2.966667
    }
    event gesture "NULL"
    {
      time 19.979799 20.924244
      param ""
    }
    event gesture "B_hg_tiltroll"
    {
      time 21.171719 24.138386
      param "B_hg_tiltroll"
      absolutetags playback_time
      {
        "apex" 0.147727
        "extreme" 0.272727
        "loop" 0.511364
        "end" 0.568182
      }
      absolutetags shifted_time
      {
        "apex" 0.147727
        "extreme" 0.272727
        "loop" 0.511364
        "end" 0.568182
      }
      sequenceduration 2.966667
    }
    event gesture "NULL"
    {
      time 25.636362 27.348484
      param ""
    }
    event gesture "B_hg_hshake"
    {
      time 26.585855 29.552523
      param "B_hg_hshake"
      event_ramp
      {
        0.5063 0.8561
        0.6313 0.8636
      }
      absolutetags playback_time
      {
        "apex" 0.147727
        "extreme" 0.454545
        "loop" 0.625000
        "end" 0.681818
      }
      absolutetags shifted_time
      {
        "apex" 0.147727
        "extreme" 0.454545
        "loop" 0.625000
        "end" 0.681818
      }
      sequenceduration 2.966667
    }
    event gesture "NULL"
    {
      time 28.080809 29.651514
      param ""
    }
  }
  channel "gestures"
  {
    event gesture "NULL"
    {
      time 0.000000 0.998246
      param ""
    }
    event gesture "B_p_leanrt"
    {
      time 36.167389 38.538097
      param "B_p_leanrt"
      absolutetags playback_time
      {
        "in" 0.221481
        "apex" 0.231481
        "loop" 0.444444
        "end" 0.572777
        "out" 0.700944
      }
      absolutetags shifted_time
      {
        "in" 0.230769
        "apex" 0.231481
        "loop" 0.462963
        "end" 0.555556
        "out" 0.730769
      }
      sequenceduration 3.633333
    }
    event gesture "NULL"
    {
      time 20.888889 22.500000
      param ""
    }
    event gesture "B_g_sweepout"
    {
      time 0.888889 5.162056
      param "B_g_sweepout"
      event_ramp
      {
        0.0000 1.0000
        2.0500 0.9848
      }
      absolutetags playback_time
      {
        "apex" 0.121573
        "accent" 0.274056
        "loop" 0.447336
        "end" 0.779462
      }
      absolutetags shifted_time
      {
        "apex" 0.174757
        "accent" 0.466019
        "loop" 0.679612
        "end" 0.728155
      }
      sequenceduration 3.466667
    }
    event gesture "B_g_palmsup"
    {
      time 3.219662 6.847619
      param "B_g_palmsup"
      event_ramp
      {
        0.8334 0.9735
        2.7779 0.9318
        3.6279 0.2992
      }
      absolutetags playback_time
      {
        "apex" 0.275637
        "accent" 0.473520
        "loop" 0.621408
        "end" 0.797303
      }
      absolutetags shifted_time
      {
        "apex" 0.161290
        "accent" 0.440860
        "loop" 0.677419
        "end" 0.698925
      }
      sequenceduration 3.133333
    }
    event gesture "NULL"
    {
      time 5.873016 7.325397
      param ""
    }
    event gesture "B_g_waveoff"
    {
      time 6.031747 11.528109
      param "B_g_waveoff"
      event_ramp
      {
        0.0000 0.8940
        0.1000 0.9091
        2.0917 1.0000
        3.1334 1.0000
      }
      absolutetags playback_time
      {
        "apex" 0.202496
        "hd1" 0.387465
        "accent" 0.479994
        "loop" 0.636135
        "end" 0.745546
      }
      absolutetags shifted_time
      {
        "apex" 0.180723
        "hd1" 0.239541
        "accent" 0.361446
        "loop" 0.602410
        "end" 0.662651
      }
      sequenceduration 2.800000
    }
    event gesture "B_g_pray"
    {
      time 11.968254 16.916891
      param "B_g_pray"
      event_ramp
      {
        0.6750 0.9924
        4.9486 0.9886
      }
      absolutetags playback_time
      {
        "apex" 0.250653
        "accent" 0.366338
        "loop" 0.469153
        "end" 0.809123
      }
      absolutetags shifted_time
      {
        "apex" 0.289157
        "accent" 0.481928
        "loop" 0.602410
        "end" 0.662651
      }
      sequenceduration 2.800000
    }
    event gesture "B_g_upshrug"
    {
      time 15.365080 19.295298
      param "B_g_upshrug"
      event_ramp
      {
        0.0167 0.9924
        2.0833 0.9848
      }
      absolutetags playback_time
      {
        "apex" 0.154503
        "accent" 0.403487
        "loop" 0.524532
        "end" 0.759662
      }
      absolutetags shifted_time
      {
        "apex" 0.216867
        "accent" 0.481928
        "loop" 0.602410
        "end" 0.662651
      }
      sequenceduration 2.800000
    }
    event gesture "B_g_sweepout"
    {
      time 17.269842 22.115082
      param "B_g_sweepout"
      event_ramp
      {
        1.0667 0.6364
        1.8583 0.9962
        4.0381 0.5000
      }
      absolutetags playback_time
      {
        "apex" 0.223080
        "accent" 0.451363
        "loop" 0.604184
        "end" 0.805501
      }
      absolutetags shifted_time
      {
        "apex" 0.174757
        "accent" 0.466019
        "loop" 0.679612
        "end" 0.728155
      }
      sequenceduration 3.466667
    }
    event gesture "NULL"
    {
      time 33.396824 38.214287
      param ""
    }
    event gesture "B_g_chopout"
    {
      time 20.666664 24.990471
      param "B_g_chopout"
      event_ramp
      {
        0.0333 0.9962
        2.0083 0.9811
        4.1583 0.6629
        4.3238 0.6477
      }
      absolutetags playback_time
      {
        "apex" 0.117032
        "accent" 0.312085
        "loop" 0.390107
        "end" 0.715328
      }
      absolutetags shifted_time
      {
        "apex" 0.180723
        "accent" 0.481928
        "loop" 0.602410
        "end" 0.662651
      }
      sequenceduration 2.800000
    }
    event gesture "B_g_palmsup"
    {
      time 22.761906 28.743956
      param "B_g_palmsup"
      event_ramp
      {
        0.9167 0.3409
        1.3000 0.5833
        1.9250 0.9962
        2.6956 0.9924
      }
      absolutetags playback_time
      {
        "apex" 0.207860
        "accent" 0.384818
        "loop" 0.508725
        "end" 0.881748
      }
      absolutetags shifted_time
      {
        "apex" 0.161290
        "accent" 0.440860
        "loop" 0.677419
        "end" 0.698925
      }
      sequenceduration 3.133333
    }
    event gesture "B_g_rthd_tohead"
    {
      time 27.391706 30.591413
      param "B_g_rthd_tohead"
      absolutetags playback_time
      {
        "in" 0.201537
        "loop" 0.377881
        "end" 0.516251
        "out" 0.709173
      }
      absolutetags shifted_time
      {
        "in" 0.294872
        "loop" 0.538462
        "end" 0.641026
        "out" 0.743590
      }
      sequenceduration 2.633333
    }
    event gesture "B_g_rthd_chopdwn"
    {
      time 28.792347 33.215664
      param "B_g_rthd_chopdwn"
      event_ramp
      {
        0.1417 0.7311
        0.4000 0.7917
        1.4688 0.7462
        1.5938 0.7235
        1.9344 0.6439
        2.3156 0.7083
        2.6313 0.7045
        3.9270 0.5758
        4.0369 0.5758
      }
      absolutetags playback_time
      {
        "apex" 0.196347
        "hd1" 0.506854
        "accent" 0.625571
        "loop" 0.762557
        "end" 0.883836
      }
      absolutetags shifted_time
      {
        "apex" 0.238636
        "hd1" 0.347692
        "accent" 0.443182
        "loop" 0.625000
        "end" 0.681818
      }
      sequenceduration 2.966667
    }
    event gesture "B_g_sweepout"
    {
      time 31.867895 35.657143
      param "B_g_sweepout"
      event_ramp
      {
        0.9500 0.8523
        2.0333 0.8068
      }
      absolutetags playback_time
      {
        "apex" 0.220080
        "accent" 0.511477
        "loop" 0.706887
        "end" 0.751297
      }
      absolutetags shifted_time
      {
        "apex" 0.174757
        "accent" 0.466019
        "loop" 0.679612
        "end" 0.728155
      }
      sequenceduration 3.466667
    }
    event gesture "NULL"
    {
      time 9.784946 11.768817
      param ""
    }
    event gesture "B_g_upshrug"
    {
      time 9.204302 14.153223
      param "B_g_upshrug"
      event_ramp
      {
        0.0083 0.9924
        2.2667 1.0000
      }
      absolutetags playback_time
      {
        "apex" 0.186957
        "accent" 0.468211
        "loop" 0.578261
        "end" 0.809135
      }
      absolutetags shifted_time
      {
        "apex" 0.216867
        "accent" 0.481928
        "loop" 0.602410
        "end" 0.662651
      }
      sequenceduration 2.800000
    }
    event gesture "console_left"
    {
      time 0.000000 1.998845
      param "console_left"
      absolutetags playback_time
      {
        "in" 0.253731
        "loop" 0.432669
        "end" 0.514925
        "out" 0.704602
      }
      absolutetags shifted_time
      {
        "in" 0.230769
        "loop" 0.333333
        "end" 0.615385
        "out" 0.730769
      }
      sequenceduration 2.633333
    }
  }
  channel "head"
  {
    event flexanimation "head"
    {
      time 0.060611 38.614372
      param ""
      flexanimations samples_use_time
      {
        "head_rightleft"         range 30.0 -30.0        
        {
          0.5441 0.5000
          0.6144 0.5000
          0.8813 0.5000
          1.0634 0.5800
          1.5356 0.5800
          1.6530 0.5800
          1.9530 0.4700
          2.4448 0.4700
          2.8990 0.4700
          3.0681 0.5200
          3.8170 0.5200
          4.0508 0.5199
          4.3135 0.5199
          4.3735 0.5199
          4.5763 0.5199
          4.8788 0.5199
          5.0401 0.5199
          5.4642 0.5199
          6.5696 0.5197
          7.1522 0.5197
          7.3186 0.5197
          7.4302 0.5197
          7.5701 0.5197
          7.7736 0.5197
          8.3032 0.5000
          8.3301 0.5000
          9.3003 0.5000
          9.4617 0.5500
          9.8589 0.5500
          10.9195 0.5500
          11.1225 0.5500
          11.4659 0.6400
          11.5790 0.6400
          11.6997 0.6300
          12.0109 0.6700
          12.2545 0.6100
          12.6187 0.5500
          13.4744 0.4500
          13.6544 0.4700
          14.0992 0.4700
          14.5459 0.4703
          14.7279 0.4703
          15.9589 0.4712
          16.4451 0.4712
          16.7471 0.5500
          17.2933 0.5965
          17.5974 0.5965
          17.9408 0.4400
          18.4302 0.3912
          18.6723 0.3900
          19.0364 0.4500
          19.3384 0.5100
          19.8641 0.5100
          20.5303 0.5100
          21.1255 0.5000
          23.4496 0.4854
          23.8116 0.4854
          24.6617 0.4859
          24.8893 0.4859
          25.1313 0.4859
          25.4562 0.4859
          25.7174 0.4859
          26.2636 0.4900
          27.0244 0.4200
          29.1090 0.5452
          29.4111 0.5452
          29.9366 0.5452
          30.1788 0.5452
          30.3215 0.5200
          30.7642 0.5200
          31.1428 0.5200
          31.3442 0.5200
          31.5470 0.5600
          32.0518 0.5600
          32.3745 0.5800
          32.6787 0.6000
          32.9021 0.6000
          33.4164 0.5000
          34.0537 0.4900
          34.4385 0.4900
          34.5916 0.4900
          34.8626 0.4900
        }
        "head_updown"         range 15.0 -15.0        
        {
          0.5441 0.5000
          0.6144 0.5000
          0.8813 0.5000
          1.0634 0.5300
          1.5776 0.5900
          1.6530 0.7700
          1.8200 0.8900
          1.9530 0.7000
          2.4448 0.5100
          2.8990 0.5100
          3.0681 0.6500
          3.8170 0.8400
          4.0508 0.8681
          4.3135 0.4000
          4.3735 0.4000
          4.5763 0.5900
          4.9088 0.5900
          5.0401 0.3900
          5.1125 0.3700
          5.4642 0.4900
          6.5696 0.5191
          7.1096 0.5100
          7.1522 0.5100
          7.3186 0.6400
          7.4302 0.6200
          7.5701 0.4000
          7.7736 0.4000
          8.3032 0.5000
          8.3301 0.5000
          9.2652 0.4900
          9.3003 0.5000
          9.4120 0.3800
          9.5737 0.6500
          9.8589 0.8200
          10.8797 0.7100
          10.9195 0.7200
          11.0376 0.8600
          11.1225 0.8800
          11.2972 0.8300
          11.4659 0.6300
          11.5848 0.6400
          11.6997 0.8000
          12.0109 0.6700
          12.2545 0.6500
          12.6187 0.7200
          13.4744 0.7600
          13.6544 0.4000
          14.0992 0.4100
          14.5459 0.4157
          14.7279 0.6600
          15.9589 1.0000
          16.4451 1.0000
          16.7471 0.6900
          17.2933 0.5037
          17.5974 0.5037
          17.9408 0.7600
          18.4302 0.8391
          18.6723 0.4500
          19.0364 0.5600
          19.3384 0.3500
          19.8641 0.3500
          20.5303 0.5000
          21.1255 0.5000
          23.4496 0.5000
          23.8116 0.7400
          24.6617 0.9821
          24.8893 0.9821
          25.1313 0.6200
          25.4562 0.7700
          25.7514 0.7700
          25.8608 0.5400
          26.2636 0.5100
          26.6520 0.5000
          27.0137 0.5700
          27.4218 0.7800
          27.7180 0.8300
          27.8770 0.8300
          28.1770 0.8100
          28.3942 0.7500
          29.1090 0.7200
          29.4111 0.8200
          29.9366 0.9100
          30.1788 0.8100
          30.3215 0.4700
          30.7642 0.5000
          31.1428 0.5000
          31.3442 0.5700
          31.7418 0.4000
          32.3745 0.4000
          32.4759 0.4000
          32.6787 0.6700
          33.1421 0.7800
          33.3728 0.7300
          33.5742 0.5400
          33.8116 0.4900
          34.0537 0.6400
          34.4385 0.6400
          34.5916 0.4900
          34.8626 0.3600
        }
        "head_tilt"         range 15.0 -15.0        
        {
          0.5441 0.5000
          0.6144 0.5000
          0.8813 0.5500
          1.0634 0.5600
          1.5356 0.5600
          1.6530 0.5800
          1.9530 0.3200
          2.4448 0.3900
          2.8990 0.3900
          3.0681 0.5900
          3.8170 0.8400
          4.0508 0.8773
          4.3135 0.7100
          4.3735 0.7100
          4.5763 0.7100
          4.8788 0.7100
          5.0401 0.7100
          5.4642 0.7100
          6.5696 0.7073
          7.1034 0.5000
          7.1522 0.5073
          7.3186 0.6600
          7.4302 0.6700
          7.5701 0.6900
          7.7736 0.6900
          8.3032 0.5000
          8.3301 0.5000
          9.2548 0.5000
          9.3003 0.5000
          9.4617 0.7000
          9.8589 0.7000
          10.9195 0.7000
          11.1225 0.7000
          11.4659 0.7900
          11.6997 0.7900
          12.0109 0.7900
          12.2545 0.8600
          12.6187 0.7200
          13.4744 0.3500
          13.6544 0.2200
          14.0992 0.2200
          14.5459 0.2227
          14.7279 0.4000
          15.9589 0.9420
          16.4451 0.9420
          16.7471 0.9000
          17.2933 0.8714
          17.5974 0.8714
          17.9408 0.5200
          18.4302 0.4095
          18.6723 0.2100
          19.0364 0.3600
          19.3384 0.7000
          19.8641 0.7000
          20.5303 0.7000
          21.1255 0.6600
          23.4372 0.3800
          23.4496 0.3804
          23.8116 0.6100
          24.6617 0.8457
          24.8893 0.8457
          25.1313 0.8457
          25.4562 0.7400
          25.7174 0.7400
          25.8188 0.7400
          26.2636 0.7400
          27.4724 0.7400
          28.2276 0.2700
          29.1090 0.6959
          29.4111 0.7600
          29.9366 0.4100
          30.1788 0.3100
          30.3215 0.2900
          30.7642 0.3600
          31.1428 0.3600
          31.3442 0.3600
          31.5470 0.5400
          32.0518 0.5400
          32.3745 0.5400
          32.6787 0.6800
          32.9406 0.6600
          33.3440 0.5000
          33.6716 0.3000
          34.4385 0.3100
          34.5916 0.2700
          34.8626 0.2400
        }
        "head_forwardback"         range 0.2 -0.2        
        {
          0.5441 0.5000
          0.6144 0.5000
          0.8813 0.5900
          1.0634 0.5900
          1.5356 0.5900
          1.6530 0.6100
          1.9530 0.3900
          2.4448 0.3900
          2.8990 0.3900
          3.0681 0.5700
          3.8170 0.7000
          4.0508 0.7193
          4.3135 0.4300
          4.3735 0.4300
          4.5763 0.4300
          4.8788 0.4300
          5.0401 0.3400
          5.4642 0.4700
          6.5696 0.5021
          7.1522 0.4900
          7.3186 0.5900
          7.4302 0.6000
          7.5701 0.6000
          7.7736 0.6000
          8.3032 0.5000
          8.3301 0.5000
          9.2548 0.4900
          9.3003 0.5000
          9.4617 0.5700
          9.8589 0.5700
          10.9195 0.5700
          11.1225 0.3200
          11.4659 0.3200
          11.6997 0.3200
          12.0109 0.3200
          12.2545 0.3900
          12.6187 0.4400
          13.4744 0.6600
          13.6544 0.4100
          14.0992 0.4400
          14.5459 0.4551
          14.7279 0.5900
          15.9589 0.9975
          16.4451 0.9975
          16.7471 0.5400
          17.2933 0.2672
          17.5974 0.2672
          17.9408 0.5600
          18.4302 0.6516
          18.6723 0.7700
          19.0364 0.5600
          19.3384 0.4100
          19.8641 0.4100
          20.5303 0.5200
          21.1255 0.5000
          23.4496 0.4708
          23.8116 0.6000
          24.6617 0.7313
          24.8893 0.7313
          25.1313 0.2400
          25.4562 0.5700
          25.7174 0.5700
          25.8188 0.4700
          26.2636 0.6000
          27.8356 0.6500
          28.0011 0.5000
          28.3218 0.5500
          29.1090 0.5696
          29.4111 0.6400
          29.9366 0.6700
          30.1788 0.6700
          30.3215 0.6800
          30.7642 0.5700
          31.1428 0.5700
          31.3442 0.4400
          31.5470 0.4400
          32.0518 0.4400
          32.3745 0.4400
          32.6787 0.6900
          33.1421 0.6900
          33.4128 0.6200
          33.5742 0.6000
          33.8116 0.5500
          34.0537 0.5500
          34.4385 0.5500
          34.5916 0.5500
          34.8626 0.4300
        }
        "blink"        
        {
          5.5549 0.0500
          5.6997 0.7600
          5.8445 0.3000
          5.9893 0.2800
          6.2997 0.2700
          6.4548 0.2900
          6.6203 0.7700
          6.8065 0.0400
          8.2858 0.0500
          8.3375 0.7100
          8.4926 0.0400
          19.8838 0.0000
          20.0907 0.7900
          20.3493 0.3100
          20.4527 0.3100
          20.7320 0.3100
          20.8251 0.3100
          20.9492 0.7900
          21.1147 0.0000
          26.2383 0.0000
          26.3934 0.0000
          26.5383 0.0000
          26.6817 0.0000
          26.9624 0.7400
          27.5417 0.1200
          27.9182 0.0800
          28.1416 0.4200
          28.2347 0.4300
          29.0416 0.4500
          29.1657 0.4400
          29.4164 0.0000
          29.5716 0.0000
        }
        "eyes_updown"         range 30.0 -30.0        
        {
          0.4758 0.5000
          5.3687 0.5000
          5.5445 0.5000
          5.7721 0.3500
          5.8962 0.3500
          6.3100 0.3500
          6.4341 0.3500
          6.6514 0.5000
          6.7755 0.5000
          19.7100 0.5000
          19.9169 0.5000
          20.2407 0.2600
          20.3338 0.2500
          20.7320 0.2300
          20.8561 0.2500
          21.2802 0.5000
          21.4044 0.5000
          26.4383 0.5000
          26.5934 0.5000
          26.7383 0.8500
          26.8417 0.8500
          27.6996 0.8600
          27.7823 0.8500
          28.0447 0.6000
          28.1171 0.6000
          28.5864 0.5900
          28.7416 0.5900
          29.0312 0.5000
          29.1864 0.5000
        }
        "eyes_rightleft"         range 30.0 -30.0        
        {
          0.4758 0.5000
          5.3687 0.5000
          5.5445 0.5000
          5.7721 0.7000
          5.8962 0.7000
          6.3100 0.7000
          6.4341 0.7000
          6.6514 0.5000
          6.7755 0.5000
          19.7400 0.5000
          19.9469 0.5000
          20.2707 0.7300
          20.4620 0.7400
          20.7423 0.7300
          20.8561 0.7300
          21.2802 0.5000
          21.4044 0.5000
          26.4383 0.5000
          26.5934 0.5000
          26.7583 0.5600
          26.8617 0.5600
          27.6134 0.5900
          27.6961 0.5900
          27.8130 0.6600
          27.8958 0.6600
          28.5864 0.6500
          28.7416 0.6500
          29.0312 0.5000
          29.1864 0.5000
        }
        "lid_tightener"         combo        
        {
          0.4758 0.2800
          0.7138 0.2800
          0.8793 0.0000
          1.6034 0.0000
          1.8723 0.2800
          2.2344 0.0000
          2.7826 0.0000
          2.9585 0.3000
          3.4653 0.3000
          4.7377 0.2000
          4.9756 0.0000
          20.0508 0.0000
          20.1852 0.0600
          20.8990 0.0600
          21.2817 0.0000
          25.5076 0.0000
          25.6317 0.5600
          26.1386 0.0000
          31.1870 0.0000
          31.3318 0.3100
          31.8697 0.0000
        }
        {
          0.4758 0.5000
          0.7138 0.5000
          0.8793 0.5000
          1.6034 0.5000
          1.8723 0.5000
          2.2344 0.5000
          2.7826 0.5000
          2.9585 0.5000
          3.4653 0.5000
          4.7377 0.5000
          4.9756 0.5000
          20.0508 0.5000
          20.1852 0.5000
          20.8990 0.5000
          21.2817 0.5000
          25.5076 0.5000
          25.6317 0.5000
          26.1386 0.5000
          31.1870 0.5000
          31.3318 0.5000
          31.8697 0.5000
        }
        "cheek_raiser"         combo        
        {
          0.4758 0.3600
          0.7138 0.3600
          0.8793 0.0000
          1.6034 0.0000
          1.8723 0.3200
          2.2344 0.0100
          2.7826 0.0100
          2.9585 0.2200
          3.4653 0.2200
          4.7377 0.1700
          4.9756 0.0000
          20.0508 0.0000
          20.1852 0.2600
          20.8990 0.4300
          21.2817 0.0000
          25.5076 0.0000
          25.6317 0.0000
          26.1386 0.0000
          31.1870 0.0000
          31.3318 0.0000
          31.8697 0.0000
        }
        {
          0.4758 0.5000
          0.7138 0.5000
          0.8793 0.5000
          1.6034 0.5000
          1.8723 0.5000
          2.2344 0.5000
          2.7826 0.5000
          2.9585 0.5000
          3.4653 0.5000
          4.7377 0.5000
          4.9756 0.5000
          20.0508 0.5000
          20.1852 0.5000
          20.8990 0.5000
          21.2817 0.5000
          25.5076 0.5000
          25.6317 0.5000
          26.1386 0.5000
          31.1870 0.5000
          31.3318 0.5000
          31.8697 0.5000
        }
        "wrinkler"        
        {
          0.4758 0.0000
          0.7138 0.0000
          0.8793 0.0000
          1.6034 0.0000
          1.8723 0.3300
          2.2344 0.0000
          2.7826 0.0000
          2.9585 0.2000
          3.4653 0.2000
          4.7377 0.2000
          4.9756 0.0000
          20.0508 0.0000
          20.1852 0.1700
          20.8990 0.2100
          21.2817 0.0000
          25.5076 0.0000
          25.6317 0.0000
          26.1386 0.0000
          31.1870 0.0000
          31.3318 0.0000
          31.8697 0.0000
        }
      }
    }
  }
  channel "facwe"
  {
    event flexanimation "face"
    {
      time 0.000001 38.500000
      param ""
      flexanimations samples_use_time
      {
        "inner_raiser"         combo        
        {
          0.6310 0.0000
          0.9517 0.8300
          1.5827 0.8300
          1.7585 1.0000
          2.4309 1.0000
          2.8550 1.0000
          3.0102 1.0000
          4.3653 1.0000
          4.8308 1.0000
          5.2549 1.0000
          5.5031 1.0000
          6.0824 1.0000
          6.9720 1.0000
          7.2203 1.0000
          7.8820 1.0000
          8.2547 1.0000
          8.8961 1.0000
          9.1857 1.0000
          9.3512 1.0000
          10.1063 0.9900
          10.5878 0.9700
          10.9479 0.9600
          11.4341 0.9600
          11.6946 0.6100
          12.8823 0.6200
          13.1098 0.6600
          13.3891 1.0000
          13.8650 1.0000
          14.6945 0.7800
          14.9944 0.9900
          16.1677 1.0000
          16.5711 1.0000
          17.2849 1.0000
          17.8849 1.0000
          18.3503 1.0000
          18.6503 1.0000
          19.0641 1.0000
          19.3434 1.0000
          20.0261 1.0000
          20.4502 1.0000
          21.1950 1.0000
          21.5674 1.0000
          22.8087 0.7100
          23.4087 0.7100
          23.5742 0.7100
          24.6707 0.6700
          24.7844 0.7100
          24.9706 1.0000
          25.5434 1.0000
          25.7982 1.0000
          26.0361 1.0000
          26.6981 0.7500
          27.0188 1.0000
          27.7429 1.0000
          28.0015 1.0000
          29.0482 1.0000
          29.9848 1.0000
          30.3262 1.0000
          30.7710 0.8000
          31.1330 0.8000
          31.4330 1.0000
          31.8158 1.0000
          32.4881 1.0000
          32.6330 1.0000
          33.4112 1.0000
          33.5536 0.8300
          33.9363 0.8100
          34.0605 0.7800
          34.3604 0.7000
          34.6190 1.0000
          35.2604 1.0000
          36.0648 0.9600
        }
        {
          0.6310 0.5000
          0.9517 0.5000
          1.5827 0.5000
          1.7585 0.5000
          2.4309 0.5000
          2.8550 0.5000
          3.0102 0.5000
          4.3653 0.5000
          4.8308 0.5000
          5.2549 0.5000
          5.5031 0.5000
          6.0824 0.5000
          6.9720 0.5000
          7.2203 0.5000
          7.8820 0.5000
          8.2547 0.5000
          8.8961 0.5000
          9.1857 0.5000
          9.3512 0.5000
          10.9479 0.5000
          11.4341 0.5000
          13.1098 0.5000
          13.3891 0.5000
          13.8650 0.5000
          16.1677 0.5000
          16.5711 0.5000
          17.2849 0.5000
          17.8849 0.5000
          18.3503 0.5000
          18.6503 0.5000
          19.0641 0.5000
          19.3434 0.5000
          20.0261 0.5000
          20.4502 0.5000
          21.1950 0.5000
          21.5674 0.5000
          22.8087 0.5000
          23.4087 0.5000
          23.5742 0.5000
          24.7844 0.5000
          24.9706 0.5000
          25.5434 0.5000
          25.7982 0.5000
          26.0361 0.5000
          26.6981 0.5000
          27.0188 0.5000
          27.7429 0.5000
          28.0015 0.5000
          29.0482 0.5000
          29.9848 0.5000
          30.3262 0.5000
          30.7710 0.5000
          31.1330 0.5000
          31.4330 0.5000
          31.8158 0.5000
          32.4881 0.5000
          32.6330 0.5000
          33.4112 0.5000
          33.5536 0.5000
          33.9363 0.5000
          34.0605 0.5000
          34.3604 0.5000
          34.6190 0.5000
          35.2604 0.5000
        }
        "outer_raiser"         combo        
        {
          0.6310 0.0000
          0.9517 0.4400
          1.5827 0.4400
          1.7585 0.0000
          2.4309 0.0000
          2.8550 0.0000
          3.0102 0.3600
          4.3653 0.3600
          4.8308 0.5600
          5.2549 0.8500
          5.5031 0.3600
          6.0824 0.3600
          6.9720 0.3600
          7.2203 0.3800
          7.8820 0.4400
          8.2547 0.8100
          8.6261 0.2300
          9.1857 0.2300
          9.3512 0.2300
          10.6085 0.0800
          10.9479 0.7000
          11.4341 0.7000
          11.6767 0.3400
          11.8808 0.3000
          12.9773 0.3100
          13.1098 0.3600
          13.3891 0.7400
          13.6600 0.0800
          13.8650 0.0900
          14.7565 0.0900
          15.0358 0.5800
          16.1677 0.0900
          16.5711 0.0900
          17.2849 0.0900
          17.8849 0.0900
          18.3503 0.0900
          18.6503 0.3500
          19.0641 0.5500
          19.3434 0.3500
          20.0261 0.3500
          20.4502 0.0600
          21.1950 0.0600
          21.5674 0.5700
          22.8087 0.4400
          23.4087 0.4400
          23.5742 0.4400
          24.7844 0.4400
          24.9706 0.4400
          25.5434 0.4400
          25.7982 0.0000
          26.0361 0.0000
          26.6981 0.0000
          27.0188 0.6500
          27.7429 0.6500
          28.0015 0.0000
          29.0482 0.0000
          29.9848 0.0000
          30.3262 0.3000
          30.7710 0.2800
          31.1330 0.2800
          31.4330 0.2800
          31.8158 0.2800
          32.4881 0.0100
          32.6330 0.7600
          33.4112 0.7600
          33.5536 0.0000
          33.9363 0.0000
          34.0605 0.0000
          34.3604 0.0000
          34.6190 0.7900
          35.2604 0.4100
        }
        {
          0.6310 0.5000
          0.9517 0.5000
          1.5827 0.5000
          1.7585 0.5000
          2.4309 0.5000
          2.8550 0.5000
          3.0102 0.5000
          4.3653 0.5000
          4.8308 0.5000
          5.2549 0.5000
          5.5031 0.5000
          6.0824 0.5000
          6.9720 0.5000
          7.2203 0.5000
          7.8820 0.5000
          8.2547 0.5000
          8.8961 0.5000
          9.1857 0.5000
          9.3512 0.5000
          10.9479 0.5000
          11.4341 0.5000
          13.1098 0.5000
          13.3891 0.5000
          13.8650 0.5000
          16.1677 0.5000
          16.5711 0.5000
          17.2849 0.5000
          17.8849 0.5000
          18.3503 0.5000
          18.6503 0.5000
          19.0641 0.5000
          19.3434 0.5000
          20.0261 0.5000
          20.4502 0.5000
          21.1950 0.5000
          21.5674 0.5000
          22.8087 0.5000
          23.4087 0.5000
          23.5742 0.5000
          24.7844 0.5000
          24.9706 0.5000
          25.5434 0.5000
          25.7982 0.5000
          26.0361 0.5000
          26.6981 0.5000
          27.0188 0.5000
          27.7429 0.5000
          28.0015 0.5000
          29.0482 0.5000
          29.9848 0.5000
          30.3262 0.5000
          30.7710 0.5000
          31.1330 0.5000
          31.4330 0.5000
          31.8158 0.5000
          32.4881 0.5000
          32.6330 0.5000
          33.4112 0.5000
          33.5536 0.5000
          33.9363 0.5000
          34.0605 0.5000
          34.3604 0.5000
          34.6190 0.5000
          35.2604 0.5000
        }
        "lowerer"         combo        
        {
          0.6310 0.4800
          0.9517 0.0000
          1.5827 0.0000
          1.7585 0.6500
          2.4309 0.3900
          2.8550 0.3900
          3.0102 0.6500
          4.3653 0.6500
          4.7408 0.9200
          5.0549 0.0000
          5.5031 0.3500
          6.0824 0.3500
          6.9720 0.4600
          7.3403 0.8200
          7.8820 0.8600
          8.2547 0.1300
          8.8961 0.1300
          9.1857 0.1300
          9.3512 0.5200
          9.6497 0.3900
          9.7960 0.1700
          9.9822 0.1300
          10.5464 0.3300
          10.9479 0.0000
          11.4341 0.1900
          11.7058 0.6700
          12.9030 0.6900
          13.1098 0.5900
          13.3891 0.0000
          13.8650 0.0000
          16.1677 0.0000
          16.5711 0.7900
          17.2849 0.4100
          17.8849 0.4400
          18.3503 0.4400
          18.6503 0.0000
          19.0641 0.1500
          19.3434 0.5700
          19.5108 0.5300
          19.6951 0.1300
          20.0261 0.0800
          20.4502 0.5600
          20.7072 0.6200
          20.8831 0.6300
          21.1950 0.5500
          21.5674 0.0000
          22.8087 0.0000
          23.4087 0.0000
          23.6586 0.6400
          23.7726 0.7100
          23.9485 0.7600
          24.7017 0.6900
          24.7844 0.6400
          24.9706 0.0000
          25.5434 0.0000
          25.7982 0.6000
          26.0361 0.2800
          26.1706 0.2400
          26.5223 0.4000
          26.6981 0.4400
          27.0188 0.0000
          27.7429 0.0000
          28.0015 0.5600
          29.0482 0.6500
          29.9848 0.6500
          30.3262 0.0000
          30.7710 0.0000
          31.1330 0.0000
          31.4330 0.6800
          31.8158 0.4100
          32.3499 0.3900
          32.4881 0.3300
          32.6330 0.0000
          33.4112 0.0000
          33.5536 0.5600
          33.6649 0.6500
          33.8408 0.6200
          33.9363 0.5600
          34.0605 0.2600
          34.1925 0.2300
          34.3604 0.2600
          34.6190 0.0000
          35.2604 0.0000
        }
        {
          0.6310 0.5000
          0.9517 0.5000
          1.5827 0.5000
          1.7585 0.5000
          2.4309 0.5000
          2.8550 0.5000
          3.0102 0.5000
          4.3653 0.5000
          4.8308 0.5000
          5.2549 0.5000
          5.5031 0.5000
          6.0824 0.5000
          6.9720 0.5000
          7.2203 0.5000
          7.8820 0.5000
          8.2547 0.5000
          8.8961 0.5000
          9.1857 0.5000
          9.3512 0.5000
          10.9479 0.5000
          11.4341 0.5000
          13.1098 0.5000
          13.3891 0.5000
          13.8650 0.5000
          16.1677 0.5000
          16.5711 0.5000
          17.2849 0.5000
          17.8849 0.5000
          18.3503 0.5000
          18.6503 0.5000
          19.0641 0.5000
          19.3434 0.5000
          20.0261 0.5000
          20.4502 0.5000
          21.1950 0.5000
          21.5674 0.5000
          22.8087 0.5000
          23.4087 0.5000
          23.5742 0.5000
          24.7844 0.5000
          24.9706 0.5000
          25.5434 0.5000
          25.7982 0.5000
          26.0361 0.5000
          26.6981 0.5000
          27.0188 0.5000
          27.7429 0.5000
          28.0015 0.5000
          29.0482 0.5000
          29.9848 0.5000
          30.3262 0.5000
          30.7710 0.5000
          31.1330 0.5000
          31.4330 0.5000
          31.8158 0.5000
          32.4881 0.5000
          32.6330 0.5000
          33.4112 0.5000
          33.5536 0.5000
          33.9363 0.5000
          34.0605 0.5000
          34.3604 0.5000
          34.6190 0.5000
          35.2604 0.5000
        }
        "upper_raiser"         combo        
        {
          2.8550 0.4600
          4.7894 0.4600
          5.0583 0.6500
          5.0583 0.6500
          5.9583 0.8100
          5.9583 0.8100
          7.0548 0.0000
          8.5444 0.0000
          9.0512 0.0000
          9.3409 0.0000
          9.9408 0.0000
          10.9089 0.0000
          11.4572 0.0000
          12.7088 0.0000
          13.1536 0.0000
          13.8674 0.0000
          14.6711 0.0000
          16.0469 0.0000
          16.7297 0.0000
          18.4167 0.0000
          19.1822 0.0000
          19.4408 0.0000
          20.3925 0.0000
          21.1023 0.0000
          25.7676 0.0000
          26.1147 0.0300
          26.5124 0.4000
          26.6319 0.6900
          27.7330 0.4000
          28.1881 0.6300
          28.9640 0.6300
          29.3397 0.0000
          30.0949 0.0000
          31.1396 0.0000
          31.7086 0.0000
          32.3913 0.0000
          32.5568 0.0000
          35.2670 0.0000
        }
        {
          2.8550 0.2000
          4.7894 0.2000
          5.0583 0.2000
          5.0583 0.2000
          5.9583 0.3000
          5.9583 0.3000
          7.0548 0.3000
          8.5444 0.3000
          9.0512 0.3000
          9.3409 0.3000
          9.9408 0.3000
          10.9089 0.3000
          11.4572 0.3000
          12.7088 0.3000
          13.1536 0.3000
          13.8674 0.3000
          14.6711 0.3000
          16.0469 0.3000
          16.7297 0.3000
          18.4167 0.3000
          19.1822 0.3000
          19.4408 0.3000
          20.3925 0.3000
          21.1023 0.3000
          25.7676 0.3000
          26.5124 0.3000
          27.7330 0.3000
          28.1881 0.1900
          28.9640 0.1900
          29.3397 0.1900
          30.0949 0.1900
          31.1396 0.1900
          31.7086 0.1900
          32.3913 0.1900
          32.5568 0.1900
          35.2670 0.1900
        }
        "corner_puller"         combo        
        {
          2.8550 0.0000
          4.7894 0.0000
          5.0583 0.2800
          5.0583 0.2800
          5.9583 0.0000
          5.9583 0.0000
          7.0548 0.0000
          8.5444 0.0000
          9.0512 0.0000
          9.3409 0.3400
          9.9408 0.3400
          10.9089 0.3400
          11.4572 0.6100
          12.7088 0.6100
          13.1536 0.3600
          13.8674 0.9100
          14.6711 0.9100
          16.0469 0.5600
          16.7297 0.0000
          18.4167 0.3500
          19.1822 0.3500
          19.4408 1.0000
          20.3925 0.5100
          21.1023 0.2000
          25.7676 0.2000
          26.1268 0.8800
          26.5124 0.4800
          26.6637 0.0100
          27.7330 0.0000
          28.1881 0.0000
          28.9640 0.0000
          29.3397 0.0000
          30.0949 0.4000
          31.1396 0.3900
          31.7086 0.7900
          32.3913 0.6100
          32.5568 0.6900
          35.2670 0.6900
        }
        {
          2.8550 0.5000
          4.7894 0.5000
          5.0583 0.0000
          5.0583 0.0000
          5.9583 0.4800
          5.9583 0.4800
          7.0548 0.4800
          8.5444 0.4800
          9.0512 0.4800
          9.3409 0.4800
          9.9408 0.4800
          10.9089 0.4800
          11.4572 0.2600
          12.7088 0.2600
          13.1536 0.2600
          13.8674 0.2600
          14.6711 0.2600
          16.0469 0.3100
          16.7297 0.3100
          18.4167 0.3100
          19.1822 0.3100
          19.4408 0.3100
          20.3925 0.3100
          21.1023 0.3100
          25.6494 0.3000
          25.7676 0.3100
          26.1109 0.1100
          26.5124 0.1400
          27.7330 0.3100
          28.1881 0.3100
          28.9640 0.3100
          29.3397 0.3100
          30.0949 0.3100
          31.1396 0.3100
          31.7086 0.3100
          32.3913 0.3100
          32.5568 0.3100
          35.2670 0.3300
        }
        "corner_depressor"         combo        
        {
          2.8550 0.0000
          4.7894 0.0000
          5.0583 0.0000
          5.0583 0.0000
          5.9583 0.0000
          5.9583 0.0000
          7.0548 0.0000
          8.5444 0.2000
          9.0512 0.2000
          9.3409 0.0000
          9.9408 0.0000
          10.9089 0.0000
          11.4572 0.0000
          12.7088 0.0000
          13.1536 0.0000
          13.8674 0.0000
          14.6711 0.0000
          16.0469 0.0000
          16.7297 0.0000
          18.4167 0.0000
          19.1822 0.0000
          19.4408 0.0000
          20.3925 0.0000
          21.1023 0.0000
          25.7676 0.0000
          26.1624 0.0200
          26.5124 0.3500
          27.7330 0.3500
          28.1881 0.0000
          28.9640 0.0000
          29.3397 0.0000
          30.0949 0.0000
          31.1396 0.0000
          31.7086 0.0000
          32.3913 0.0000
          32.5568 0.0000
          35.2670 0.0000
        }
        {
          2.8550 0.5000
          4.7894 0.5000
          5.0583 0.5000
          5.0583 0.5000
          5.9583 0.5000
          5.9583 0.5000
          7.0548 0.5000
          8.5444 0.5000
          9.0512 0.5000
          9.3409 0.5000
          9.9408 0.5000
          10.9089 0.5000
          11.4572 0.5000
          12.7088 0.5000
          13.1536 0.5000
          13.8674 0.5000
          14.6711 0.5000
          16.0469 0.5000
          16.7297 0.5000
          18.4167 0.5000
          19.1822 0.5000
          19.4408 0.5000
          20.3925 0.5000
          21.1023 0.5000
          25.7676 0.5000
          26.5124 0.5000
          27.7330 0.5000
          28.1881 0.5000
          28.9640 0.5000
          29.3397 0.5000
          30.0949 0.5000
          31.1396 0.5000
          31.7086 0.5000
          32.3913 0.5000
          32.5568 0.5000
          35.2670 0.5000
        }
        "chin_raiser"        
        {
          2.8550 0.0000
          4.7894 0.0000
          5.0583 0.0000
          5.0583 0.0000
          7.0548 0.0000
          8.5444 0.0000
          9.0512 0.0000
          9.3409 0.0000
          9.9408 0.0000
          10.9089 0.0000
          11.4572 0.0000
          12.7088 0.0000
          13.1536 0.0000
          13.8674 0.0000
          14.6711 0.0000
          16.0469 0.0000
          16.7297 0.0000
          18.4167 0.0000
          19.1822 0.0000
          19.4408 0.0000
          20.3925 0.0000
          21.1023 0.0000
          25.7676 0.0000
          26.1147 0.0283
          26.5124 0.5900
          27.7330 0.5900
          28.1881 0.6300
          28.9640 0.6300
          29.3397 0.0000
          30.0949 0.0000
          31.1396 0.0000
          31.7086 0.0000
          32.3913 0.0000
          32.5568 0.0000
          35.2670 0.0000
        }
        "part"         combo        
        {
          5.0583 0.0000
          5.0583 0.0000
          5.9583 0.0000
          5.9583 0.0000
          7.0548 0.0000
          8.5444 0.0000
          9.0512 0.0000
          9.3409 0.0000
          9.9408 0.0000
          10.9089 0.0000
          11.4572 0.0000
          12.7088 0.0000
          13.1536 0.0000
          13.8674 0.0000
          14.6711 0.0000
          16.0469 0.0000
          16.7297 0.0000
          18.4167 0.0000
          19.1822 0.0000
          19.4408 0.0000
          20.3925 0.0000
          21.1023 0.0000
          25.7676 0.0000
          26.3047 0.0000
          26.7353 0.8500
          27.2366 0.1100
          27.7330 0.0000
          28.1881 0.0000
          28.9640 0.0000
          29.3397 0.0000
          30.0949 0.0000
          31.1396 0.0000
          31.7086 0.0000
          32.3913 0.0000
          32.5568 0.0000
          35.2670 0.0000
        }
        {
          5.0583 0.4900
          5.0583 0.4900
          5.9583 0.4900
          5.9583 0.4900
          7.0548 0.4900
          8.5444 0.4900
          9.0512 0.4900
          9.3409 0.4900
          9.9408 0.4900
          10.9089 0.4900
          11.4572 0.4900
          12.7088 0.4900
          13.1536 0.4900
          13.8674 0.4900
          14.6711 0.4900
          16.0469 0.4900
          16.7297 0.4900
          18.4167 0.4900
          19.1822 0.4900
          19.4408 0.4900
          20.3925 0.4900
          21.1023 0.4900
          25.7676 0.4900
          26.5124 0.4900
          27.7330 0.4900
          28.1881 0.4900
          28.9640 0.4900
          29.3397 0.4900
          30.0949 0.4900
          31.1396 0.4900
          31.7086 0.4900
          32.3913 0.4900
          32.5568 0.4900
          35.2670 0.4900
        }
        "jaw_drop"        
        {
          26.7330 0.0000
          26.9399 0.2900
          27.2191 0.7300
          27.8295 0.0000
        }
        "mouth_drop"         combo        
        {
          26.7330 0.0000
          26.9399 0.4300
          27.2191 0.5400
          27.8295 0.0000
        }
        {
          26.7330 0.5000
          26.9399 0.5000
          27.2191 0.5000
          27.8295 0.5000
        }
        "smile"        
        {
          13.4283 0.0200
          13.9766 0.4600
          15.5696 0.0500
          18.8021 0.0500
          19.3814 0.2900
          20.6538 0.3800
          21.2020 0.0800
          25.9738 0.0600
          26.2530 0.5300
          26.6358 0.4500
          27.0620 0.0500
          28.9363 0.0000
          29.1937 0.0300
          29.5756 0.4500
          30.1406 0.3000
          30.5782 0.0900
          31.4681 0.0300
          31.7148 0.1500
          31.9157 0.4600
          32.0092 0.6600
          32.4947 0.7300
          32.8257 0.6100
          33.5291 0.4400
          33.7692 0.2300
          34.3774 0.1600
          34.9389 0.1700
          35.1429 0.1400
        }
      }
    }
  }
}

actor "Mossman"
{
  channel "Audio"
  {
    event speak "citadel.mo_necessary"
    {
      time 5.473685 7.113957
      param "citadel.mo_necessary"
      fixedlength
      cctype "cc_master"
      cctoken ""
    }
  }
  channel "look at"
  {
    event lookat "breen"
    {
      time 3.744530 16.871437
      param "breen"
      event_ramp
      {
        0.5750 0.1595
        0.8167 0.2470
        1.0917 0.3457
        1.4417 0.3800
        1.9500 0.3800
        2.6167 0.3843
        9.3700 0.3843
        11.6366 0.4015
        12.5200 0.4015
        12.9200 0.4015
        13.1269 0.4015
      }
    }
    event lookat "Eli"
    {
      time 0.002595 2.935953
      param "Eli"
      event_ramp
      {
        0.4250 0.6481
        0.6667 0.8455
        0.9417 0.9442
        1.2917 0.9785
        2.9334 0.9828
        2.9334 0.9828
      }
    }
    event lookat "!player"
    {
      time 1.809047 5.021975
      param "!player"
      event_ramp
      {
        0.4250 0.6481
        0.6667 0.8455
        0.9417 0.9442
        1.2917 0.9785
        3.2129 0.9828
        3.2129 0.9828
      }
    }
    event lookat "!player"
    {
      time 15.809046 19.021973
      param "!player"
      event_ramp
      {
        0.4250 0.6481
        0.6667 0.8455
        0.9417 0.9442
        1.2917 0.9785
        3.2129 0.9828
        3.2129 0.9828
      }
    }
    event lookat "Breen"
    {
      time 18.088617 21.301542
      param "Breen"
      event_ramp
      {
        0.4250 0.6481
        0.6667 0.8455
        0.9417 0.9442
        1.2917 0.9785
        3.2129 0.9828
        3.2129 0.9828
      }
    }
    event lookat "eli"
    {
      time 20.127066 23.602617
      param "eli"
      event_ramp
      {
        0.2094 0.0455
        0.3000 0.1326
        0.4625 0.4508
        0.5844 0.6481
        0.8011 0.8455
        1.0761 0.9442
        1.4261 0.9785
        3.4755 0.9828
        3.4755 0.9828
      }
    }
    event lookat "Breen"
    {
      time 22.604746 27.624123
      param "Breen"
      event_ramp
      {
        0.4250 0.6481
        0.6667 0.8455
        0.9417 0.9442
        1.2917 0.9785
        5.0194 0.9828
        5.0194 0.9828
      }
    }
    event lookat "!self"
    {
      time 26.607008 35.059319
      param "!self"
      event_ramp
      {
        0.4250 0.6481
        0.6667 0.8455
        0.9417 0.9442
        1.2917 0.9785
        8.4523 0.9828
        8.4523 0.9828
      }
    }
    event lookat "Breen"
    {
      time 33.938080 38.557461
      param "Breen"
      event_ramp
      {
        0.4250 0.6481
        0.6667 0.8455
        0.9417 0.9442
        1.2917 0.9785
        4.6194 0.9828
        4.6194 0.9828
      }
    }
    active "0"
  }
  channel "Face To"
  {
    event face "breen"
    {
      time 4.766770 18.615358
      param "breen"
      event_ramp
      {
        0.6667 0.7682
        1.0000 0.9270
        1.4667 0.9871
        2.3667 1.0000
        3.4750 1.0000
        11.2294 1.0000
        12.3878 1.0000
        13.8486 1.0000
      }
    }
    event face "Mark_moss_4b"
    {
      time 26.035086 35.026318
      param "Mark_moss_4b"
      event_ramp
      {
        0.2667 0.4583
        0.4833 0.6439
        0.7083 0.7348
        1.1083 0.7576
        1.6667 0.7500
        7.3825 0.7462
        7.8491 0.7348
        8.3075 0.7083
        8.4325 0.6705
        8.5741 0.5947
      }
    }
  }
  channel "move to"
  {
    event moveto "Mark_moss_3"
    {
      time 4.245615 6.912698
      param "Mark_moss_3"
      param2 "walk_all_moderate"
    }
  }
  channel "Trigger"
  {
    event firetrigger "emp get 8"
    {
      time 35.313129 -1.000000
      param "8"
    }
  }
  channel "TEMP"
  {
  }
  channel "posture"
  {
    event gesture "NULL"
    {
      time 0.000000 4.065601
      param ""
    }
  }
  channel "body"
  {
    event gesture "NULL"
    {
      time 0.000000 1.579365
      param ""
    }
    event gesture "M_bg_acctdwn_chinout"
    {
      time 5.238095 9.196950
      param "M_bg_acctdwn_chinout"
      event_ramp
      {
        0.0000 0.9886
        3.9374 0.9962
      }
      absolutetags playback_time
      {
        "apex" 0.181665
        "extreme" 0.267103
        "loop" 0.395259
        "end" 0.821209
      }
      absolutetags shifted_time
      {
        "apex" 0.147059
        "extreme" 0.294118
        "loop" 0.514706
        "end" 0.588235
      }
      sequenceduration 2.300000
    }
    event gesture "M_headdroop"
    {
      time 7.354840 18.315451
      param "M_headdroop"
      event_ramp
      {
        0.0083 0.5871
        0.0500 0.5947
        2.0083 0.8068
        5.7868 0.7462
        5.8618 0.7424
      }
      absolutetags playback_time
      {
        "apex" 0.103489
        "extreme" 0.195438
        "hd1" 0.429032
        "loop" 0.612502
        "end" 0.903608
      }
      absolutetags shifted_time
      {
        "apex" 0.093750
        "extreme" 0.328125
        "hd1" 0.482958
        "loop" 0.773438
        "end" 0.781250
      }
      sequenceduration 4.300000
    }
    event gesture "M_g_hdclasp_low"
    {
      time 16.215055 28.224731
      param "M_g_hdclasp_low"
      absolutetags playback_time
      {
        "in" 0.086920
        "loop" 0.117762
        "end" 0.833333
        "out" 0.944444
      }
      absolutetags shifted_time
      {
        "in" 0.316327
        "loop" 0.428571
        "end" 0.551020
        "out" 0.653061
      }
      sequenceduration 3.300000
    }
    event gesture "NULL"
    {
      time 28.949497 30.358587
      param ""
    }
    event gesture "M_bg_accentup"
    {
      time 32.565662 36.219196
      param "M_bg_accentup"
      absolutetags playback_time
      {
        "apex" 0.227778
        "extreme" 0.381773
        "loop" 0.575546
        "end" 0.741637
      }
      absolutetags shifted_time
      {
        "apex" 0.136364
        "extreme" 0.238636
        "loop" 0.477273
        "end" 0.681818
      }
      sequenceduration 2.966667
    }
  }
  channel "headg"
  {
    event gesture "NULL"
    {
      time 0.000000 3.738095
      param ""
    }
    event gesture "M_bg_hshake"
    {
      time 4.984127 8.934665
      param "M_bg_hshake"
      absolutetags playback_time
      {
        "apex" 0.102341
        "extreme" 0.452005
        "loop" 0.511704
        "end" 0.733696
      }
      absolutetags shifted_time
      {
        "apex" 0.129032
        "extreme" 0.569892
        "loop" 0.645161
        "end" 0.698925
      }
      sequenceduration 3.133333
    }
    event gesture "NULL"
    {
      time 17.228071 17.728071
      param ""
    }
    event gesture "M_bg_hshake"
    {
      time 27.228069 30.361403
      param "M_bg_hshake"
      absolutetags playback_time
      {
        "apex" 0.129032
        "extreme" 0.569892
        "loop" 0.645161
        "end" 0.698925
      }
      absolutetags shifted_time
      {
        "apex" 0.129032
        "extreme" 0.569892
        "loop" 0.645161
        "end" 0.698925
      }
      sequenceduration 3.133333
    }
  }
  channel "gesture"
  {
    event gesture "NULL"
    {
      time 2.969697 7.035298
      param ""
    }
    event gesture "M_g_shrug"
    {
      time 4.784992 10.678235
      param "M_g_shrug"
      absolutetags playback_time
      {
        "apex" 0.147532
        "accent" 0.250501
        "loop" 0.359189
        "end" 0.726285
      }
      absolutetags shifted_time
      {
        "apex" 0.204545
        "accent" 0.409091
        "loop" 0.625000
        "end" 0.681818
      }
      sequenceduration 2.966667
    }
    event gesture "M_g_unholster_EMP"
    {
      time 34.580650 38.547318
      param "M_g_unholster_EMP"
      absolutetags playback_time
      {
        "in" 0.084746
        "loop" 0.677966
        "end" 0.762712
        "out" 0.932203
      }
      absolutetags shifted_time
      {
        "in" 0.084746
        "loop" 0.677966
        "end" 0.762712
        "out" 0.932203
      }
      sequenceduration 3.966667
    }
    event gesture "M_g_arms_crossed"
    {
      time 8.236560 14.972045
      param "M_g_arms_crossed"
      absolutetags playback_time
      {
        "in" 0.123021
        "loop" 0.228200
        "end" 0.718775
        "out" 0.868919
      }
      absolutetags shifted_time
      {
        "in" 0.180723
        "loop" 0.433735
        "end" 0.602410
        "out" 0.783133
      }
      sequenceduration 2.800000
    }
    event gesture "NULL"
    {
      time 17.859650 21.798246
      param ""
    }
    event gesture "M_g_rthd_to_face"
    {